X,Y,Z,STA,Zadcirc,HSadcirc,TWLadcirc,PERadcirc,TransHeading,PerHeading
-69.9879223400,43.7529396100,-28.7965153537,-467.00,-28.7965153537392,2.89410048384753,8.83085011138881,7.68191429866356,349.66164844236,0
-69.9879186700,43.7529389500,-28.7877958157,-466.00,-28.7877958157022,2.89228165803057,8.83085609188001,7.6706784250767,349.66164844236,0
-69.9879150000,43.7529382800,-28.7790509487,-465.00,-28.7790509487144,2.89045653434734,8.83086205402481,7.65941178054121,349.66164844236,0
-69.9879113300,43.7529376100,-28.7703060817,-464.00,-28.7703060817087,2.88863141065964,8.83086801616959,7.64814513598386,349.66164844236,0
-69.9879076600,43.7529369400,-28.7615612147,-463.00,-28.7615612147209,2.8868062869764,8.83087397831439,7.63687849144837,349.66164844236,0
-69.9879039800,43.7529362700,-28.7527971438,-462.00,-28.7527971438284,2.88497733994769,8.83087996005417,7.62558676517322,349.66164844236,0
-69.9879003100,43.7529356000,-28.7440522768,-461.00,-28.7440522768406,2.88315221626446,8.83088592219897,7.61432012063773,349.66164844236,0
-69.9878966400,43.7529349300,-28.7353074099,-460.00,-28.7353074098529,2.88132709258123,8.83089188434376,7.60305347610224,349.66164844236,0
-69.9878929700,43.7529342600,-28.7265625429,-459.00,-28.7265625428651,2.87950196889799,8.83089784648856,7.59178683156675,349.66164844236,0
-69.9878893000,43.7529335900,-28.7178176759,-458.00,-28.7178176758594,2.87767684521029,8.83090380863334,7.5805201870094,349.66164844236,0
-69.9878856300,43.7529329200,-28.7090728088,-457.00,-28.7090728088443,2.87585172152162,8.83090977077817,7.56925354243827,349.66164844236,0
-69.9878819600,43.7529322500,-28.7003279419,-456.00,-28.7003279418565,2.87402659783839,8.83091573292297,7.55798689790279,349.66164844236,0
-69.9878782900,43.7529315800,-28.6915830749,-455.00,-28.6915830748688,2.87220147415516,8.83092169506776,7.5467202533673,349.66164844236,0
-69.9878746100,43.7529309100,-28.6828190040,-454.00,-28.6828190040036,2.87037252713188,8.83092767680752,7.53542852712779,349.66164844236,0
-69.9878709400,43.7529302400,-28.6740741370,-453.00,-28.6740741369705,2.86854740343874,8.83093363895233,7.52416188253479,349.66164844236,0
-69.9878672700,43.7529295700,-28.6653292700,-452.00,-28.6653292699828,2.86672227975551,8.83093960109712,7.5128952379993,349.66164844236,0
-69.9878636000,43.7529289000,-28.6565844030,-451.00,-28.656584402995,2.86489715607227,8.83094556324192,7.50162859346382,349.66164844236,0
-69.9878599300,43.7529282300,-28.6478395360,-450.00,-28.6478395360072,2.86307203238904,8.83095152538672,7.49036194892833,349.66164844236,0
-69.9878562600,43.7529275600,-28.6390946690,-449.00,-28.6390946690195,2.86124690870581,8.83095748753152,7.47909530439284,349.66164844236,0
-69.9878525900,43.7529268900,-28.6303498020,-448.00,-28.6303498020137,2.8594217850181,8.8309634496763,7.46782865983549,349.66164844236,0
-69.9878489200,43.7529262200,-28.6216049350,-447.00,-28.6216049350259,2.85759666133487,8.8309694118211,7.45656201530001,349.66164844236,0
-69.9878452400,43.7529255500,-28.6128408641,-446.00,-28.6128408641335,2.85576771430616,8.83097539356088,7.44527028902485,349.66164844236,0
-69.9878415700,43.7529248800,-28.6040959971,-445.00,-28.6040959971457,2.85394259062293,8.83098135570567,7.43400364448936,349.66164844236,0
-69.9878379000,43.7529242100,-28.5953511302,-444.00,-28.5953511301579,2.85211746693969,8.83098731785047,7.42273699995387,349.66164844236,0
-69.9878342300,43.7529235400,-28.5866062632,-443.00,-28.5866062631522,2.85029234325199,8.83099327999525,7.41147035539652,349.66164844236,0
-69.9878305600,43.7529228700,-28.5778613962,-442.00,-28.5778613961644,2.84846721956876,8.83099924214005,7.40020371086104,349.66164844236,0
-69.9878268900,43.7529222000,-28.5691165291,-441.00,-28.5691165291494,2.84664209588009,8.83100520428487,7.38893706628991,349.66164844236,0
-69.9878232200,43.7529215300,-28.5603716622,-440.00,-28.5603716621616,2.84481697219686,8.83101116642967,7.37767042175442,349.66164844236,0
-69.9878195400,43.7529208600,-28.5516075913,-439.00,-28.5516075912964,2.84298802517358,8.83101714816943,7.3663786955149,349.66164844236,0
-69.9878158700,43.7529201900,-28.5428627243,-438.00,-28.5428627242907,2.84116290148587,8.83102311031421,7.35511205095755,349.66164844236,0
-69.9878122000,43.7529195200,-28.5341178573,-437.00,-28.5341178572756,2.83933777779721,8.83102907245904,7.34384540638642,349.66164844236,0
-69.9878085300,43.7529188600,-28.5253983192,-436.00,-28.5253983192386,2.83751895198025,8.83103505295023,7.33260953279956,349.66164844236,0
-69.9878048600,43.7529181900,-28.5166534523,-435.00,-28.5166534522508,2.83569382829702,8.83104101509503,7.32134288826408,349.66164844236,0
-69.9878011900,43.7529175200,-28.5079085852,-434.00,-28.507908585245,2.83386870460931,8.83104697723982,7.31007624370672,349.66164844236,0
-69.9877975200,43.7529168500,-28.4991637183,-433.00,-28.4991637182573,2.83204358092608,8.83105293938461,7.29880959917124,349.66164844236,0
-69.9877938500,43.7529161800,-28.4904188513,-432.00,-28.4904188512695,2.83021845724285,8.83105890152941,7.28754295463575,349.66164844236,0
-69.9877901700,43.7529155100,-28.4816547804,-431.00,-28.481654780377,2.82838951021414,8.83106488326919,7.27625122836059,349.66164844236,0
-69.9877865000,43.7529148400,-28.4729099134,-430.00,-28.4729099133893,2.8265643865309,8.83107084541399,7.26498458382511,349.66164844236,0
-69.9877828300,43.7529141700,-28.4641650464,-429.00,-28.4641650463835,2.8247392628432,8.83107680755877,7.25371793926776,349.66164844236,0
-69.9877791600,43.7529135000,-28.4554201794,-428.00,-28.4554201793958,2.82291413915997,8.83108276970357,7.24245129473227,349.66164844236,0
-69.9877754900,43.7529128300,-28.4466753124,-427.00,-28.446675312408,2.82108901547673,8.83108873184836,7.23118465019678,349.66164844236,0
-69.9877718200,43.7529121600,-28.4379304454,-426.00,-28.4379304454202,2.8192638917935,8.83109469399316,7.21991800566129,349.66164844236,0
-69.9877681500,43.7529114900,-28.4291855784,-425.00,-28.4291855784052,2.81743876810484,8.83110065613799,7.20865136109016,349.66164844236,0
-69.9877644800,43.7529108200,-28.4204407114,-424.00,-28.4204407113994,2.81561364441713,8.83110661828277,7.19738471653281,349.66164844236,0
-69.9877608000,43.7529101500,-28.4116766405,-423.00,-28.4116766405342,2.81378469739385,8.83111260002252,7.1860929902933,349.66164844236,0
-69.9877571300,43.7529094800,-28.4029317735,-422.00,-28.4029317735465,2.81195957371062,8.83111856216732,7.17482634575781,349.66164844236,0
-69.9877534600,43.7529088100,-28.3941869065,-421.00,-28.3941869065314,2.81013445002195,8.83112452431214,7.16355970118668,349.66164844236,0
-69.9877497900,43.7529081400,-28.3854420395,-420.00,-28.3854420395436,2.80830932633872,8.83113048645694,7.1522930566512,349.66164844236,0
-69.9877461200,43.7529074700,-28.3766971725,-419.00,-28.3766971725379,2.80648420265101,8.83113644860172,7.14102641209384,349.66164844236,0
-69.9877424500,43.7529068000,-28.3679523056,-418.00,-28.3679523055501,2.80465907896778,8.83114241074652,7.12975976755836,349.66164844236,0
-69.9877387800,43.7529061300,-28.3592074386,-417.00,-28.3592074385623,2.80283395528455,8.83114837289132,7.11849312302287,349.66164844236,0
-69.9877351000,43.7529054600,-28.3504433677,-416.00,-28.3504433676699,2.80100500825584,8.8311543546311,7.10720139674771,349.66164844236,0
-69.9877314300,43.7529047900,-28.3416985007,-415.00,-28.3416985006821,2.7991798845726,8.8311603167759,7.09593475221222,349.66164844236,0
-69.9877277600,43.7529041200,-28.3329536337,-414.00,-28.3329536336763,2.7973547608849,8.83116627892068,7.08466810765487,349.66164844236,0
-69.9877240900,43.7529034500,-28.3242087667,-413.00,-28.3242087666886,2.79552963720166,8.83117224106548,7.07340146311939,349.66164844236,0
-69.9877204200,43.7529027800,-28.3154638997,-412.00,-28.3154638997008,2.79370451351843,8.83117820321027,7.0621348185839,349.66164844236,0
-69.9877167500,43.7529021100,-28.3067190327,-411.00,-28.306719032713,2.7918793898352,8.83118416535507,7.05086817404841,349.66164844236,0
-69.9877130800,43.7529014400,-28.2979741657,-410.00,-28.2979741657253,2.79005426615197,8.83119012749987,7.03960152951293,349.66164844236,0
-69.9877094100,43.7529007700,-28.2892292987,-409.00,-28.2892292986922,2.78822914245883,8.83119608964468,7.02833488491993,349.66164844236,0
-69.9877057300,43.7529001000,-28.2804652278,-408.00,-28.2804652278271,2.78640019543555,8.83120207138443,7.01704315868042,349.66164844236,0
-69.9877020600,43.7528994300,-28.2717203608,-407.00,-28.2717203608393,2.78457507175232,8.83120803352923,7.00577651414493,349.66164844236,0
-69.9876983900,43.7528987600,-28.2629754939,-406.00,-28.2629754938515,2.78274994806908,8.83121399567403,6.99450986960944,349.66164844236,0
-69.9876947200,43.7528981000,-28.2542559558,-405.00,-28.2542559557872,2.7809311222467,8.83121997616525,6.98327399598694,349.66164844236,0
-69.9876910500,43.7528974300,-28.2455110888,-404.00,-28.2455110887814,2.77910599855899,8.83122593831004,6.97200735142959,349.66164844236,0
-69.9876873800,43.7528967600,-28.2367662218,-403.00,-28.2367662217937,2.77728087487576,8.83123190045483,6.9607407068941,349.66164844236,0
-69.9876837100,43.7528960900,-28.2280213548,-402.00,-28.2280213548059,2.77545575119253,8.83123786259963,6.94947406235861,349.66164844236,0
-69.9876800300,43.7528954200,-28.2192572839,-401.00,-28.2192572839407,2.77362680416925,8.83124384433938,6.9381823361191,349.66164844236,0
-69.9876763600,43.7528947500,-28.2105124169,-400.00,-28.2105124169257,2.77180168048058,8.83124980648421,6.92691569154797,349.66164844236,0
-69.9876726900,43.7528940800,-28.2017675499,-399.00,-28.2017675499199,2.76997655679287,8.83125576862899,6.91564904699062,349.66164844236,0
-69.9876690200,43.7528934100,-28.1930226829,-398.00,-28.1930226829321,2.76815143310964,8.83126173077379,6.90438240245513,349.66164844236,0
-69.9876653500,43.7528927400,-28.1842778159,-397.00,-28.1842778159444,2.76632630942641,8.83126769291859,6.89311575791965,349.66164844236,0
-69.9876616800,43.7528920700,-28.1755329490,-396.00,-28.1755329489566,2.76450118574318,8.83127365506338,6.88184911338416,349.66164844236,0
-69.9876580100,43.7528914000,-28.1667880820,-395.00,-28.1667880819688,2.76267606205995,8.83127961720818,6.87058246884867,349.66164844236,0
-69.9876543400,43.7528907300,-28.1580432150,-394.00,-28.1580432149631,2.76085093837224,8.83128557935296,6.85931582429132,349.66164844236,0
-69.9876506600,43.7528900600,-28.1492791441,-393.00,-28.1492791440706,2.75902199134353,8.83129156109275,6.84802409801616,349.66164844236,0
-69.9876469900,43.7528893900,-28.1405342771,-392.00,-28.1405342770828,2.75719686766029,8.83129752323754,6.83675745348068,349.66164844236,0
-69.9876433200,43.7528887200,-28.1317894101,-391.00,-28.1317894100951,2.75537174397706,8.83130348538234,6.82549080894519,349.66164844236,0
-69.9876396500,43.7528880500,-28.1230445431,-390.00,-28.1230445431073,2.75354662029383,8.83130944752714,6.8142241644097,349.66164844236,0
-69.9876359800,43.7528873800,-28.1142996761,-389.00,-28.1142996760743,2.75172149660069,8.83131540967195,6.80295751981671,349.66164844236,0
-69.9876323100,43.7528867100,-28.1055548091,-388.00,-28.1055548090865,2.74989637291746,8.83132137181674,6.79169087528122,349.66164844236,0
-69.9876286400,43.7528860400,-28.0968099421,-387.00,-28.0968099420987,2.74807124923423,8.83132733396154,6.78042423074573,349.66164844236,0
-69.9876249700,43.7528853700,-28.0880650751,-386.00,-28.088065075111,2.746246125551,8.83133329610634,6.76915758621025,349.66164844236,0
-69.9876212900,43.7528847000,-28.0793010042,-385.00,-28.0793010042458,2.74441717852771,8.83133927784609,6.75786585997073,349.66164844236,0
-69.9876176200,43.7528840300,-28.0705561372,-384.00,-28.0705561372127,2.74259205483457,8.8313452399909,6.74659921537774,349.66164844236,0
-69.9876139500,43.7528833600,-28.0618112702,-383.00,-28.061811270225,2.74076693115134,8.8313512021357,6.73533257084225,349.66164844236,0
-69.9876102800,43.7528826900,-28.0530664032,-382.00,-28.0530664032372,2.73894180746811,8.8313571642805,6.72406592630676,349.66164844236,0
-69.9876066100,43.7528820200,-28.0443215362,-381.00,-28.0443215362494,2.73711668378488,8.83136312642529,6.71279928177128,349.66164844236,0
-69.9876029400,43.7528813500,-28.0355766693,-380.00,-28.0355766692617,2.73529156010165,8.83136908857009,6.70153263723579,349.66164844236,0
-69.9875992700,43.7528806800,-28.0268318023,-379.00,-28.0268318022559,2.73346643641394,8.83137505071487,6.69026599267844,349.66164844236,0
-69.9875955900,43.7528800100,-28.0180677314,-378.00,-28.0180677313634,2.73163748938523,8.83138103245466,6.67897426640328,349.66164844236,0
-69.9875919200,43.7528793400,-28.0093228644,-377.00,-28.0093228643757,2.72981236570199,8.83138699459945,6.6677076218678,349.66164844236,0
-69.9875882500,43.7528786700,-28.0005779974,-376.00,-28.0005779973879,2.72798724201876,8.83139295674425,6.65644097733231,349.66164844236,0
-69.9875845800,43.7528780100,-27.9918584594,-375.00,-27.9918584593509,2.72616841620181,8.83139893723545,6.64520510374545,349.66164844236,0
-69.9875809100,43.7528773400,-27.9831135923,-374.00,-27.9831135923451,2.7243432925141,8.83140489938023,6.6339384591881,349.66164844236,0
-69.9875772400,43.7528766700,-27.9743687253,-373.00,-27.9743687253301,2.72251816882544,8.83141086152506,6.62267181461696,349.66164844236,0
-69.9875735700,43.7528760000,-27.9656238583,-372.00,-27.9656238583423,2.72069304514221,8.83141682366985,6.61140517008148,349.66164844236,0
-69.9875699000,43.7528753300,-27.9568789914,-371.00,-27.9568789913545,2.71886792145897,8.83142278581465,6.60013852554599,349.66164844236,0
-69.9875662200,43.7528746600,-27.9481149205,-370.00,-27.9481149204893,2.71703897443569,8.8314287675544,6.58884679930648,349.66164844236,0
-69.9875625500,43.7528739900,-27.9393700535,-369.00,-27.9393700534836,2.71521385074799,8.83143472969919,6.57758015474913,349.66164844236,0
-69.9875588800,43.7528733200,-27.9306251865,-368.00,-27.9306251864685,2.71338872705932,8.83144069184401,6.566313510178,349.66164844236,0
-69.9875552100,43.7528726500,-27.9218803195,-367.00,-27.9218803194808,2.71156360337609,8.83144665398881,6.55504686564251,349.66164844236,0
-69.9875515400,43.7528719800,-27.9131354525,-366.00,-27.913135452493,2.70973847969286,8.83145261613361,6.54378022110702,349.66164844236,0
-69.9875478700,43.7528713100,-27.9043905855,-365.00,-27.9043905855052,2.70791335600963,8.8314585782784,6.53251357657154,349.66164844236,0
-69.9875442000,43.7528706400,-27.8956457185,-364.00,-27.8956457184995,2.70608823232192,8.83146454042319,6.52124693201418,349.66164844236,0
-69.9875405300,43.7528699700,-27.8869008515,-363.00,-27.8869008515117,2.70426310863869,8.83147050256798,6.5099802874787,349.66164844236,0
-69.9875368500,43.7528693000,-27.8781367806,-362.00,-27.8781367806192,2.70243416160997,8.83147648430777,6.49868856120354,349.66164844236,0
-69.9875331800,43.7528686300,-27.8693919136,-361.00,-27.8693919136315,2.70060903792674,8.83148244645256,6.48742191666805,349.66164844236,0
-69.9875295100,43.7528679600,-27.8606470466,-360.00,-27.8606470466437,2.69878391424351,8.83148840859736,6.47615527213257,349.66164844236,0
-69.9875258400,43.7528672900,-27.8453431575,-359.00,-27.8453431575362,2.69648926866104,8.83148878752995,6.46405742091487,349.66164844236,0
-69.9875221700,43.7528666200,-27.8289233213,-358.00,-27.8289233213266,2.69411473897866,8.83148821653901,6.45181814883885,349.66164844236,0
-69.9875185000,43.7528659500,-27.8125034851,-357.00,-27.8125034850563,2.69174020928846,8.83148764554806,6.43957887672296,349.66164844236,0
-69.9875148300,43.7528652800,-27.7960836488,-356.00,-27.7960836488467,2.68936567960608,8.83148707455712,6.42733960464695,349.66164844236,0
-69.9875111500,43.7528646100,-27.7796211062,-355.00,-27.7796211062499,2.68698564417692,8.83148650315517,6.41507227245908,349.66164844236,0
-69.9875074800,43.7528639400,-27.7632012700,-354.00,-27.7632012700324,2.68461111449079,8.83148593216422,6.40283300036248,349.66164844236,0
-69.9875038100,43.7528632700,-27.7467814338,-353.00,-27.7467814338228,2.68223658480841,8.83148536117328,6.39059372828646,349.66164844236,0
-69.9875001400,43.7528626000,-27.7303615976,-352.00,-27.7303615975525,2.67986205511821,8.83148479018233,6.37835445617057,349.66164844236,0
-69.9874964700,43.7528619300,-27.7139417613,-351.00,-27.7139417613429,2.67748752543583,8.83148421919138,6.36611518409456,349.66164844236,0
-69.9874928000,43.7528612600,-27.6975219251,-350.00,-27.6975219251333,2.67511299575345,8.83148364820044,6.35387591201854,349.66164844236,0
-69.9874891300,43.7528605900,-27.6811020889,-349.00,-27.6811020889158,2.67273846606732,8.83148307720949,6.34163663992194,349.66164844236,0
-69.9874854600,43.7528599200,-27.6646822527,-348.00,-27.6646822527062,2.67036393638494,8.83148250621854,6.32939736784592,349.66164844236,0
-69.9874817800,43.7528592500,-27.6482197100,-347.00,-27.6482197100487,2.66798390094795,8.8314819348166,6.31713003561818,349.66164844236,0
-69.9874781100,43.7528585800,-27.6317998738,-346.00,-27.6317998738391,2.66560937126558,8.83148136382565,6.30489076354217,349.66164844236,0
-69.9874744400,43.7528579100,-27.6153800376,-345.00,-27.6153800376295,2.6632348415832,8.83148079283471,6.29265149146615,349.66164844236,0
-69.9874707700,43.7528572500,-27.5989713444,-344.00,-27.5989713444317,2.6608655942758,8.83148022811472,6.28044119257452,349.66164844236,0
-69.9874671000,43.7528565800,-27.5825515082,-343.00,-27.5825515082221,2.65849106459343,8.83147965712378,6.2682019204985,349.66164844236,0
-69.9874634300,43.7528559100,-27.5661316720,-342.00,-27.5661316720125,2.65611653491105,8.83147908613283,6.25596264842249,349.66164844236,0
-69.9874597600,43.7528552400,-27.5497118357,-341.00,-27.5497118357423,2.65374200522084,8.83147851514189,6.2437233763066,349.66164844236,0
-69.9874560900,43.7528545700,-27.5332919995,-340.00,-27.5332919995248,2.65136747553471,8.83147794415094,6.23148410420999,349.66164844236,0
-69.9874524100,43.7528539000,-27.5168294569,-339.00,-27.5168294569279,2.64898744010555,8.83147737274899,6.21921677202213,349.66164844236,0
-69.9874487400,43.7528532300,-27.5004096207,-338.00,-27.5004096207183,2.64661291042317,8.83147680175805,6.20697749994611,349.66164844236,0
-69.9874450700,43.7528525600,-27.4839897845,-337.00,-27.4839897845088,2.64423838074079,8.8314762307671,6.1947382278701,349.66164844236,0
-69.9874414000,43.7528518900,-27.4675699482,-336.00,-27.4675699482385,2.64186385105059,8.83147565977616,6.18249895575421,349.66164844236,0
-69.9874377300,43.7528512200,-27.4511501120,-335.00,-27.451150112021,2.63948932136446,8.83147508878521,6.1702596836576,349.66164844236,0
-69.9874340600,43.7528505500,-27.4347302758,-334.00,-27.4347302758114,2.63711479168208,8.83147451779426,6.15802041158159,349.66164844236,0
-69.9874303900,43.7528498800,-27.4183104396,-333.00,-27.4183104396018,2.6347402619997,8.83147394680332,6.14578113950557,349.66164844236,0
-69.9874267100,43.7528492100,-27.4018478969,-332.00,-27.4018478969443,2.63236022656272,8.83147337540137,6.13351380727783,349.66164844236,0
-69.9874230400,43.7528485400,-27.3854280607,-331.00,-27.3854280607347,2.62998569688034,8.83147280441043,6.12127453520182,349.66164844236,0
-69.9874193700,43.7528478700,-27.3690082245,-330.00,-27.3690082245172,2.62761116719421,8.83147223341948,6.10903526310521,349.66164844236,0
-69.9874157000,43.7528472000,-27.3525883883,-329.00,-27.3525883883076,2.62523663751183,8.83147166242853,6.0967959910292,349.66164844236,0
-69.9874120300,43.7528465300,-27.3361685521,-328.00,-27.336168552098,2.62286210782945,8.83147109143759,6.08455671895318,349.66164844236,0
-69.9874083600,43.7528458600,-27.3197487159,-327.00,-27.3197487158884,2.62048757814707,8.83147052044664,6.07231744687717,349.66164844236,0
-69.9874046900,43.7528451900,-27.3033288797,-326.00,-27.3033288796788,2.61811304846469,8.8314699494557,6.06007817480115,349.66164844236,0
-69.9874010200,43.7528445200,-27.2869090434,-325.00,-27.2869090434006,2.61573851877074,8.83146937846474,6.04783890266467,349.66164844236,0
-69.9873973400,43.7528438500,-27.2704465008,-324.00,-27.2704465008038,2.61335848334157,8.8314688070628,6.03557157047681,349.66164844236,0
-69.9873936700,43.7528431800,-27.2540266646,-323.00,-27.2540266645942,2.6109839536592,8.83146823607186,6.02333229840079,349.66164844236,0
-69.9873900000,43.7528425100,-27.2376068284,-322.00,-27.2376068283846,2.60860942397682,8.83146766508091,6.01109302632478,349.66164844236,0
-69.9873863300,43.7528418400,-27.2211869922,-321.00,-27.221186992175,2.60623489429444,8.83146709408997,5.99885375424876,349.66164844236,0
-69.9873826600,43.7528411700,-27.2058930335,-320.00,-27.2058930335475,2.60391107329431,8.83146657446164,5.98683666077332,349.66164844236,0
-69.9873789900,43.7528405000,-27.1945305012,-319.00,-27.1945305011669,2.6017643208045,8.83146623418528,5.97559538779151,349.66164844236,0
-69.9873753200,43.7528398300,-27.1831679688,-318.00,-27.183167968788,2.59961756831818,8.83146589390893,5.96435411482907,349.66164844236,0
-69.9873716500,43.7528391600,-27.1718054364,-317.00,-27.1718054364092,2.59747081583185,8.83146555363257,5.95311284186663,349.66164844236,0
-69.9873679700,43.7528384900,-27.1604123973,-316.00,-27.1604123972516,2.59531910705492,8.83146521350177,5.94184591621293,349.66164844236,0
-69.9873643000,43.7528378200,-27.1490498649,-315.00,-27.1490498648728,2.59317235456859,8.83146487322541,5.93060464325049,349.66164844236,0
-69.9873606300,43.7528371500,-27.1376873325,-314.00,-27.1376873324922,2.59102560207879,8.83146453294905,5.91936337026867,349.66164844236,0
-69.9873569600,43.7528364800,-27.1263248001,-313.00,-27.1263248001133,2.58887884959246,8.8314641926727,5.90812209730623,349.66164844236,0
-69.9873532900,43.7528358200,-27.1149647536,-312.00,-27.1149647536073,2.58673698957342,8.83146385827237,5.89690808916317,349.66164844236,0
-69.9873496200,43.7528351500,-27.1036022212,-311.00,-27.1036022212284,2.58459023708709,8.83146351799601,5.88566681620073,349.66164844236,0
-69.9873459500,43.7528344800,-27.0922396888,-310.00,-27.0922396888478,2.58244348459729,8.83146317771965,5.87442554321892,349.66164844236,0
-69.9873422700,43.7528338100,-27.0808466497,-309.00,-27.0808466496902,2.58029177582036,8.83146283758885,5.86315861756522,349.66164844236,0
-69.9873386000,43.7528331400,-27.0694841173,-308.00,-27.0694841173114,2.57814502333403,8.8314624973125,5.85191734460278,349.66164844236,0
-69.9873349300,43.7528324700,-27.0581215849,-307.00,-27.0581215849325,2.57599827084771,8.83146215703614,5.84067607164034,349.66164844236,0
-69.9873312600,43.7528318000,-27.0467590526,-306.00,-27.0467590525537,2.57385151836138,8.83146181675978,5.8294347986779,349.66164844236,0
-69.9873275900,43.7528311300,-27.0353965202,-305.00,-27.0353965201731,2.57170476587157,8.83146147648342,5.81819352569609,349.66164844236,0
-69.9873239200,43.7528304600,-27.0240339878,-304.00,-27.0240339877509,2.5695580133782,8.83146113620707,5.80695225269719,349.66164844236,0
-69.9873202500,43.7528297900,-27.0126714554,-303.00,-27.0126714553721,2.56741126089187,8.83146079593071,5.79571097973475,349.66164844236,0
-69.9873165800,43.7528291200,-27.0013089230,-302.00,-27.0013089229932,2.56526450840554,8.83146045565436,5.78446970677231,349.66164844236,0
-69.9873129000,43.7528284500,-26.9899158839,-301.00,-26.989915883879,2.56311279963566,8.83146011552355,5.77320278115507,349.66164844236,0
-69.9873092300,43.7528277800,-26.9785533515,-300.00,-26.9785533514551,2.56096604713881,8.8314597752472,5.7619615081368,349.66164844236,0
-69.9873055600,43.7528271100,-26.9671908191,-299.00,-26.9671908190762,2.55881929465249,8.83145943497084,5.75072023517436,349.66164844236,0
-69.9873018900,43.7528264400,-26.9558282867,-298.00,-26.9558282866974,2.55667254216616,8.83145909469448,5.73947896221192,349.66164844236,0
-69.9872982200,43.7528257700,-26.9444657543,-297.00,-26.9444657543185,2.55452578967983,8.83145875441813,5.72823768924948,349.66164844236,0
-69.9872945500,43.7528251000,-26.9331032219,-296.00,-26.9331032219397,2.5523790371935,8.83145841414177,5.71699641628704,349.66164844236,0
-69.9872908800,43.7528244300,-26.9217406896,-295.00,-26.9217406895591,2.5502322847037,8.83145807386541,5.70575514330523,349.66164844236,0
-69.9872872100,43.7528237600,-26.9103781572,-294.00,-26.9103781571803,2.54808553221737,8.83145773358906,5.69451387034279,349.66164844236,0
-69.9872835300,43.7528230900,-26.8989851180,-293.00,-26.8989851180227,2.54593382344044,8.83145739345825,5.68324694468909,349.66164844236,0
-69.9872798600,43.7528224200,-26.8876225856,-292.00,-26.8876225856438,2.54378707095411,8.8314570531819,5.67200567172665,349.66164844236,0
-69.9872761900,43.7528217500,-26.8762600533,-291.00,-26.876260053265,2.54164031846778,8.83145671290554,5.66076439876421,349.66164844236,0
-69.9872725200,43.7528210800,-26.8648975209,-290.00,-26.8648975208844,2.53949356597798,8.83145637262918,5.64952312578239,349.66164844236,0
-69.9872688500,43.7528204100,-26.8535349885,-289.00,-26.8535349885056,2.53734681349165,8.83145603235283,5.63828185281996,349.66164844236,0
-69.9872651800,43.7528197400,-26.8421724561,-288.00,-26.8421724560834,2.53520006099828,8.83145569207647,5.62704057982106,349.66164844236,0
-69.9872615100,43.7528190700,-26.8308099237,-287.00,-26.8308099237045,2.53305330851195,8.83145535180012,5.61579930685862,349.66164844236,0
-69.9872578300,43.7528184000,-26.8194168846,-286.00,-26.8194168845903,2.53090159974207,8.83145501166931,5.60453238124138,349.66164844236,0
-69.9872541600,43.7528177300,-26.8080543522,-285.00,-26.8080543522097,2.52875484725226,8.83145467139295,5.59329110825956,349.66164844236,0
-69.9872504900,43.7528170600,-26.7966918198,-284.00,-26.7966918197875,2.52660809475889,8.8314543311166,5.58204983526067,349.66164844236,0
-69.9872468200,43.7528163900,-26.7853292874,-283.00,-26.7853292874087,2.52446134227256,8.83145399084024,5.57080856229823,349.66164844236,0
-69.9872431500,43.7528157200,-26.7739667550,-282.00,-26.7739667550298,2.52231458978624,8.83145365056389,5.55956728933579,349.66164844236,0
-69.9872394800,43.7528150500,-26.7626042227,-281.00,-26.762604222651,2.52016783729991,8.83145331028753,5.54832601637335,349.66164844236,0
-69.9872358100,43.7528143900,-26.7512441761,-280.00,-26.7512441761431,2.51802597727739,8.8314529758872,5.53711200821092,349.66164844236,0
-69.9872321400,43.7528137200,-26.7398816438,-279.00,-26.7398816437643,2.51587922479106,8.83145263561084,5.52587073524847,349.66164844236,0
-69.9872284600,43.7528130500,-26.7284886046,-278.00,-26.7284886046067,2.51372751601414,8.83145229548004,5.51460380959478,349.66164844236,0
-69.9872247900,43.7528123800,-26.7171260722,-277.00,-26.7171260722279,2.51158076352781,8.83145195520368,5.50336253663234,349.66164844236,0
-69.9872211200,43.7528117100,-26.7057635398,-276.00,-26.705763539849,2.50943401104148,8.83145161492732,5.4921212636699,349.66164844236,0
-69.9872174500,43.7528110400,-26.6944010075,-275.00,-26.6944010074684,2.50728725855168,8.83145127465096,5.48087999068808,349.66164844236,0
-69.9872137800,43.7528103700,-26.6830384751,-274.00,-26.6830384750896,2.50514050606535,8.83145093437461,5.46963871772564,349.66164844236,0
-69.9872101100,43.7528097000,-26.6716759427,-273.00,-26.6716759427108,2.50299375357902,8.83145059409826,5.4583974447632,349.66164844236,0
-69.9872064400,43.7528090300,-26.6603134103,-272.00,-26.6603134102886,2.50084700108565,8.8314502538219,5.44715617176431,349.66164844236,0
-69.9872027700,43.7528083600,-26.6489508779,-271.00,-26.6489508779098,2.49870024859932,8.83144991354554,5.43591489880187,349.66164844236,0
-69.9871990900,43.7528076900,-26.6375578388,-270.00,-26.6375578387937,2.49654853982596,8.83144957341474,5.42464797316525,349.66164844236,0
-69.9871954200,43.7528070200,-26.6261953064,-269.00,-26.6261953064149,2.49440178733963,8.83144923313838,5.41340670020281,349.66164844236,0
-69.9871917500,43.7528063500,-26.6148327740,-268.00,-26.6148327739927,2.49225503484626,8.83144889286202,5.40216542720392,349.66164844236,0
-69.9871880800,43.7528056800,-26.6034702416,-267.00,-26.6034702416139,2.49010828235993,8.83144855258567,5.39092415424147,349.66164844236,0
-69.9871844100,43.7528050100,-26.5921077092,-266.00,-26.592107709235,2.4879615298736,8.83144821230931,5.37968288127903,349.66164844236,0
-69.9871807400,43.7528043400,-26.5807451769,-265.00,-26.5807451768544,2.4858147773838,8.83144787203295,5.36844160829722,349.66164844236,0
-69.9871770700,43.7528036700,-26.5693826445,-264.00,-26.5693826444756,2.48366802489747,8.8314475317566,5.35720033533478,349.66164844236,0
-69.9871734000,43.7528030000,-26.5580201121,-263.00,-26.5580201120968,2.48152127241114,8.83144719148024,5.34595906237234,349.66164844236,0
-69.9871697200,43.7528023300,-26.5466270729,-262.00,-26.5466270729392,2.47936956363422,8.83144685134944,5.33469213671864,349.66164844236,0
-69.9871660500,43.7528016600,-26.5352645406,-261.00,-26.5352645405603,2.47722281114789,8.83144651107308,5.3234508637562,349.66164844236,0
-69.9871623800,43.7528009900,-26.5239020082,-260.00,-26.5239020081797,2.47507605865808,8.83144617079672,5.31220959077439,349.66164844236,0
-69.9871587100,43.7528003200,-26.5125394758,-259.00,-26.5125394758009,2.47292930617176,8.83144583052037,5.30096831781195,349.66164844236,0
-69.9871550400,43.7527996500,-26.5011769434,-258.00,-26.5011769434221,2.47078255368543,8.83144549024401,5.28972704484951,349.66164844236,0
-69.9871513700,43.7527989800,-26.4898144110,-257.00,-26.4898144110432,2.4686358011991,8.83144514996766,5.27848577188707,349.66164844236,0
-69.9871477000,43.7527983100,-26.4784518786,-256.00,-26.478451878621,2.46648904870573,8.8314448096913,5.26724449888817,349.66164844236,0
-69.9871440200,43.7527976400,-26.4670588395,-255.00,-26.467058839505,2.46433733993237,8.83144446956049,5.25597757325156,349.66164844236,0
-69.9871403500,43.7527969700,-26.4556963071,-254.00,-26.4556963071262,2.46219058744604,8.83144412928414,5.24473630028912,349.66164844236,0
-69.9871366800,43.7527963000,-26.4443337747,-253.00,-26.4443337747474,2.46004383495971,8.83144378900778,5.23349502732668,349.66164844236,0
-69.9871330100,43.7527956300,-26.4329712423,-252.00,-26.4329712423252,2.45789708246634,8.83144344873143,5.22225375432778,349.66164844236,0
-69.9871293400,43.7527949600,-26.4216087099,-251.00,-26.4216087099463,2.45575032998001,8.83144310845507,5.21101248136534,349.66164844236,0
-69.9871256700,43.7527942900,-26.4102461776,-250.00,-26.4102461775657,2.45360357749021,8.83144276817871,5.19977120838353,349.66164844236,0
-69.9871220000,43.7527936200,-26.3988836452,-249.00,-26.3988836451869,2.45145682500388,8.83144242790236,5.18852993542109,349.66164844236,0
-69.9871183300,43.7527929600,-26.3875235987,-248.00,-26.3875235986808,2.44931496498484,8.83144209350203,5.17731592727803,349.66164844236,0
-69.9871146500,43.7527922900,-26.3761305595,-247.00,-26.3761305595232,2.44716325620791,8.83144175337122,5.16604900162433,349.66164844236,0
-69.9871109800,43.7527916200,-26.3647680271,-246.00,-26.3647680271444,2.44501650372158,8.83144141309487,5.15480772866189,349.66164844236,0
-69.9871073100,43.7527909500,-26.3534054948,-245.00,-26.3534054947638,2.44286975123178,8.83144107281851,5.14356645568008,349.66164844236,0
-69.9871036400,43.7527902800,-26.3420429624,-244.00,-26.3420429623849,2.44072299874545,8.83144073254215,5.13232518271764,349.66164844236,0
-69.9870999700,43.7527896100,-26.3306804300,-243.00,-26.3306804300061,2.43857624625912,8.8314403922658,5.1210839097552,349.66164844236,0
-69.9870963000,43.7527889400,-26.3193178976,-242.00,-26.3193178976273,2.4364294937728,8.83144005198944,5.10984263679276,349.66164844236,0
-69.9870926300,43.7527882700,-26.3079553652,-241.00,-26.3079553652484,2.43428274128647,8.83143971171309,5.09860136383032,349.66164844236,0
-69.9870889600,43.7527876000,-26.2965928328,-240.00,-26.2965928328245,2.43213598878962,8.83143937143673,5.08736009081205,349.66164844236,0
-69.9870852800,43.7527869300,-26.2851997937,-239.00,-26.2851997937102,2.42998428001974,8.83143903130592,5.0760931651948,349.66164844236,0
-69.9870816100,43.7527862600,-26.2738372613,-238.00,-26.2738372613314,2.42783752753341,8.83143869102957,5.06485189223236,349.66164844236,0
-69.9870779400,43.7527855900,-26.2624747290,-237.00,-26.2624747289526,2.42569077504708,8.83143835075321,5.05361061926992,349.66164844236,0
-69.9870742700,43.7527849200,-26.2511121965,-236.00,-26.2511121965304,2.42354402255371,8.83143801047686,5.04236934627103,349.66164844236,0
-69.9870706000,43.7527842500,-26.2397496641,-235.00,-26.2397496641498,2.4213972700639,8.8314376702005,5.03112807328922,349.66164844236,0
-69.9870669300,43.7527835800,-26.2283871318,-234.00,-26.2283871317709,2.41925051757757,8.83143732992414,5.01988680032678,349.66164844236,0
-69.9870632600,43.7527829100,-26.2170245994,-233.00,-26.2170245993921,2.41710376509125,8.83143698964779,5.00864552736434,349.66164844236,0
-69.9870595800,43.7527822400,-26.2056315602,-232.00,-26.2056315602345,2.41495205631432,8.83143664951698,4.99737860171064,349.66164844236,0
-69.9870559100,43.7527815700,-26.1942690279,-231.00,-26.1942690278557,2.41280530382799,8.83143630924063,4.9861373287482,349.66164844236,0
-69.9870522400,43.7527809000,-26.1829064955,-230.00,-26.1829064954751,2.41065855133819,8.83143596896427,4.97489605576638,349.66164844236,0
-69.9870485700,43.7527802300,-26.1715439631,-229.00,-26.1715439630962,2.40851179885186,8.83143562868791,4.96365478280394,349.66164844236,0
-69.9870449000,43.7527795600,-26.1601814307,-228.00,-26.1601814307174,2.40636504636553,8.83143528841156,4.9524135098415,349.66164844236,0
-69.9870412300,43.7527788900,-26.1488188983,-227.00,-26.1488188983386,2.4042182938792,8.8314349481352,4.94117223687906,349.66164844236,0
-69.9870375600,43.7527782200,-26.1374563660,-226.00,-26.1374563659597,2.40207154139287,8.83143460785885,4.92993096391662,349.66164844236,0
-69.9870338900,43.7527775500,-26.1260938336,-225.00,-26.1260938335791,2.39992478890307,8.83143426758249,4.91868969093481,349.66164844236,0
-69.9870302100,43.7527768800,-26.1147007944,-224.00,-26.1147007944215,2.39777308012614,8.83143392745168,4.90742276528111,349.66164844236,0
-69.9870265400,43.7527762100,-26.1006293445,-223.00,-26.1006293445239,2.39550946938615,8.83143353416775,4.89555614868203,349.66164844236,0
-69.9870228700,43.7527755400,-26.0827241388,-222.00,-26.0827241387619,2.39308047671328,8.83143306586563,4.88280452365522,349.66164844236,0
-69.9870192000,43.7527748700,-26.0648189330,-221.00,-26.064818933,2.39065148404041,8.8314325975635,4.87005289862841,349.66164844236,0
-69.9870155300,43.7527742000,-26.0469137271,-220.00,-26.0469137271369,2.38822249135461,8.83143212926137,4.85730127353284,349.66164844236,0
-69.9870118600,43.7527735300,-26.0290085214,-219.00,-26.0290085213749,2.38579349868174,8.83143166095925,4.84454964850603,349.66164844236,0
-69.9870081900,43.7527728600,-26.0111033156,-218.00,-26.011103315613,2.38336450600887,8.83143119265713,4.83179802347922,349.66164844236,0
-69.9870045200,43.7527721900,-25.9931981099,-217.00,-25.993198109851,2.380935513336,8.831430724355,4.81904639845241,349.66164844236,0
-69.9870008400,43.7527715200,-25.9752569951,-216.00,-25.9752569950597,2.37850133132831,8.83143025609272,4.80626787364468,349.66164844236,0
-69.9869971700,43.7527708600,-25.9574223356,-215.00,-25.9574223355589,2.37608016713273,8.83142979499841,4.79355922490837,349.66164844236,0
-69.9869935000,43.7527701900,-25.9395171298,-214.00,-25.9395171297969,2.37365117445986,8.83142932669629,4.78080759988157,349.66164844236,0
-69.9869898300,43.7527695200,-25.9216119240,-213.00,-25.921611924035,2.37122218178699,8.83142885839416,4.76805597485476,349.66164844236,0
-69.9869861600,43.7527688500,-25.9037067183,-212.00,-25.903706718273,2.36879318911412,8.83142839009204,4.75530434982795,349.66164844236,0
-69.9869824900,43.7527681800,-25.8858015125,-211.00,-25.8858015124609,2.36636419643568,8.83142792178991,4.7425527247706,349.66164844236,0
-69.9869788200,43.7527675100,-25.8678963067,-210.00,-25.867896306699,2.36393520376282,8.83142745348779,4.72980109974379,349.66164844236,0
-69.9869751500,43.7527668400,-25.8499911009,-209.00,-25.849991100937,2.36150621108995,8.83142698518566,4.71704947471698,349.66164844236,0
-69.9869714700,43.7527661700,-25.8320499861,-208.00,-25.8320499861457,2.35907202908226,8.83142651692338,4.70427094990925,349.66164844236,0
-69.9869678000,43.7527655000,-25.8141447804,-207.00,-25.8141447803838,2.35664303640939,8.83142604862126,4.69151932488244,349.66164844236,0
-69.9869641300,43.7527648300,-25.7962395746,-206.00,-25.7962395745717,2.35421404373096,8.83142558031913,4.67876769982509,349.66164844236,0
-69.9869604600,43.7527641600,-25.7783343688,-205.00,-25.7783343688098,2.35178505105809,8.831425112017,4.66601607479828,349.66164844236,0
-69.9869567900,43.7527634900,-25.7604291630,-204.00,-25.7604291629968,2.34935605837784,8.83142464371488,4.65326444973325,349.66164844236,0
-69.9869531200,43.7527628200,-25.7425239572,-203.00,-25.7425239572348,2.34692706570497,8.83142417541275,4.64051282470644,349.66164844236,0
-69.9869494500,43.7527621500,-25.7269108760,-202.00,-25.7269108759501,2.34461744628446,8.83142348485078,4.62854148904378,349.66164844236,0
-69.9869457700,43.7527614800,-25.7149061589,-201.00,-25.7149061588647,2.34249243034193,8.83142244095533,4.61778384401562,349.66164844236,0
-69.9869421000,43.7527608100,-25.7029223105,-200.00,-25.7029223105101,2.34037182043287,8.83142139847845,4.60704797869318,349.66164844236,0
-69.9869384300,43.7527601400,-25.6909384622,-199.00,-25.6909384621852,2.33825121053007,8.83142035600157,4.59631211340169,349.66164844236,0
-69.9869347600,43.7527594700,-25.6789546139,-198.00,-25.6789546138603,2.33613060062726,8.83141931352469,4.5855762481102,349.66164844236,0
-69.9869310900,43.7527588000,-25.6669707655,-197.00,-25.6669707655354,2.33400999072446,8.83141827104781,4.57484038281871,349.66164844236,0
-69.9869274200,43.7527581300,-25.6549869172,-196.00,-25.6549869171646,2.33188938081632,8.83141722857092,4.56410451749813,349.66164844236,0
-69.9869237500,43.7527574600,-25.6430030688,-195.00,-25.6430030688397,2.32976877091352,8.83141618609404,4.55336865220664,349.66164844236,0
-69.9869200800,43.7527567900,-25.6310192205,-194.00,-25.6310192205148,2.32764816101072,8.83141514361716,4.54263278691515,349.66164844236,0
-69.9869164000,43.7527561200,-25.6190145034,-193.00,-25.6190145034456,2.32552314506727,8.83141409972172,4.53187514188513,349.66164844236,0
-69.9869127300,43.7527554500,-25.6070306551,-192.00,-25.6070306551207,2.32340253516447,8.83141305724483,4.52113927659364,349.66164844236,0
-69.9869090600,43.7527547800,-25.5950468120,-191.00,-25.5950468120339,2.32120637468805,8.83141218436223,4.5094138878344,349.66164844236,0
-69.9869053900,43.7527541100,-25.5830629767,-190.00,-25.5830629767419,2.31889942179639,8.83141156018405,4.49623739556539,349.66164844236,0
-69.9869017200,43.7527534400,-25.5710791414,-189.00,-25.5710791414499,2.31659246890473,8.83141093600588,4.48306090329638,349.66164844236,0
-69.9868980500,43.7527527700,-25.5590953061,-188.00,-25.5590953061283,2.3142855160059,8.8314103118277,4.46988441098451,349.66164844236,0
-69.9868943800,43.7527521000,-25.5471114708,-187.00,-25.5471114708363,2.31197856311424,8.83140968764953,4.4567079187155,349.66164844236,0
-69.9868907100,43.7527514300,-25.5351276355,-186.00,-25.5351276355443,2.30967161022259,8.83140906347135,4.44353142644649,349.66164844236,0
-69.9868870300,43.7527507600,-25.5231229315,-185.00,-25.5231229315366,2.30735961096853,8.83140843931199,4.43032476781567,349.66164844236,0
-69.9868833600,43.7527500900,-25.5111390962,-184.00,-25.5111390962149,2.3050526580697,8.83140781513382,4.4171482755038,349.66164844236,0
-69.9868796900,43.7527494200,-25.4991552609,-183.00,-25.4991552609229,2.30274570517804,8.83140719095564,4.40397178323479,349.66164844236,0
-69.9868760200,43.7527487600,-25.4872359783,-182.00,-25.4872359783029,2.30044554241382,8.83140657619664,4.39082671542716,349.66164844236,0
-69.9868723500,43.7527480900,-25.4752521430,-181.00,-25.4752521429651,2.29813858951734,8.83140595201846,4.37765022313582,349.66164844236,0
-69.9868686800,43.7527474200,-25.4632683077,-180.00,-25.4632683076731,2.29583163662568,8.83140532784029,4.36447373086682,349.66164844236,0
-69.9868650100,43.7527467500,-25.4512844724,-179.00,-25.4512844723811,2.29352468373402,8.83140470366211,4.35129723859781,349.66164844236,0
-69.9868613400,43.7527460800,-25.4393006371,-178.00,-25.4393006370891,2.29121773084236,8.83140407948394,4.33812074632881,349.66164844236,0
-69.9868576600,43.7527454100,-25.4272959331,-177.00,-25.4272959330976,2.28890573158596,8.83140345532458,4.32491408767745,349.66164844236,0
-69.9868539900,43.7527447400,-25.4153120978,-176.00,-25.4153120977597,2.28659877868948,8.8314028311464,4.31173759538611,349.66164844236,0
-69.9868503200,43.7527440700,-25.4033282625,-175.00,-25.4033282624677,2.28429182579782,8.83140220696822,4.2985611031171,349.66164844236,0
-69.9868466500,43.7527434000,-25.3913444272,-174.00,-25.3913444271757,2.28198487290616,8.83140158279005,4.2853846108481,349.66164844236,0
-69.9868429800,43.7527427300,-25.3793605919,-173.00,-25.3793605918837,2.2796779200145,8.83140095861187,4.27220811857909,349.66164844236,0
-69.9868393100,43.7527420600,-25.3673767566,-172.00,-25.3673767565621,2.27737096711568,8.8314003344337,4.25903162626721,349.66164844236,0
-69.9868356400,43.7527413900,-25.3553929212,-171.00,-25.3553929212242,2.27506401421919,8.83139971025552,4.24585513397588,349.66164844236,0
-69.9868319600,43.7527407200,-25.3433882173,-170.00,-25.3433882172624,2.27275201496996,8.83139908609616,4.23264847536739,349.66164844236,0
-69.9868282900,43.7527400500,-25.3314043820,-169.00,-25.3314043819704,2.2704450620783,8.83139846191799,4.21947198309838,349.66164844236,0
-69.9868246200,43.7527393800,-25.3194205466,-168.00,-25.3194205466488,2.26813810917947,8.83139783773981,4.20629549078651,349.66164844236,0
-69.9868209500,43.7527387100,-25.3074367114,-167.00,-25.3074367113568,2.26583115628781,8.83139721356164,4.1931189985175,349.66164844236,0
-69.9868172800,43.7527380400,-25.2954528760,-166.00,-25.2954528760189,2.26352420339133,8.83139658938346,4.17994250622616,349.66164844236,0
-69.9868136100,43.7527373700,-25.2834690407,-165.00,-25.2834690407269,2.26121725049967,8.83139596520528,4.16676601395716,349.66164844236,0
-69.9868099400,43.7527367000,-25.2714852054,-164.00,-25.2714852054349,2.25891029760802,8.83139534102711,4.15358952168815,349.66164844236,0
-69.9868062700,43.7527360300,-25.2595013701,-163.00,-25.2595013701429,2.25660334471636,8.83139471684893,4.14041302941914,349.66164844236,0
-69.9868025900,43.7527353600,-25.2474966662,-162.00,-25.2474966661514,2.25429134545995,8.83139409268957,4.12720637076778,349.66164844236,0
-69.9867989200,43.7527346900,-25.2355128308,-161.00,-25.2355128308136,2.25198439256347,8.83139346851139,4.11402987847645,349.66164844236,0
-69.9867952500,43.7527340200,-25.2235289955,-160.00,-25.2235289955216,2.24967743967181,8.83139284433322,4.10085338620744,349.66164844236,0
-69.9867915800,43.7527333500,-25.2115451602,-159.00,-25.2115451602296,2.24737048678016,8.83139222015504,4.08767689393844,349.66164844236,0
-69.9867879100,43.7527326800,-25.1995613249,-158.00,-25.1995613249376,2.2450635338885,8.83139159597687,4.07450040166943,349.66164844236,0
-69.9867842400,43.7527320100,-25.1875774896,-157.00,-25.1875774896456,2.24275658099684,8.83139097179869,4.06132390940042,349.66164844236,0
-69.9867805700,43.7527313400,-25.1755936543,-156.00,-25.175593654278,2.24044962809319,8.83139034762051,4.04814741706622,349.66164844236,0
-69.9867769000,43.7527306700,-25.1636098190,-155.00,-25.1636098189861,2.23814267520153,8.83138972344234,4.03497092479721,349.66164844236,0
-69.9867732200,43.7527300000,-25.1516051150,-154.00,-25.1516051150242,2.2358306759523,8.83138909928298,4.02176426618872,349.66164844236,0
-69.9867695500,43.7527293300,-25.1396212797,-153.00,-25.1396212797322,2.23352372306064,8.83138847510481,4.00858777391971,349.66164844236,0
-69.9867658800,43.7527286600,-25.1276374444,-152.00,-25.1276374444106,2.23121677016181,8.83138785092663,3.99541128160784,349.66164844236,0
-69.9867622100,43.7527279900,-25.1156536091,-151.00,-25.1156536090727,2.22890981726533,8.83138722674845,3.9822347893165,349.66164844236,0
-69.9867585400,43.7527273200,-25.1036697738,-150.00,-25.1036697737807,2.22660286437367,8.83138660257027,3.9690582970475,349.66164844236,0
-69.9867548700,43.7527266600,-25.0917504912,-149.00,-25.0917504911607,2.22430270160945,8.83138598781128,3.95591322923987,349.66164844236,0
-69.9867512000,43.7527259900,-25.0797666559,-148.00,-25.0797666558687,2.22199574871779,8.8313853636331,3.94273673697086,349.66164844236,0
-69.9867475300,43.7527253200,-25.0677828206,-147.00,-25.0677828205767,2.21968879582613,8.83138473945493,3.92956024470185,349.66164844236,0
-69.9867438500,43.7527246500,-25.0557781165,-146.00,-25.0557781165394,2.2173767965649,8.83138411529556,3.91635358602816,349.66164844236,0
-69.9867401800,43.7527239800,-25.0437942812,-145.00,-25.0437942812474,2.21506984367324,8.83138349111739,3.90317709375916,349.66164844236,0
-69.9867365100,43.7527233100,-25.0318104460,-144.00,-25.0318104459554,2.21276289078159,8.83138286693921,3.89000060149015,349.66164844236,0
-69.9867328400,43.7527226400,-25.0198266107,-143.00,-25.0198266106634,2.21045593788993,8.83138224276104,3.87682410922114,349.66164844236,0
-69.9867291700,43.7527219700,-25.0078427754,-142.00,-25.0078427753714,2.20814898499827,8.83138161858286,3.86364761695214,349.66164844236,0
-69.9867255000,43.7527213000,-24.9958589400,-141.00,-24.9958589400335,2.20584203210179,8.83138099440468,3.8504711246608,349.66164844236,0
-69.9867218300,43.7527206300,-24.9838751047,-140.00,-24.9838751047119,2.20353507920296,8.83138037022651,3.83729463234893,349.66164844236,0
-69.9867181500,43.7527199600,-24.9718704007,-139.00,-24.97187040075,2.20122307995373,8.83137974606715,3.82408797374044,349.66164844236,0
-69.9867144800,43.7527192900,-24.9598865655,-138.00,-24.959886565458,2.19891612706207,8.83137912188898,3.81091148147143,349.66164844236,0
-69.9867108100,43.7527186200,-24.9479027302,-137.00,-24.947902730166,2.19660917417041,8.8313784977108,3.79773498920242,349.66164844236,0
-69.9867071400,43.7527179500,-24.9359188948,-136.00,-24.9359188947985,2.19430222126676,8.83137787353262,3.78455849686822,349.66164844236,0
-69.9867034700,43.7527172800,-24.9239350595,-135.00,-24.9239350595065,2.1919952683751,8.83137724935445,3.77138200459921,349.66164844236,0
-69.9866998000,43.7527166100,-24.9119512242,-134.00,-24.9119512242145,2.18968831548344,8.83137662517627,3.7582055123302,349.66164844236,0
-69.9866961300,43.7527159400,-24.8999673889,-133.00,-24.8999673889225,2.18738136259178,8.83137600099809,3.7450290200612,349.66164844236,0
-69.9866924600,43.7527152700,-24.8879835536,-132.00,-24.8879835536305,2.18507440970013,8.83137537681992,3.73185252779219,349.66164844236,0
-69.9866887800,43.7527146000,-24.8759788496,-131.00,-24.8759788495932,2.1827624104389,8.83137475266056,3.7186458691185,349.66164844236,0
-69.9866851100,43.7527139300,-24.8639950143,-130.00,-24.8639950143012,2.18045545754724,8.83137412848238,3.7054693768495,349.66164844236,0
-69.9866814400,43.7527132600,-24.8520111790,-129.00,-24.8520111790092,2.17814850465558,8.83137350430421,3.69229288458049,349.66164844236,0
-69.9866777700,43.7527125900,-24.8400273437,-128.00,-24.8400273437172,2.17584155176392,8.83137288012603,3.67911639231148,349.66164844236,0
-69.9866741000,43.7527119200,-24.8280435084,-127.00,-24.8280435084252,2.17353459887226,8.83137225594785,3.66593990004248,349.66164844236,0
-69.9866704300,43.7527112500,-24.8160596731,-126.00,-24.8160596730873,2.17122764597578,8.83137163176968,3.65276340775114,349.66164844236,0
-69.9866667600,43.7527105800,-24.8040758378,-125.00,-24.8040758377953,2.16892069308412,8.8313710075915,3.63958691548213,349.66164844236,0
-69.9866630900,43.7527099100,-24.7920920025,-124.00,-24.7920920024737,2.1666137401853,8.83137038341333,3.62641042317026,349.66164844236,0
-69.9866594100,43.7527092400,-24.7800872985,-123.00,-24.7800872985118,2.16430174093606,8.83136975925397,3.61320376456177,349.66164844236,0
-69.9866557400,43.7527085700,-24.7681034632,-122.00,-24.7681034632198,2.1619947880444,8.83136913507579,3.60002727229276,349.66164844236,0
-69.9866520700,43.7527079000,-24.7561196279,-121.00,-24.756119627882,2.15968783514792,8.83136851089761,3.58685078000143,349.66164844236,0
-69.9866484000,43.7527072300,-24.7441357926,-120.00,-24.74413579259,2.15738088225626,8.83136788671944,3.57367428773242,349.66164844236,0
-69.9866447300,43.7527065600,-24.7321519573,-119.00,-24.7321519572683,2.15507392935743,8.83136726254126,3.56049779542054,349.66164844236,0
-69.9866410600,43.7527058900,-24.7201681220,-118.00,-24.7201681219763,2.15276697646578,8.83136663836309,3.54732130315154,349.66164844236,0
-69.9866373900,43.7527052200,-24.7081842867,-117.00,-24.7081842866843,2.15046002357412,8.83136601418491,3.53414481088253,349.66164844236,0
-69.9866337200,43.7527045500,-24.6962004513,-116.00,-24.6962004513465,2.14815307067764,8.83136539000673,3.5209683185912,349.66164844236,0
-69.9866300400,43.7527038900,-24.6842603000,-115.00,-24.684260300027,2.14584786154867,8.83136477526655,3.50779308440121,349.66164844236,0
-69.9866263700,43.7527032200,-24.6722764647,-114.00,-24.672276464735,2.14354090865701,8.83136415108838,3.4946165921322,349.66164844236,0
-69.9866227000,43.7527025500,-24.6602926294,-113.00,-24.660292629443,2.14123395576535,8.8313635269102,3.4814400998632,349.66164844236,0
-69.9866190300,43.7527018800,-24.5633333574,-112.00,-24.5633333571635,2.13870525922193,8.8313556197751,3.4741661202501,349.66164844236,0
-69.9866153600,43.7527012100,-24.3489403924,-111.00,-24.3489403923748,2.13587011912507,8.83133764779591,3.4750492491616,349.66164844236,0
-69.9866116900,43.7527005400,-24.1345474276,-110.00,-24.134547427586,2.13303497902822,8.83131967581672,3.4759323780731,349.66164844236,0
-69.9866080200,43.7526998700,-23.9201544628,-109.00,-23.9201544627973,2.13019983893136,8.83130170383753,3.47681550698459,349.66164844236,0
-69.9866043400,43.7526992000,-23.7052289052,-108.00,-23.7052289051601,2.12735831712412,8.83128368801902,3.47770401458871,349.66164844236,0
-69.9866006700,43.7526985300,-23.4908359404,-107.00,-23.4908359403714,2.12452317702726,8.83126571603983,3.4785871435002,349.66164844236,0
-69.9865970000,43.7526978600,-23.2764429754,-106.00,-23.2764429753818,2.12168803692517,8.83124774406062,3.47947027240013,349.66164844236,0
-69.9865933300,43.7526971900,-23.0620500106,-105.00,-23.0620500105931,2.11885289682832,8.83122977208143,3.48035340131162,349.66164844236,0
-69.9865896600,43.7526965200,-22.8476570458,-104.00,-22.8476570458044,2.11601775673146,8.83121180010224,3.48123653022312,349.66164844236,0
-69.9865859900,43.7526958500,-22.6332640803,-103.00,-22.6332640802587,2.11318261662553,8.83119382812298,3.48211965914226,349.66164844236,0
-69.9865823200,43.7526951800,-22.4188711155,-102.00,-22.41887111547,2.11034747652868,8.8311758561438,3.48300278805375,349.66164844236,0
-69.9865786500,43.7526945100,-22.2044781505,-101.00,-22.2044781504805,2.10751233642659,8.83115788416459,3.48388591695368,349.66164844236,0
-69.9865749700,43.7526938400,-21.9895525936,-100.00,-21.9895525936002,2.10467081462842,8.83113986834613,3.48477442455015,349.66164844236,0
-69.9865713000,43.7526931700,-21.7751596281,-99.00,-21.7751596280546,2.10183567452249,8.83112189636688,3.48565755346929,349.66164844236,0
-69.9865676300,43.7526925000,-21.5607666633,-98.00,-21.5607666632658,2.09900053442564,8.83110392438769,3.48654068238079,349.66164844236,0
-69.9865639600,43.7526918300,-21.3463736985,-97.00,-21.3463736984771,2.09616539432878,8.8310859524085,3.48742381129228,349.66164844236,0
-69.9865602900,43.7526911600,-21.1319807335,-96.00,-21.1319807334875,2.09333025422669,8.8310679804293,3.48830694019221,349.66164844236,0
-69.9865566200,43.7526904900,-20.9175877687,-95.00,-20.9175877686988,2.09049511412984,8.8310500084501,3.4891900691037,349.66164844236,0
-69.9865529500,43.7526898200,-20.7031948039,-94.00,-20.7031948039101,2.08765997403298,8.83103203647092,3.4900731980152,349.66164844236,0
-69.9865492800,43.7526891500,-20.4888018391,-93.00,-20.4888018391213,2.08482483393612,8.83101406449173,3.49095632692669,349.66164844236,0
-69.9865456000,43.7526884800,-20.2738762815,-92.00,-20.2738762814841,2.08198331212888,8.83099604867321,3.49184483453081,349.66164844236,0
-69.9865419300,43.7526878100,-20.0593383830,-91.00,-20.0593383829842,2.0791482391747,8.83097807745721,3.49279120727694,349.66164844236,0
-69.9865382600,43.7526871400,-19.8285170808,-90.00,-19.8285170808296,2.07632071035016,8.83096019198785,3.50084308024756,349.66164844236,0
-69.9865345900,43.7526864700,-19.5976957787,-89.00,-19.597695778675,2.07349318152562,8.83094230651849,3.50889495321817,349.66164844236,0
-69.9865309200,43.7526858000,-19.3668744765,-88.00,-19.3668744765204,2.07066565270108,8.83092442104914,3.51694682618879,349.66164844236,0
-69.9865272500,43.7526851300,-19.1360531735,-87.00,-19.1360531735375,2.06783812386751,8.83090653557972,3.52499869919824,349.66164844236,0
-69.9865235800,43.7526844600,-18.9052318712,-86.00,-18.9052318712037,2.06501059503773,8.83088865011034,3.53305057214788,349.66164844236,0
-69.9865199100,43.7526837900,-18.6744105690,-85.00,-18.6744105690491,2.06218306621319,8.83087076464099,3.54110244511849,349.66164844236,0
-69.9865162300,43.7526831200,-18.4430063693,-84.00,-18.4430063692702,2.05934917899396,8.83085283559727,3.5491816483253,349.66164844236,0
-69.9865125600,43.7526824500,-18.2121850663,-83.00,-18.2121850662872,2.05652165016038,8.83083495012785,3.55723352133476,349.66164844236,0
-69.9865088900,43.7526817800,-17.9813637641,-82.00,-17.9813637641326,2.05369412133584,8.8308170646585,3.56528539430537,349.66164844236,0
-69.9865052200,43.7526811100,-17.7505424618,-81.00,-17.7505424617988,2.05086659250607,8.83079917918912,3.573337267255,349.66164844236,0
-69.9865015500,43.7526804500,-17.5199733647,-80.00,-17.5199733647377,2.04804643676439,8.8307813219835,3.58141866754163,349.66164844236,0
-69.9864978800,43.7526797800,-17.2891520626,-79.00,-17.2891520625831,2.04521890793985,8.83076343651414,3.58947054051225,349.66164844236,0
-69.9864942100,43.7526791100,-17.0583307604,-78.00,-17.0583307604285,2.04239137911531,8.83074555104478,3.59752241348286,349.66164844236,0
-69.9864905400,43.7526784400,-16.8275094581,-77.00,-16.8275094580947,2.03956385028553,8.83072766557541,3.60557428643249,349.66164844236,0
-69.9864868600,43.7526777700,-16.5961052575,-76.00,-16.5961052574874,2.03672996305726,8.83070973653163,3.61365348967814,349.66164844236,0
-69.9864831900,43.7526771000,-16.3652839553,-75.00,-16.3652839553328,2.03390243423272,8.83069185106227,3.62170536264876,349.66164844236,0
-69.9864795200,43.7526764300,-16.1344626532,-74.00,-16.1344626531782,2.03107490540819,8.83067396559292,3.62975723561937,349.66164844236,0
-69.9864758500,43.7526757600,-15.9036413510,-73.00,-15.9036413510236,2.02824737658365,8.83065608012356,3.63780910858999,349.66164844236,0
-69.9864721800,43.7526750900,-15.6728200487,-72.00,-15.6728200486899,2.02541984775387,8.83063819465418,3.64586098153962,349.66164844236,0
-69.9864685100,43.7526744200,-15.4419987457,-71.00,-15.4419987457069,2.02259231892029,8.83062030918477,3.65391285454908,349.66164844236,0
-69.9864648400,43.7526737500,-15.2111774436,-70.00,-15.2111774435523,2.01976479009575,8.83060242371541,3.66196472751969,349.66164844236,0
-69.9864611600,43.7526730800,-14.9797732438,-69.00,-14.9797732437734,2.01693090287652,8.8305844946717,3.6700439307265,349.66164844236,0
-69.9864574900,43.7526724100,-14.7489519416,-68.00,-14.7489519416188,2.01410337405199,8.83056660920234,3.67809580369712,349.66164844236,0
-69.9864538200,43.7526717400,-14.5181306385,-67.00,-14.5181306384566,2.01127584521317,8.8305487237329,3.68614767668559,349.66164844236,0
-69.9864501500,43.7526710700,-14.2873093363,-66.00,-14.2873093363021,2.00844831638863,8.83053083826355,3.6941995496562,349.66164844236,0
-69.9864464800,43.7526704000,-14.0564880341,-65.00,-14.0564880341475,2.00562078756409,8.83051295279419,3.70225142262682,349.66164844236,0
-69.9864428100,43.7526697300,-13.8256667320,-64.00,-13.8256667319929,2.00279325873955,8.83049506732483,3.71030329559743,349.66164844236,0
-69.9864391400,43.7526690600,-13.5948454298,-63.00,-13.5948454298383,1.99996572991502,8.83047718185548,3.71835516856805,349.66164844236,0
-69.9864354700,43.7526683900,-13.3640241275,-62.00,-13.3640241275045,1.99713820108524,8.8304592963861,3.72640704151768,349.66164844236,0
-69.9864317900,43.7526677200,-13.1326199269,-61.00,-13.1326199268972,1.99430431385697,8.83044136734232,3.73448624476333,349.66164844236,0
-69.9864281200,43.7526670500,-12.9017986247,-60.00,-12.9017986247426,1.99147678503243,8.83042348187297,3.74253811773395,349.66164844236,0
-69.9864244500,43.7526663800,-12.6709773226,-59.00,-12.670977322588,1.98864925620789,8.83040559640361,3.75058999070456,349.66164844236,0
-69.9864207800,43.7526657100,-12.4401560204,-58.00,-12.4401560204334,1.98582172738335,8.83038771093426,3.75864186367518,349.66164844236,0
-69.9864171100,43.7526650400,-12.2093347181,-57.00,-12.2093347180996,1.98299419855358,8.83036982546488,3.76669373662481,349.66164844236,0
-69.9864134400,43.7526643700,-11.9785134159,-56.00,-11.978513415945,1.98016666972904,8.83035193999552,3.77474560959542,349.66164844236,0
-69.9864097700,43.7526637000,-11.7476921130,-55.00,-11.7476921129621,1.97733914089546,8.83033405452611,3.78279748260488,349.66164844236,0
-69.9864061000,43.7526630300,-11.5168708108,-54.00,-11.5168708108075,1.97451161207092,8.83031616905675,3.79084935557549,349.66164844236,0
-69.9864024200,43.7526623600,-11.2854666110,-53.00,-11.2854666110286,1.97167772485169,8.83029824001304,3.7989285587823,349.66164844236,0
-69.9863987500,43.7526616900,-11.0546453087,-52.00,-11.0546453086948,1.96885019602192,8.83028035454366,3.80698043173194,349.66164844236,0
-69.9863950800,43.7526610200,-10.8238240057,-51.00,-10.8238240057118,1.96602266718834,8.83026246907424,3.81503230474139,349.66164844236,0
-69.9863914100,43.7526603500,-10.5930027036,-50.00,-10.5930027035572,1.9631951383638,8.83024458360488,3.82308417771201,349.66164844236,0
-69.9863877400,43.7526596800,-10.3621814014,-49.00,-10.3621814014026,1.96036760953926,8.83022669813553,3.83113605068262,349.66164844236,0
-69.9863840700,43.7526590100,-10.1313600992,-48.00,-10.1313600992481,1.95754008071472,8.83020881266617,3.83918792365323,349.66164844236,0
-69.9863804000,43.7526583400,-9.9005387969,-47.00,-9.90053879709346,1.95471255189018,8.83019092719682,3.84723979662385,349.66164844236,0
-69.9863767300,43.7526576700,-9.6697174948,-46.00,-9.66971749475966,1.95188502306041,8.83017304172744,3.85529166957348,349.66164844236,0
-69.9863730500,43.7526570100,-9.4385654992,-45.00,-9.43856549924584,1.949058508915,8.83015514094739,3.86340040013515,349.66164844236,0
-69.9863693800,43.7526563400,-9.2077441971,-44.00,-9.20774419709125,1.94623098009046,8.83013725547804,3.87145227310576,349.66164844236,0
-69.9863657100,43.7526556700,-8.9769228949,-43.00,-8.97692289493665,1.94340345126592,8.83011937000868,3.87950414607638,349.66164844236,0
-69.9863620400,43.7526550000,-8.7461015926,-42.00,-8.74610159260286,1.94057592243614,8.8301014845393,3.88755601902601,349.66164844236,0
-69.9863583700,43.7526543300,-8.5152802904,-41.00,-8.51528029044826,1.9377483936116,8.83008359906995,3.89560789199662,349.66164844236,0
-69.9863547000,43.7526536600,-8.2844589883,-40.00,-8.28445898829367,1.93492086478706,8.83006571360059,3.90365976496724,349.66164844236,0
-69.9863510300,43.7526529900,-8.0536376853,-39.00,-8.05363768531073,1.93209333595349,8.83004782813117,3.91171163797669,349.66164844236,0
-69.9863473600,43.7526523200,-7.8228163832,-38.00,-7.82281638315614,1.92926580712895,8.83002994266182,3.91976351094731,349.66164844236,0
-69.9863436800,43.7526516500,-7.5914121832,-37.00,-7.591412183198,1.92643191990448,8.83001201361808,3.92784271413314,349.66164844236,0
-69.9863400100,43.7526509800,-7.3605908810,-36.00,-7.36059088104341,1.92360439107994,8.82999412814873,3.93589458710375,349.66164844236,0
-69.9863363400,43.7526503100,-7.1297695781,-35.00,-7.12976957806047,1.92077686224637,8.82997624267931,3.9439464601132,349.66164844236,0
-69.9863326700,43.7526496400,-6.8989482759,-34.00,-6.89894827590587,1.91794933342183,8.82995835720995,3.95199833308382,349.66164844236,0
-69.9863290000,43.7526489700,-6.6681269738,-33.00,-6.66812697375128,1.91512180459729,8.82994047174059,3.96005020605443,349.66164844236,0
-69.9863253300,43.7526483000,-6.4373056714,-32.00,-6.43730567141749,1.91229427576751,8.82992258627122,3.96810207900407,349.66164844236,0
-69.9863216600,43.7526476300,-6.2064843693,-31.00,-6.20648436926289,1.90946674694297,8.82990470080186,3.97615395197468,349.66164844236,0
-69.9863179800,43.7526469600,-5.9788930556,-30.00,-5.97889305558604,-328079.71917,-328079.546467109,-99999,349.66164844236,0
-69.9863143100,43.7526462900,-5.7734429309,-29.00,-5.77344293092433,-328079.71917,-328079.546467109,-99999,349.66164844236,0
-69.9863106400,43.7526456200,-5.5679928063,-28.00,-5.56799280626261,-328079.71917,-328079.546467109,-99999,349.66164844236,0
-69.9863069700,43.7526449500,-5.3625426814,-27.00,-5.3625426814433,-328079.71917,-328079.546467109,-99999,349.66164844236,0
-69.9863033000,43.7526442800,-5.1570925568,-26.00,-5.15709255678159,-328079.71917,-328079.546467109,-99999,349.66164844236,0
-69.9862996300,43.7526436100,-4.9516424321,-25.00,-4.95164243211987,-328079.71917,-328079.546467109,-99999,349.66164844236,0
-69.9862959600,43.7526429400,-4.7461923075,-24.00,-4.74619230745815,-328079.71917,-328079.546467109,-99999,349.66164844236,0
-69.9862922900,43.7526422700,-4.5407421821,-23.00,-4.54074218205844,-328079.71917,-328079.546467109,-99999,349.66164844236,0
-69.9862886100,43.7526416000,-4.3347727379,-22.00,-4.33477273785924,-328079.71917,-328079.546467109,-99999,349.66164844236,0
-69.9862849400,43.7526409300,-4.1293226132,-21.00,-4.12932261319752,-328079.71917,-328079.546467109,-99999,349.66164844236,0
-69.9862812700,43.7526402600,-3.9238724885,-20.00,-3.9238724885358,-328079.71917,-328079.546467109,-99999,349.66164844236,0
-69.9862776000,43.7526395900,-3.7184223631,-19.00,-3.71842236313609,-328079.71917,-328079.546467109,-99999,349.66164844236,0
-69.9862739300,43.7526389200,-3.5129722385,-18.00,-3.51297223847437,-328079.71917,-328079.546467109,-99999,349.66164844236,0
-69.9862702600,43.7526382500,-3.3075221137,-17.00,-3.30752211365506,-328079.71917,-328079.546467109,-99999,349.66164844236,0
-69.9862665900,43.7526375800,-3.1020719890,-16.00,-3.10207198899335,-328079.71917,-328079.546467109,-99999,349.66164844236,0
-69.9862629200,43.7526369100,-2.8966218643,-15.00,-2.89662186433163,-328079.71917,-328079.546467109,-99999,349.66164844236,0
-69.9862592400,43.7526362400,-2.6906524196,-14.00,-2.69065241955202,-328079.71917,-328079.546467109,-99999,349.66164844236,0
-69.9862555700,43.7526355700,-2.4852022949,-13.00,-2.4852022948903,-328079.71917,-328079.546467109,-99999,349.66164844236,0
-69.9862519000,43.7526349000,-2.2797521701,-12.00,-2.279752170071,-328079.71917,-328079.546467109,-99999,349.66164844236,0
-69.9862482300,43.7526342300,-2.0743020454,-11.00,-2.07430204540928,-328079.71917,-328079.546467109,-99999,349.66164844236,0
-69.9862445600,43.7526335700,-1.8690737087,-10.00,-1.86907370871689,-328079.71917,-328079.546467109,-99999,349.66164844236,0
-69.9862408900,43.7526329000,-1.6636235841, -9.00,-1.66362358405517,-328079.71917,-328079.546467109,-99999,349.66164844236,0
-69.9862372200,43.7526322300,-1.4581734594, -8.00,-1.45817345939346,-328079.71917,-328079.546467109,-99999,349.66164844236,0
-69.9862335500,43.7526315600,-1.2527233338, -7.00,-1.25272333383615,-328079.71917,-328079.546467109,-99999,349.66164844236,0
-69.9862298700,43.7526308900,-1.0467538898, -6.00,-1.04675388979454,-328079.71917,-328079.546467109,-99999,349.66164844236,0
-69.9862262000,43.7526302200,-0.8413037651, -5.00,-0.841303765132824,-328079.71917,-328079.546467109,-99999,349.66164844236,0
-69.9862225300,43.7526295500,-0.6358536405, -4.00,-0.635853640471109,-328079.71917,-328079.546467109,-99999,349.66164844236,0
-69.9862188600,43.7526288800,-0.4304035151, -3.00,-0.430403515071392,-328079.71917,-328079.546467109,-99999,349.66164844236,0
-69.9862151900,43.7526282100,-0.2249533903, -2.00,-0.224953390252086,-328079.71917,-328079.546467109,-99999,349.66164844236,0
-69.9862115200,43.7526275400,-0.0195032656, -1.00,-0.0195032655903696,-328079.71917,-328079.546467109,-99999,349.66164844236,0
-69.9862078500,43.7526268700,0.1859468591,  0.00,0.185946859071347,-328079.71917,-328079.546467109,-99999,349.66164844236,0
-69.9862041800,43.7526262000,0.3913969837,  1.00,0.391396983733063,-328079.71917,-328079.546467109,-99999,349.66164844236,0
-69.9862005000,43.7526255300,0.5973664285,  2.00,0.597366428512673,-328079.71917,-328079.546467109,-99999,349.66164844236,0
-69.9861968300,43.7526248600,0.8028165533,  3.00,0.802816553331981,-328079.71917,-328079.546467109,-99999,349.66164844236,0
-69.9861931600,43.7526241900,1.0082666780,  4.00,1.0082666779937,-328079.71917,-328079.546467109,-99999,349.66164844236,0
-69.9861894900,43.7526235200,1.2137168027,  5.00,1.21371680265541,-328079.71917,-328079.546467109,-99999,349.66164844236,0
-69.9861858200,43.7526228500,1.4191669273,  6.00,1.41916692731713,-328079.71917,-328079.546467109,-99999,349.66164844236,0
-69.9861821500,43.7526221800,1.6246170520,  7.00,1.62461705197885,-328079.71917,-328079.546467109,-99999,349.66164844236,0
-69.9861784800,43.7526215100,1.8300671768,  8.00,1.83006717679815,-328079.71917,-328079.546467109,-99999,349.66164844236,0
-69.9861748000,43.7526208400,2.0360366216,  9.00,2.03603662157776,-328079.71917,-328079.546467109,-99999,349.66164844236,0
-69.9861711300,43.7526201700,2.2414867462, 10.00,2.24148674623948,-328079.71917,-328079.546467109,-99999,349.66164844236,0
-69.9861674600,43.7526195000,2.4469368709, 11.00,2.4469368709012,-328079.71917,-328079.546467109,-99999,349.66164844236,0
-69.9861637900,43.7526188300,2.6523869956, 12.00,2.65238699556291,-328079.71917,-328079.546467109,-99999,349.66164844236,0
-69.9861601200,43.7526181600,2.8578371211, 13.00,2.85783712112022,-328079.71917,-328079.546467109,-99999,349.66164844236,0
-69.9860334607,43.7525950550,4.3503938400, 47.50,9.93009625124845,-328079.71917,-328079.546467109,-99999,349.66164844236,0
-69.9860022600,43.7525893600,5.0688978000, 56.00,11.6710570030479,-328079.71917,-328079.546467109,-99999,349.66164844236,0
-69.9859949100,43.7525880200,13.7959322000, 58.00,12.08114254902,-328079.71917,-328079.546467109,-99999,349.66164844236,0
-69.9859875700,43.7525866800,15.4363522000, 60.00,12.4907110246171,-328079.71917,-328079.546467109,-99999,349.66164844236,0
-69.9859783925,43.7525850100,15.5380582400, 62.50,13.0026888004737,-328079.71917,-328079.546467109,-99999,349.66164844236,0
-69.9859398433,43.7525779800,15.8628614000, 73.00,15.1535454510598,-328079.71917,-328079.546467109,-99999,349.66164844236,0
-69.9858884455,43.7525686000,17.7985570000, 87.00,15.7439761741791,-328079.71917,-328079.546467109,-99999,349.66164844236,0
-69.9858554040,43.7525625700,19.1797906400, 96.00,16.0962262589718,-328079.71917,-328079.546467109,-99999,349.66164844236,0
-69.9858333780,43.7525585600,19.2421266000,102.00,16.3310046868004,-328079.71917,-328079.546467109,-99999,349.66164844236,0
-69.9858003355,43.7525525300,19.1437014000,111.00,16.6832647323882,-328079.71917,-328079.546467109,-99999,349.66164844236,0
-69.9857672940,43.7525465000,18.8484258000,120.00,17.0355148173497,-328079.71917,-328079.546467109,-99999,349.66164844236,0
-69.9857452660,43.7525424800,18.4875334000,126.00,17.27035152758,-328079.71917,-328079.546467109,-99999,349.66164844236,0
-69.9857140600,43.7525367870,18.2283470400,134.50,17.603025874488,-328079.71917,-328079.546467109,-99999,349.66164844236,0
-69.9856865267,43.7525317700,18.6843838000,142.00,17.8965241402953,-328079.71917,-328079.546467109,-99999,349.66164844236,0
-69.9856516493,43.7525254050,18.8188982400,151.50,18.2683462752059,-328079.71917,-328079.546467109,-99999,349.66164844236,0
-69.9856167700,43.7525190400,18.6548562400,161.00,18.6401873356129,-328079.71917,-328079.546467109,-99999,349.66164844236,0
-69.9855892380,43.7525140150,18.9829402400,168.50,18.9337033409868,-328079.71917,-328079.546467109,-99999,349.66164844236,0
-69.9855561950,43.7525079933,19.6030190000,177.50,19.2859365274635,-328079.71917,-328079.546467109,-99999,349.66164844236,0
-69.9855360033,43.7525043100,20.0623366000,183.00,19.5011906819966,-328079.71917,-328079.546467109,-99999,349.66164844236,0
-69.9855176500,43.7525009600,19.1797906400,188.00,19.6987924058694,-328079.71917,-328079.546467109,-99999,349.66164844236,0
-69.9854882778,43.7524956000,19.8031502400,196.00,20.0228271559405,-328079.71917,-328079.546467109,-99999,349.66164844236,0
-69.9854662500,43.7524915800,20.3576122000,202.00,20.265839648328,-328079.71917,-328079.546467109,-99999,349.66164844236,0
-69.9854442236,43.7524875600,20.1640426400,208.00,20.9228378529402,-328079.71917,-328079.546467109,-99999,349.66164844236,0
-69.9854020030,43.7524798650,21.1154862400,219.50,22.8106745602473,-328079.71917,-328079.546467109,-99999,349.66164844236,0
-69.9853561123,43.7524714900,21.1778222000,232.00,25.0179686941585,-328079.71917,-328079.546467109,-99999,349.66164844236,0
-69.9853194000,43.7524647900,22.0308406000,242.00,26.7837913026125,-328079.71917,-328079.546467109,-99999,349.66164844236,0
-69.9852624950,43.7524544113,23.4383209600,257.50,29.5208875991533,-328079.71917,-328079.546467109,-99999,349.66164844236,0
-69.9852092600,43.7524447000,32.3326782000,272.00,32.0814511481115,-328079.71917,-328079.546467109,-99999,349.66164844236,0
-69.9851468507,43.7524333128,40.5971141600,289.00,35.0832823222144,-328079.71917,-328079.546467109,-99999,349.66164844236,0
-69.9850734256,43.7524199200,42.0078753600,309.00,38.6149812027144,-328079.71917,-328079.546467109,-99999,349.66164844236,0
-69.9850275350,43.7524115450,42.2703425600,321.50,40.8222704525199,-328079.71917,-328079.546467109,-99999,349.66164844236,0
-69.9849834800,43.7524035062,44.9278229600,333.50,42.9412741783219,-328079.71917,-328079.546467109,-99999,349.66164844236,0
