X,Y,Z,STA,source
-70.1834999300,43.6774920200,-81.7000556778,-1336.00,Maine ADCIRC model
-70.1835007200,43.6774893400,-81.6673495490,-1335.00,Maine ADCIRC model
-70.1835015200,43.6774866600,-81.6345256724,-1334.00,Maine ADCIRC model
-70.1835023100,43.6774839700,-81.6017322151,-1333.00,Maine ADCIRC model
-70.1835031100,43.6774812900,-81.5689083384,-1332.00,Maine ADCIRC model
-70.1835039000,43.6774786100,-81.5362022096,-1331.00,Maine ADCIRC model
-70.1835046900,43.6774759200,-81.5034087522,-1330.00,Maine ADCIRC model
-70.1835054900,43.6774732400,-81.4705848756,-1329.00,Maine ADCIRC model
-70.1835062800,43.6774705600,-81.4378787469,-1328.00,Maine ADCIRC model
-70.1835070800,43.6774678800,-81.4050548703,-1327.00,Maine ADCIRC model
-70.1835078700,43.6774651900,-81.3722614130,-1326.00,Maine ADCIRC model
-70.1835086700,43.6774625100,-81.3394375364,-1325.00,Maine ADCIRC model
-70.1835094600,43.6774598300,-81.3067314076,-1324.00,Maine ADCIRC model
-70.1835102600,43.6774571400,-81.2738202023,-1323.00,Maine ADCIRC model
-70.1835110500,43.6774544600,-81.2411140735,-1322.00,Maine ADCIRC model
-70.1835118400,43.6774517800,-81.2084079449,-1321.00,Maine ADCIRC model
-70.1835126400,43.6774491000,-81.1755840681,-1320.00,Maine ADCIRC model
-70.1835134300,43.6774464100,-81.1427906108,-1319.00,Maine ADCIRC model
-70.1835142300,43.6774437300,-81.1099667342,-1318.00,Maine ADCIRC model
-70.1835150200,43.6774410500,-81.0772606054,-1317.00,Maine ADCIRC model
-70.1835158200,43.6774383600,-81.0443494003,-1316.00,Maine ADCIRC model
-70.1835166100,43.6774356800,-81.0116432716,-1315.00,Maine ADCIRC model
-70.1835174000,43.6774330000,-80.9789371428,-1314.00,Maine ADCIRC model
-70.1835182000,43.6774303200,-80.9461132662,-1313.00,Maine ADCIRC model
-70.1835189900,43.6774276300,-80.9133198088,-1312.00,Maine ADCIRC model
-70.1835197900,43.6774249500,-80.8804959321,-1311.00,Maine ADCIRC model
-70.1835205800,43.6774222700,-80.8477898033,-1310.00,Maine ADCIRC model
-70.1835213800,43.6774195800,-80.8148785982,-1309.00,Maine ADCIRC model
-70.1835221700,43.6774169000,-80.7821724694,-1308.00,Maine ADCIRC model
-70.1835229700,43.6774142200,-80.7493485928,-1307.00,Maine ADCIRC model
-70.1835237600,43.6774115400,-80.7166424640,-1306.00,Maine ADCIRC model
-70.1835245500,43.6774088500,-80.6838490067,-1305.00,Maine ADCIRC model
-70.1835253500,43.6774061700,-80.6510251301,-1304.00,Maine ADCIRC model
-70.1835261400,43.6774034900,-80.6183190014,-1303.00,Maine ADCIRC model
-70.1835269400,43.6774008000,-80.5854077962,-1302.00,Maine ADCIRC model
-70.1835277300,43.6773981200,-80.5527016674,-1301.00,Maine ADCIRC model
-70.1835285300,43.6773954400,-80.5198777906,-1300.00,Maine ADCIRC model
-70.1835293200,43.6773927600,-80.4871716619,-1299.00,Maine ADCIRC model
-70.1835301100,43.6773900700,-80.4543782046,-1298.00,Maine ADCIRC model
-70.1835309100,43.6773873900,-80.4215543280,-1297.00,Maine ADCIRC model
-70.1835317000,43.6773847100,-80.3888481992,-1296.00,Maine ADCIRC model
-70.1835325000,43.6773820200,-80.3559369941,-1295.00,Maine ADCIRC model
-70.1835332900,43.6773793400,-80.3232308653,-1294.00,Maine ADCIRC model
-70.1835340900,43.6773766600,-80.2904069887,-1293.00,Maine ADCIRC model
-70.1835348800,43.6773739700,-80.2576135313,-1292.00,Maine ADCIRC model
-70.1835356800,43.6773712900,-80.2247896546,-1291.00,Maine ADCIRC model
-70.1835364700,43.6773686100,-80.1920835258,-1290.00,Maine ADCIRC model
-70.1835372600,43.6773659300,-80.1593773972,-1289.00,Maine ADCIRC model
-70.1835380600,43.6773632400,-80.1264661919,-1288.00,Maine ADCIRC model
-70.1835388500,43.6773605600,-80.0937600631,-1287.00,Maine ADCIRC model
-70.1835396500,43.6773578800,-80.0609361865,-1286.00,Maine ADCIRC model
-70.1835404400,43.6773551900,-80.0281427292,-1285.00,Maine ADCIRC model
-70.1835412400,43.6773525100,-79.9953188526,-1284.00,Maine ADCIRC model
-70.1835420300,43.6773498300,-79.9626127238,-1283.00,Maine ADCIRC model
-70.1835428200,43.6773471500,-79.9299065951,-1282.00,Maine ADCIRC model
-70.1835436200,43.6773444600,-79.8969953899,-1281.00,Maine ADCIRC model
-70.1835444100,43.6773417800,-79.8642892611,-1280.00,Maine ADCIRC model
-70.1835452100,43.6773391000,-79.8314653844,-1279.00,Maine ADCIRC model
-70.1835460000,43.6773364100,-79.7986719271,-1278.00,Maine ADCIRC model
-70.1835468000,43.6773337300,-79.7658480505,-1277.00,Maine ADCIRC model
-70.1835475900,43.6773310500,-79.7331419217,-1276.00,Maine ADCIRC model
-70.1835483900,43.6773283700,-79.7003180451,-1275.00,Maine ADCIRC model
-70.1835491800,43.6773256800,-79.6675245878,-1274.00,Maine ADCIRC model
-70.1835499700,43.6773230000,-79.6348184590,-1273.00,Maine ADCIRC model
-70.1835507700,43.6773203200,-79.6019945824,-1272.00,Maine ADCIRC model
-70.1835515600,43.6773176300,-79.5692011251,-1271.00,Maine ADCIRC model
-70.1835523600,43.6773149500,-79.5363772485,-1270.00,Maine ADCIRC model
-70.1835531500,43.6773122700,-79.5036711197,-1269.00,Maine ADCIRC model
-70.1835539500,43.6773095900,-79.4708472430,-1268.00,Maine ADCIRC model
-70.1835547400,43.6773069000,-79.4380537856,-1267.00,Maine ADCIRC model
-70.1835555300,43.6773042200,-79.4053476569,-1266.00,Maine ADCIRC model
-70.1835563300,43.6773015400,-79.3725237803,-1265.00,Maine ADCIRC model
-70.1835571200,43.6772988500,-79.3397303229,-1264.00,Maine ADCIRC model
-70.1835579200,43.6772961700,-79.3069064463,-1263.00,Maine ADCIRC model
-70.1835587100,43.6772934900,-79.2742003175,-1262.00,Maine ADCIRC model
-70.1835595100,43.6772908100,-79.2413764410,-1261.00,Maine ADCIRC model
-70.1835603000,43.6772881200,-79.2085829837,-1260.00,Maine ADCIRC model
-70.1835610900,43.6772854400,-79.1758768549,-1259.00,Maine ADCIRC model
-70.1835618900,43.6772827600,-79.1430529783,-1258.00,Maine ADCIRC model
-70.1835626800,43.6772800700,-79.1102595210,-1257.00,Maine ADCIRC model
-70.1835634800,43.6772773900,-79.0774356442,-1256.00,Maine ADCIRC model
-70.1835642700,43.6772747100,-79.0447295154,-1255.00,Maine ADCIRC model
-70.1835650700,43.6772720300,-79.0119056388,-1254.00,Maine ADCIRC model
-70.1835658600,43.6772693400,-78.9791121815,-1253.00,Maine ADCIRC model
-70.1835666600,43.6772666600,-78.9462883049,-1252.00,Maine ADCIRC model
-70.1835674500,43.6772639800,-78.9135821761,-1251.00,Maine ADCIRC model
-70.1835682400,43.6772612900,-78.8807887188,-1250.00,Maine ADCIRC model
-70.1835690400,43.6772586100,-78.8479648423,-1249.00,Maine ADCIRC model
-70.1835698300,43.6772559300,-78.8152587135,-1248.00,Maine ADCIRC model
-70.1835706300,43.6772532500,-78.7824348367,-1247.00,Maine ADCIRC model
-70.1835714200,43.6772505600,-78.7496413794,-1246.00,Maine ADCIRC model
-70.1835722200,43.6772478800,-78.7168175028,-1245.00,Maine ADCIRC model
-70.1835730100,43.6772452000,-78.6841113740,-1244.00,Maine ADCIRC model
-70.1835738000,43.6772425100,-78.6513179167,-1243.00,Maine ADCIRC model
-70.1835746000,43.6772398300,-78.6184940401,-1242.00,Maine ADCIRC model
-70.1835753900,43.6772371500,-78.5857879113,-1241.00,Maine ADCIRC model
-70.1835761900,43.6772344700,-78.5529640347,-1240.00,Maine ADCIRC model
-70.1835769800,43.6772317800,-78.5201705774,-1239.00,Maine ADCIRC model
-70.1835777800,43.6772291000,-78.4873467008,-1238.00,Maine ADCIRC model
-70.1835785700,43.6772264200,-78.4546405720,-1237.00,Maine ADCIRC model
-70.1835793700,43.6772237300,-78.4217293667,-1236.00,Maine ADCIRC model
-70.1835801600,43.6772210500,-78.3890232379,-1235.00,Maine ADCIRC model
-70.1835809500,43.6772183700,-78.3563171091,-1234.00,Maine ADCIRC model
-70.1835817500,43.6772156900,-78.3234932325,-1233.00,Maine ADCIRC model
-70.1835825400,43.6772130000,-78.2906997753,-1232.00,Maine ADCIRC model
-70.1835833400,43.6772103200,-78.2578758987,-1231.00,Maine ADCIRC model
-70.1835841300,43.6772076400,-78.2251697699,-1230.00,Maine ADCIRC model
-70.1835849300,43.6772049500,-78.1922585647,-1229.00,Maine ADCIRC model
-70.1835857200,43.6772022700,-78.1595524360,-1228.00,Maine ADCIRC model
-70.1835865100,43.6771995900,-78.1268463072,-1227.00,Maine ADCIRC model
-70.1835873100,43.6771969100,-78.0940224306,-1226.00,Maine ADCIRC model
-70.1835881000,43.6771942200,-78.0612289733,-1225.00,Maine ADCIRC model
-70.1835889000,43.6771915400,-78.0284050965,-1224.00,Maine ADCIRC model
-70.1835896900,43.6771888600,-77.9956989677,-1223.00,Maine ADCIRC model
-70.1835904900,43.6771861700,-77.9627877626,-1222.00,Maine ADCIRC model
-70.1835912800,43.6771834900,-77.9300816338,-1221.00,Maine ADCIRC model
-70.1835920800,43.6771808100,-77.8972577573,-1220.00,Maine ADCIRC model
-70.1835928700,43.6771781200,-77.8644642999,-1219.00,Maine ADCIRC model
-70.1835936600,43.6771754400,-77.8317581711,-1218.00,Maine ADCIRC model
-70.1835944600,43.6771727600,-77.7989342945,-1217.00,Maine ADCIRC model
-70.1835952500,43.6771700800,-77.7662281658,-1216.00,Maine ADCIRC model
-70.1835960500,43.6771673900,-77.7333169605,-1215.00,Maine ADCIRC model
-70.1835968400,43.6771647100,-77.7006108317,-1214.00,Maine ADCIRC model
-70.1835976400,43.6771620300,-77.6677869551,-1213.00,Maine ADCIRC model
-70.1835984300,43.6771593400,-77.6349934978,-1212.00,Maine ADCIRC model
-70.1835992200,43.6771566600,-77.6022873690,-1211.00,Maine ADCIRC model
-70.1836000200,43.6771539800,-77.5694634924,-1210.00,Maine ADCIRC model
-70.1836008100,43.6771513000,-77.5367573636,-1209.00,Maine ADCIRC model
-70.1836016100,43.6771486100,-77.5038461585,-1208.00,Maine ADCIRC model
-70.1836024000,43.6771459300,-77.4711400297,-1207.00,Maine ADCIRC model
-70.1836032000,43.6771432500,-77.4383161531,-1206.00,Maine ADCIRC model
-70.1836039900,43.6771405600,-77.4055226958,-1205.00,Maine ADCIRC model
-70.1836047900,43.6771378800,-77.3726988190,-1204.00,Maine ADCIRC model
-70.1836055800,43.6771352000,-77.3399926903,-1203.00,Maine ADCIRC model
-70.1836063700,43.6771325200,-77.3072865615,-1202.00,Maine ADCIRC model
-70.1836071700,43.6771298300,-77.2743753563,-1201.00,Maine ADCIRC model
-70.1836079600,43.6771271500,-77.2416692275,-1200.00,Maine ADCIRC model
-70.1836087600,43.6771244700,-77.2088453510,-1199.00,Maine ADCIRC model
-70.1836095500,43.6771217800,-77.1760518937,-1198.00,Maine ADCIRC model
-70.1836103500,43.6771191000,-77.1432280170,-1197.00,Maine ADCIRC model
-70.1836111400,43.6771164200,-77.1105218882,-1196.00,Maine ADCIRC model
-70.1836119300,43.6771137400,-77.0778157595,-1195.00,Maine ADCIRC model
-70.1836127300,43.6771110500,-77.0449045544,-1194.00,Maine ADCIRC model
-70.1836135200,43.6771083700,-77.0121984256,-1193.00,Maine ADCIRC model
-70.1836143200,43.6771056900,-76.9793745488,-1192.00,Maine ADCIRC model
-70.1836151100,43.6771030000,-76.9465810915,-1191.00,Maine ADCIRC model
-70.1836159100,43.6771003200,-76.9137572149,-1190.00,Maine ADCIRC model
-70.1836167000,43.6770976400,-76.8810510861,-1189.00,Maine ADCIRC model
-70.1836174900,43.6770949600,-76.8483449573,-1188.00,Maine ADCIRC model
-70.1836182900,43.6770922700,-76.8154337522,-1187.00,Maine ADCIRC model
-70.1836190800,43.6770895900,-76.7827276234,-1186.00,Maine ADCIRC model
-70.1836198800,43.6770869100,-76.7499037468,-1185.00,Maine ADCIRC model
-70.1836206700,43.6770842200,-76.7171102895,-1184.00,Maine ADCIRC model
-70.1836214700,43.6770815400,-76.6842864128,-1183.00,Maine ADCIRC model
-70.1836222600,43.6770788600,-76.6515802840,-1182.00,Maine ADCIRC model
-70.1836230600,43.6770761800,-76.6187564074,-1181.00,Maine ADCIRC model
-70.1836238500,43.6770734900,-76.5859629501,-1180.00,Maine ADCIRC model
-70.1836246400,43.6770708100,-76.5532568213,-1179.00,Maine ADCIRC model
-70.1836254400,43.6770681300,-76.5204329447,-1178.00,Maine ADCIRC model
-70.1836262300,43.6770654400,-76.4876394874,-1177.00,Maine ADCIRC model
-70.1836270300,43.6770627600,-76.4548156108,-1176.00,Maine ADCIRC model
-70.1836278200,43.6770600800,-76.4221094820,-1175.00,Maine ADCIRC model
-70.1836286200,43.6770574000,-76.3892856054,-1174.00,Maine ADCIRC model
-70.1836294100,43.6770547100,-76.3564921481,-1173.00,Maine ADCIRC model
-70.1836302000,43.6770520300,-76.3237860193,-1172.00,Maine ADCIRC model
-70.1836310000,43.6770493500,-76.2909621425,-1171.00,Maine ADCIRC model
-70.1836317900,43.6770466600,-76.2581686853,-1170.00,Maine ADCIRC model
-70.1836325900,43.6770439800,-76.2253448086,-1169.00,Maine ADCIRC model
-70.1836333800,43.6770413000,-76.1926386798,-1168.00,Maine ADCIRC model
-70.1836341800,43.6770386200,-76.1598148032,-1167.00,Maine ADCIRC model
-70.1836349700,43.6770359300,-76.1270213460,-1166.00,Maine ADCIRC model
-70.1836357700,43.6770332500,-76.0941974694,-1165.00,Maine ADCIRC model
-70.1836365600,43.6770305700,-76.0614913406,-1164.00,Maine ADCIRC model
-70.1836373500,43.6770278800,-76.0286978832,-1163.00,Maine ADCIRC model
-70.1836381500,43.6770252000,-75.9958740067,-1162.00,Maine ADCIRC model
-70.1836389400,43.6770225200,-75.9631678779,-1161.00,Maine ADCIRC model
-70.1836397400,43.6770198400,-75.9303440011,-1160.00,Maine ADCIRC model
-70.1836405300,43.6770171500,-75.8975505438,-1159.00,Maine ADCIRC model
-70.1836413300,43.6770144700,-75.8647266672,-1158.00,Maine ADCIRC model
-70.1836421200,43.6770117900,-75.8320205384,-1157.00,Maine ADCIRC model
-70.1836429100,43.6770091000,-75.7992270811,-1156.00,Maine ADCIRC model
-70.1836437100,43.6770064200,-75.7664032045,-1155.00,Maine ADCIRC model
-70.1836445000,43.6770037400,-75.7336970758,-1154.00,Maine ADCIRC model
-70.1836453000,43.6770010600,-75.7008731992,-1153.00,Maine ADCIRC model
-70.1836460900,43.6769983700,-75.6680797418,-1152.00,Maine ADCIRC model
-70.1836468900,43.6769956900,-75.6352558650,-1151.00,Maine ADCIRC model
-70.1836476800,43.6769930100,-75.5986966724,-1150.00,Maine ADCIRC model
-70.1836484700,43.6769903200,-75.5526226594,-1149.00,Maine ADCIRC model
-70.1836492700,43.6769876400,-75.5067120411,-1148.00,Maine ADCIRC model
-70.1836500600,43.6769849600,-75.4608075171,-1147.00,Maine ADCIRC model
-70.1836508600,43.6769822700,-75.4147274098,-1146.00,Maine ADCIRC model
-70.1836516500,43.6769795900,-75.3688228858,-1145.00,Maine ADCIRC model
-70.1836524500,43.6769769100,-75.3229122675,-1144.00,Maine ADCIRC model
-70.1836532400,43.6769742300,-75.2770077435,-1143.00,Maine ADCIRC model
-70.1836540400,43.6769715400,-75.2309276361,-1142.00,Maine ADCIRC model
-70.1836548300,43.6769688600,-75.1850231122,-1141.00,Maine ADCIRC model
-70.1836556200,43.6769661800,-75.1391185883,-1140.00,Maine ADCIRC model
-70.1836564200,43.6769634900,-75.0930384808,-1139.00,Maine ADCIRC model
-70.1836572100,43.6769608100,-75.0471339569,-1138.00,Maine ADCIRC model
-70.1836580100,43.6769581300,-75.0012233386,-1137.00,Maine ADCIRC model
-70.1836588000,43.6769554500,-74.9553188147,-1136.00,Maine ADCIRC model
-70.1836596000,43.6769527600,-74.9092387072,-1135.00,Maine ADCIRC model
-70.1836603900,43.6769500800,-74.8633341833,-1134.00,Maine ADCIRC model
-70.1836611800,43.6769474000,-74.8174296594,-1133.00,Maine ADCIRC model
-70.1836619800,43.6769447100,-74.7713495520,-1132.00,Maine ADCIRC model
-70.1836627700,43.6769420300,-74.7254450280,-1131.00,Maine ADCIRC model
-70.1836635700,43.6769393500,-74.6795344097,-1130.00,Maine ADCIRC model
-70.1836643600,43.6769366700,-74.6336298858,-1129.00,Maine ADCIRC model
-70.1836651600,43.6769339800,-74.5875497784,-1128.00,Maine ADCIRC model
-70.1836659500,43.6769313000,-74.5416452544,-1127.00,Maine ADCIRC model
-70.1836667500,43.6769286200,-74.4957346361,-1126.00,Maine ADCIRC model
-70.1836675400,43.6769259300,-74.4496606231,-1125.00,Maine ADCIRC model
-70.1836683300,43.6769232500,-74.4037560992,-1124.00,Maine ADCIRC model
-70.1836691300,43.6769205700,-74.3578454808,-1123.00,Maine ADCIRC model
-70.1836699200,43.6769178900,-74.3119409569,-1122.00,Maine ADCIRC model
-70.1836707200,43.6769152000,-74.2658608495,-1121.00,Maine ADCIRC model
-70.1836715100,43.6769125200,-74.2199563256,-1120.00,Maine ADCIRC model
-70.1836723100,43.6769098400,-74.1740457072,-1119.00,Maine ADCIRC model
-70.1836731000,43.6769071500,-74.1279716942,-1118.00,Maine ADCIRC model
-70.1836738900,43.6769044700,-74.0820671702,-1117.00,Maine ADCIRC model
-70.1836746900,43.6769017900,-74.0361565520,-1116.00,Maine ADCIRC model
-70.1836754800,43.6768991100,-73.9902520280,-1115.00,Maine ADCIRC model
-70.1836762800,43.6768964200,-73.9441719206,-1114.00,Maine ADCIRC model
-70.1836770700,43.6768937400,-73.8982673966,-1113.00,Maine ADCIRC model
-70.1836778700,43.6768910600,-73.8523567784,-1112.00,Maine ADCIRC model
-70.1836786600,43.6768883700,-73.8062827653,-1111.00,Maine ADCIRC model
-70.1836794500,43.6768856900,-73.7603782414,-1110.00,Maine ADCIRC model
-70.1836802500,43.6768830100,-73.7144676230,-1109.00,Maine ADCIRC model
-70.1836810400,43.6768803300,-73.6685630992,-1108.00,Maine ADCIRC model
-70.1836818400,43.6768776400,-73.6224829917,-1107.00,Maine ADCIRC model
-70.1836826300,43.6768749600,-73.5765784678,-1106.00,Maine ADCIRC model
-70.1836834300,43.6768722800,-73.5306678494,-1105.00,Maine ADCIRC model
-70.1836842200,43.6768695900,-73.4845938365,-1104.00,Maine ADCIRC model
-70.1836850200,43.6768669100,-73.4386832181,-1103.00,Maine ADCIRC model
-70.1836858100,43.6768642300,-73.3927786942,-1102.00,Maine ADCIRC model
-70.1836866000,43.6768615500,-73.3468741702,-1101.00,Maine ADCIRC model
-70.1836874000,43.6768588600,-73.3007940629,-1100.00,Maine ADCIRC model
-70.1836881900,43.6768561800,-73.2548895389,-1099.00,Maine ADCIRC model
-70.1836889900,43.6768535000,-73.2089789206,-1098.00,Maine ADCIRC model
-70.1836897800,43.6768508100,-73.1629049075,-1097.00,Maine ADCIRC model
-70.1836905800,43.6768481300,-73.1169942893,-1096.00,Maine ADCIRC model
-70.1836913700,43.6768454500,-73.0710897653,-1095.00,Maine ADCIRC model
-70.1836921600,43.6768427700,-73.0251852413,-1094.00,Maine ADCIRC model
-70.1836929600,43.6768400800,-72.9791051339,-1093.00,Maine ADCIRC model
-70.1836937500,43.6768374000,-72.9332006100,-1092.00,Maine ADCIRC model
-70.1836945500,43.6768347200,-72.8872899917,-1091.00,Maine ADCIRC model
-70.1836953400,43.6768320300,-72.8412159787,-1090.00,Maine ADCIRC model
-70.1836961400,43.6768293500,-72.7953053603,-1089.00,Maine ADCIRC model
-70.1836969300,43.6768266700,-72.7494008364,-1088.00,Maine ADCIRC model
-70.1836977300,43.6768239900,-72.7034902181,-1087.00,Maine ADCIRC model
-70.1836985200,43.6768213000,-72.6574162051,-1086.00,Maine ADCIRC model
-70.1836993100,43.6768186200,-72.6115116811,-1085.00,Maine ADCIRC model
-70.1837001100,43.6768159400,-72.5656010628,-1084.00,Maine ADCIRC model
-70.1837009000,43.6768132500,-72.5195270498,-1083.00,Maine ADCIRC model
-70.1837017000,43.6768105700,-72.4736164315,-1082.00,Maine ADCIRC model
-70.1837024900,43.6768078900,-72.4277119075,-1081.00,Maine ADCIRC model
-70.1837032900,43.6768052100,-72.3818012892,-1080.00,Maine ADCIRC model
-70.1837040800,43.6768025200,-72.3357272762,-1079.00,Maine ADCIRC model
-70.1837048700,43.6767998400,-72.2898227523,-1078.00,Maine ADCIRC model
-70.1837056700,43.6767971600,-72.2439121339,-1077.00,Maine ADCIRC model
-70.1837064600,43.6767944700,-72.1978381209,-1076.00,Maine ADCIRC model
-70.1837072600,43.6767917900,-72.1519275026,-1075.00,Maine ADCIRC model
-70.1837080500,43.6767891100,-72.1060229787,-1074.00,Maine ADCIRC model
-70.1837088500,43.6767864200,-72.0599428712,-1073.00,Maine ADCIRC model
-70.1837096400,43.6767837400,-72.0140383473,-1072.00,Maine ADCIRC model
-70.1837104300,43.6767810600,-71.9681338234,-1071.00,Maine ADCIRC model
-70.1837112300,43.6767783800,-71.9222232051,-1070.00,Maine ADCIRC model
-70.1837120200,43.6767756900,-71.8761491920,-1069.00,Maine ADCIRC model
-70.1837128200,43.6767730100,-71.8302385737,-1068.00,Maine ADCIRC model
-70.1837136100,43.6767703300,-71.7843340497,-1067.00,Maine ADCIRC model
-70.1837144100,43.6767676400,-71.7382539424,-1066.00,Maine ADCIRC model
-70.1837152000,43.6767649600,-71.6923494184,-1065.00,Maine ADCIRC model
-70.1837160000,43.6767622800,-71.6464388001,-1064.00,Maine ADCIRC model
-70.1837167900,43.6767596000,-71.6005342761,-1063.00,Maine ADCIRC model
-70.1837175800,43.6767569100,-71.5544602632,-1062.00,Maine ADCIRC model
-70.1837183800,43.6767542300,-71.5085496448,-1061.00,Maine ADCIRC model
-70.1837191700,43.6767515500,-71.4626451209,-1060.00,Maine ADCIRC model
-70.1837199700,43.6767488600,-71.4165650135,-1059.00,Maine ADCIRC model
-70.1837207600,43.6767461800,-71.3706604896,-1058.00,Maine ADCIRC model
-70.1837215600,43.6767435000,-71.3247498712,-1057.00,Maine ADCIRC model
-70.1837223500,43.6767408200,-71.2788453473,-1056.00,Maine ADCIRC model
-70.1837231400,43.6767381300,-71.2327713342,-1055.00,Maine ADCIRC model
-70.1837239400,43.6767354500,-71.1868607160,-1054.00,Maine ADCIRC model
-70.1837247300,43.6767327700,-71.1409561920,-1053.00,Maine ADCIRC model
-70.1837255300,43.6767300800,-71.1003106727,-1052.00,Maine ADCIRC model
-70.1837263200,43.6767274000,-71.0748789825,-1051.00,Maine ADCIRC model
-70.1837271200,43.6767247200,-71.0494266848,-1050.00,Maine ADCIRC model
-70.1837279100,43.6767220400,-71.0239949947,-1049.00,Maine ADCIRC model
-70.1837287000,43.6767193500,-70.9984744848,-1048.00,Maine ADCIRC model
-70.1837295000,43.6767166700,-70.9730221870,-1047.00,Maine ADCIRC model
-70.1837302900,43.6767139900,-70.9475904970,-1046.00,Maine ADCIRC model
-70.1837310900,43.6767113000,-70.9220493794,-1045.00,Maine ADCIRC model
-70.1837318800,43.6767086200,-70.8966176893,-1044.00,Maine ADCIRC model
-70.1837326800,43.6767059400,-70.8711653915,-1043.00,Maine ADCIRC model
-70.1837334700,43.6767032600,-70.8457337014,-1042.00,Maine ADCIRC model
-70.1837342700,43.6767005700,-70.8201925839,-1041.00,Maine ADCIRC model
-70.1837350600,43.6766978900,-70.7947608938,-1040.00,Maine ADCIRC model
-70.1837358500,43.6766952100,-70.7693292036,-1039.00,Maine ADCIRC model
-70.1837366500,43.6766925200,-70.7437880862,-1038.00,Maine ADCIRC model
-70.1837374400,43.6766898400,-70.7183563960,-1037.00,Maine ADCIRC model
-70.1837382400,43.6766871600,-70.6929040983,-1036.00,Maine ADCIRC model
-70.1837390300,43.6766844800,-70.6674724081,-1035.00,Maine ADCIRC model
-70.1837398300,43.6766817900,-70.6419312907,-1034.00,Maine ADCIRC model
-70.1837406200,43.6766791100,-70.6164996005,-1033.00,Maine ADCIRC model
-70.1837414100,43.6766764300,-70.5910679104,-1032.00,Maine ADCIRC model
-70.1837422100,43.6766737400,-70.5655267928,-1031.00,Maine ADCIRC model
-70.1837430000,43.6766710600,-70.5400951027,-1030.00,Maine ADCIRC model
-70.1837438000,43.6766683800,-70.5146428050,-1029.00,Maine ADCIRC model
-70.1837445900,43.6766657000,-70.4892111149,-1028.00,Maine ADCIRC model
-70.1837453900,43.6766630100,-70.4636699973,-1027.00,Maine ADCIRC model
-70.1837461800,43.6766603300,-70.4382383072,-1026.00,Maine ADCIRC model
-70.1837469800,43.6766576500,-70.4094595987,-1025.00,Maine ADCIRC model
-70.1837477700,43.6766549600,-70.3634771021,-1024.00,Maine ADCIRC model
-70.1837485600,43.6766522800,-70.3176508599,-1023.00,Maine ADCIRC model
-70.1837493600,43.6766496000,-70.2717746167,-1022.00,Maine ADCIRC model
-70.1837501500,43.6766469200,-70.2259483747,-1021.00,Maine ADCIRC model
-70.1837509500,43.6766442300,-70.1799158771,-1020.00,Maine ADCIRC model
-70.1837517400,43.6766415500,-70.1340896349,-1019.00,Maine ADCIRC model
-70.1837525400,43.6766388700,-70.0882133918,-1018.00,Maine ADCIRC model
-70.1837533300,43.6766361800,-70.0422308953,-1017.00,Maine ADCIRC model
-70.1837541200,43.6766335000,-69.9964046531,-1016.00,Maine ADCIRC model
-70.1837549200,43.6766308200,-69.9505284100,-1015.00,Maine ADCIRC model
-70.1837557100,43.6766281400,-69.9047021678,-1014.00,Maine ADCIRC model
-70.1837565100,43.6766254500,-69.8586696704,-1013.00,Maine ADCIRC model
-70.1837573000,43.6766227700,-69.8128434282,-1012.00,Maine ADCIRC model
-70.1837581000,43.6766200900,-69.7669671850,-1011.00,Maine ADCIRC model
-70.1837588900,43.6766174000,-69.7209846884,-1010.00,Maine ADCIRC model
-70.1837596800,43.6766147200,-69.6751584464,-1009.00,Maine ADCIRC model
-70.1837604800,43.6766120400,-69.6292822032,-1008.00,Maine ADCIRC model
-70.1837612700,43.6766093500,-69.5832997066,-1007.00,Maine ADCIRC model
-70.1837620700,43.6766066700,-69.5374234635,-1006.00,Maine ADCIRC model
-70.1837628600,43.6766039900,-69.4915972213,-1005.00,Maine ADCIRC model
-70.1837636600,43.6766013100,-69.4457209783,-1004.00,Maine ADCIRC model
-70.1837644500,43.6765986200,-69.3997384817,-1003.00,Maine ADCIRC model
-70.1837652500,43.6765959400,-69.3538622386,-1002.00,Maine ADCIRC model
-70.1837660400,43.6765932600,-69.3080359964,-1001.00,Maine ADCIRC model
-70.1837668300,43.6765905700,-69.2620535000,-1000.00,Maine ADCIRC model
-70.1837676300,43.6765878900,-69.2161772568,-999.00,Maine ADCIRC model
-70.1837684200,43.6765852100,-69.1703510146,-998.00,Maine ADCIRC model
-70.1837692200,43.6765825300,-69.1244747714,-997.00,Maine ADCIRC model
-70.1837700100,43.6765798400,-69.0784922750,-996.00,Maine ADCIRC model
-70.1837708100,43.6765771600,-69.0326160319,-995.00,Maine ADCIRC model
-70.1837716000,43.6765744800,-68.9867897897,-994.00,Maine ADCIRC model
-70.1837723900,43.6765717900,-68.9408072931,-993.00,Maine ADCIRC model
-70.1837731900,43.6765691100,-68.8949310501,-992.00,Maine ADCIRC model
-70.1837739800,43.6765664300,-68.8491048079,-991.00,Maine ADCIRC model
-70.1837747800,43.6765637500,-68.8032285648,-990.00,Maine ADCIRC model
-70.1837755700,43.6765610600,-68.7572460682,-989.00,Maine ADCIRC model
-70.1837763700,43.6765583800,-68.7113698251,-988.00,Maine ADCIRC model
-70.1837771600,43.6765557000,-68.6655435829,-987.00,Maine ADCIRC model
-70.1837779500,43.6765530100,-68.6195610863,-986.00,Maine ADCIRC model
-70.1837787500,43.6765503300,-68.5736848432,-985.00,Maine ADCIRC model
-70.1837795400,43.6765476500,-68.5278586011,-984.00,Maine ADCIRC model
-70.1837803400,43.6765449700,-68.4819823580,-983.00,Maine ADCIRC model
-70.1837811300,43.6765422800,-68.4359998614,-982.00,Maine ADCIRC model
-70.1837819300,43.6765396000,-68.3901236183,-981.00,Maine ADCIRC model
-70.1837827200,43.6765369200,-68.3442973761,-980.00,Maine ADCIRC model
-70.1837835200,43.6765342300,-68.2982648786,-979.00,Maine ADCIRC model
-70.1837843100,43.6765315500,-68.2524386365,-978.00,Maine ADCIRC model
-70.1837851000,43.6765288700,-68.2066123943,-977.00,Maine ADCIRC model
-70.1837859000,43.6765261900,-68.1607361511,-976.00,Maine ADCIRC model
-70.1837866900,43.6765235000,-68.1147536547,-975.00,Maine ADCIRC model
-70.1837874900,43.6765208200,-68.0688774115,-974.00,Maine ADCIRC model
-70.1837882800,43.6765181400,-68.0230511693,-973.00,Maine ADCIRC model
-70.1837890800,43.6765154500,-67.9770186718,-972.00,Maine ADCIRC model
-70.1837898700,43.6765127700,-67.9311924297,-971.00,Maine ADCIRC model
-70.1837906600,43.6765100900,-67.8853661875,-970.00,Maine ADCIRC model
-70.1837914600,43.6765074100,-67.8394899444,-969.00,Maine ADCIRC model
-70.1837922500,43.6765047200,-67.7935074478,-968.00,Maine ADCIRC model
-70.1837930500,43.6765020400,-67.7476312048,-967.00,Maine ADCIRC model
-70.1837938400,43.6764993600,-67.7018049626,-966.00,Maine ADCIRC model
-70.1837946400,43.6764966700,-67.6557724651,-965.00,Maine ADCIRC model
-70.1837954300,43.6764939900,-67.6099462229,-964.00,Maine ADCIRC model
-70.1837962200,43.6764913100,-67.5641199808,-963.00,Maine ADCIRC model
-70.1837970200,43.6764886300,-67.5182437377,-962.00,Maine ADCIRC model
-70.1837978100,43.6764859400,-67.4722612411,-961.00,Maine ADCIRC model
-70.1837986100,43.6764832600,-67.4263849980,-960.00,Maine ADCIRC model
-70.1837994000,43.6764805800,-67.3805587559,-959.00,Maine ADCIRC model
-70.1838002000,43.6764778900,-67.3345262584,-958.00,Maine ADCIRC model
-70.1838009900,43.6764752100,-67.2887000162,-957.00,Maine ADCIRC model
-70.1838017900,43.6764725300,-67.2428237730,-956.00,Maine ADCIRC model
-70.1838025800,43.6764698500,-67.1969975308,-955.00,Maine ADCIRC model
-70.1838033700,43.6764671600,-67.1510150343,-954.00,Maine ADCIRC model
-70.1838041700,43.6764644800,-67.1051387912,-953.00,Maine ADCIRC model
-70.1838049600,43.6764618000,-67.0593125490,-952.00,Maine ADCIRC model
-70.1838057600,43.6764591100,-67.0132800516,-951.00,Maine ADCIRC model
-70.1838065500,43.6764564300,-66.9674538094,-950.00,Maine ADCIRC model
-70.1838073500,43.6764537500,-66.9215775663,-949.00,Maine ADCIRC model
-70.1838081400,43.6764510700,-66.8757513241,-948.00,Maine ADCIRC model
-70.1838089300,43.6764483800,-66.8297688275,-947.00,Maine ADCIRC model
-70.1838097300,43.6764457000,-66.7838925845,-946.00,Maine ADCIRC model
-70.1838105200,43.6764430200,-66.7380663423,-945.00,Maine ADCIRC model
-70.1838113200,43.6764403300,-66.6920338448,-944.00,Maine ADCIRC model
-70.1838121100,43.6764376500,-66.6462076025,-943.00,Maine ADCIRC model
-70.1838129100,43.6764349700,-66.6003313595,-942.00,Maine ADCIRC model
-70.1838137000,43.6764322800,-66.5543488630,-941.00,Maine ADCIRC model
-70.1838144900,43.6764296000,-66.5085226208,-940.00,Maine ADCIRC model
-70.1838152900,43.6764269200,-66.4626463776,-939.00,Maine ADCIRC model
-70.1838160800,43.6764242400,-66.4168201355,-938.00,Maine ADCIRC model
-70.1838168800,43.6764215500,-66.3707876381,-937.00,Maine ADCIRC model
-70.1838176700,43.6764188700,-66.3249613959,-936.00,Maine ADCIRC model
-70.1838184700,43.6764161900,-66.2790851527,-935.00,Maine ADCIRC model
-70.1838192600,43.6764135000,-66.2331026562,-934.00,Maine ADCIRC model
-70.1838200600,43.6764108200,-66.1872264131,-933.00,Maine ADCIRC model
-70.1838208500,43.6764081400,-66.1414001709,-932.00,Maine ADCIRC model
-70.1838216400,43.6764054600,-66.0955739287,-931.00,Maine ADCIRC model
-70.1838224400,43.6764027700,-66.0495414313,-930.00,Maine ADCIRC model
-70.1838232300,43.6764000900,-66.0037151891,-929.00,Maine ADCIRC model
-70.1838240300,43.6763974100,-65.9578389460,-928.00,Maine ADCIRC model
-70.1838248200,43.6763947200,-65.9118564494,-927.00,Maine ADCIRC model
-70.1838256200,43.6763920400,-65.8659802064,-926.00,Maine ADCIRC model
-70.1838264100,43.6763893600,-65.8201539642,-925.00,Maine ADCIRC model
-70.1838272000,43.6763866800,-65.7743277220,-924.00,Maine ADCIRC model
-70.1838280000,43.6763839900,-65.7282952244,-923.00,Maine ADCIRC model
-70.1838287900,43.6763813100,-65.6824689822,-922.00,Maine ADCIRC model
-70.1838295900,43.6763786300,-65.6365927392,-921.00,Maine ADCIRC model
-70.1838303800,43.6763759400,-65.5906102426,-920.00,Maine ADCIRC model
-70.1838311800,43.6763732600,-65.5447339995,-919.00,Maine ADCIRC model
-70.1838319700,43.6763705800,-65.4989077573,-918.00,Maine ADCIRC model
-70.1838327600,43.6763679000,-65.4530815152,-917.00,Maine ADCIRC model
-70.1838335600,43.6763652100,-65.4070490177,-916.00,Maine ADCIRC model
-70.1838343500,43.6763625300,-65.3612227755,-915.00,Maine ADCIRC model
-70.1838351500,43.6763598500,-65.3186145447,-914.00,Maine ADCIRC model
-70.1838359400,43.6763571600,-65.2771778899,-913.00,Maine ADCIRC model
-70.1838367400,43.6763544800,-65.2358907533,-912.00,Maine ADCIRC model
-70.1838375300,43.6763518000,-65.1946071116,-911.00,Maine ADCIRC model
-70.1838383300,43.6763491200,-65.1533199751,-910.00,Maine ADCIRC model
-70.1838391200,43.6763464300,-65.1118833202,-909.00,Maine ADCIRC model
-70.1838399100,43.6763437500,-65.0705996785,-908.00,Maine ADCIRC model
-70.1838407100,43.6763410700,-65.0293125419,-907.00,Maine ADCIRC model
-70.1838415000,43.6763383800,-64.9878758870,-906.00,Maine ADCIRC model
-70.1838423000,43.6763357000,-64.9465887505,-905.00,Maine ADCIRC model
-70.1838430900,43.6763330200,-64.9053051088,-904.00,Maine ADCIRC model
-70.1838438900,43.6763303400,-64.8640179723,-903.00,Maine ADCIRC model
-70.1838446800,43.6763276500,-64.8225813173,-902.00,Maine ADCIRC model
-70.1838454700,43.6763249700,-64.7812976757,-901.00,Maine ADCIRC model
-70.1838462700,43.6763222900,-64.7400105391,-900.00,Maine ADCIRC model
-70.1838470600,43.6763196000,-64.6985738842,-899.00,Maine ADCIRC model
-70.1838478600,43.6763169200,-64.6572867476,-898.00,Maine ADCIRC model
-70.1838486500,43.6763142400,-64.6160031059,-897.00,Maine ADCIRC model
-70.1838494500,43.6763115600,-64.5747159695,-896.00,Maine ADCIRC model
-70.1838502400,43.6763088700,-64.5332793145,-895.00,Maine ADCIRC model
-70.1838510300,43.6763061900,-64.4919956728,-894.00,Maine ADCIRC model
-70.1838518300,43.6763035100,-64.4507085362,-893.00,Maine ADCIRC model
-70.1838526200,43.6763008200,-64.4092718814,-892.00,Maine ADCIRC model
-70.1838534200,43.6762981400,-64.3679847448,-891.00,Maine ADCIRC model
-70.1838542100,43.6762954600,-64.3267011031,-890.00,Maine ADCIRC model
-70.1838550100,43.6762927800,-64.2854139666,-889.00,Maine ADCIRC model
-70.1838558000,43.6762900900,-64.2439773117,-888.00,Maine ADCIRC model
-70.1838565900,43.6762874100,-64.2026936700,-887.00,Maine ADCIRC model
-70.1838573900,43.6762847300,-64.1614065334,-886.00,Maine ADCIRC model
-70.1838581800,43.6762820400,-64.1199698785,-885.00,Maine ADCIRC model
-70.1838589800,43.6762793600,-64.0786827420,-884.00,Maine ADCIRC model
-70.1838597700,43.6762766800,-64.0373991003,-883.00,Maine ADCIRC model
-70.1838605700,43.6762740000,-63.9961119638,-882.00,Maine ADCIRC model
-70.1838613600,43.6762713100,-63.9546753088,-881.00,Maine ADCIRC model
-70.1838621600,43.6762686300,-63.9133881724,-880.00,Maine ADCIRC model
-70.1838629500,43.6762659500,-63.8721045307,-879.00,Maine ADCIRC model
-70.1838637400,43.6762632600,-63.8306678757,-878.00,Maine ADCIRC model
-70.1838645400,43.6762605800,-63.7893807391,-877.00,Maine ADCIRC model
-70.1838653300,43.6762579000,-63.7480970975,-876.00,Maine ADCIRC model
-70.1838661300,43.6762552200,-63.7068099610,-875.00,Maine ADCIRC model
-70.1838669200,43.6762525300,-63.6653733060,-874.00,Maine ADCIRC model
-70.1838677200,43.6762498500,-63.6240861695,-873.00,Maine ADCIRC model
-70.1838685100,43.6762471700,-63.5828025279,-872.00,Maine ADCIRC model
-70.1838693000,43.6762444800,-63.5413658729,-871.00,Maine ADCIRC model
-70.1838701000,43.6762418000,-63.5000787363,-870.00,Maine ADCIRC model
-70.1838708900,43.6762391200,-63.4587950946,-869.00,Maine ADCIRC model
-70.1838716900,43.6762364300,-63.4173549449,-868.00,Maine ADCIRC model
-70.1838724800,43.6762337500,-63.3760713032,-867.00,Maine ADCIRC model
-70.1838732800,43.6762310700,-63.3347841667,-866.00,Maine ADCIRC model
-70.1838740700,43.6762283900,-63.2935005250,-865.00,Maine ADCIRC model
-70.1838748600,43.6762257000,-63.2520638701,-864.00,Maine ADCIRC model
-70.1838756600,43.6762230200,-63.2107767335,-863.00,Maine ADCIRC model
-70.1838764500,43.6762203400,-63.1694930918,-862.00,Maine ADCIRC model
-70.1838772500,43.6762176500,-63.1280529420,-861.00,Maine ADCIRC model
-70.1838780400,43.6762149700,-63.0867693003,-860.00,Maine ADCIRC model
-70.1838788400,43.6762122900,-63.0454821639,-859.00,Maine ADCIRC model
-70.1838796300,43.6762096100,-63.0041985222,-858.00,Maine ADCIRC model
-70.1838804300,43.6762069200,-62.9627583723,-857.00,Maine ADCIRC model
-70.1838812200,43.6762042400,-62.9214747306,-856.00,Maine ADCIRC model
-70.1838820100,43.6762015600,-62.8801910890,-855.00,Maine ADCIRC model
-70.1838828100,43.6761988700,-62.8387509392,-854.00,Maine ADCIRC model
-70.1838836000,43.6761961900,-62.7974672975,-853.00,Maine ADCIRC model
-70.1838844000,43.6761935100,-62.7561801610,-852.00,Maine ADCIRC model
-70.1838851900,43.6761908300,-62.7148965194,-851.00,Maine ADCIRC model
-70.1838859900,43.6761881400,-62.6734563696,-850.00,Maine ADCIRC model
-70.1838867800,43.6761854600,-62.6321727278,-849.00,Maine ADCIRC model
-70.1838875700,43.6761827800,-62.5908890861,-848.00,Maine ADCIRC model
-70.1838883700,43.6761800900,-62.5494489364,-847.00,Maine ADCIRC model
-70.1838891600,43.6761774100,-62.5081652947,-846.00,Maine ADCIRC model
-70.1838899600,43.6761747300,-62.4668781582,-845.00,Maine ADCIRC model
-70.1838907500,43.6761720500,-62.4255945165,-844.00,Maine ADCIRC model
-70.1838915500,43.6761693600,-62.3841543668,-843.00,Maine ADCIRC model
-70.1838923400,43.6761666800,-62.3428707250,-842.00,Maine ADCIRC model
-70.1838931300,43.6761640000,-62.3015870833,-841.00,Maine ADCIRC model
-70.1838939300,43.6761613100,-62.2601469335,-840.00,Maine ADCIRC model
-70.1838947200,43.6761586300,-62.2188632919,-839.00,Maine ADCIRC model
-70.1838955200,43.6761559500,-62.1775761554,-838.00,Maine ADCIRC model
-70.1838963100,43.6761532700,-62.1362925137,-837.00,Maine ADCIRC model
-70.1838971100,43.6761505800,-62.0948523639,-836.00,Maine ADCIRC model
-70.1838979000,43.6761479000,-62.0535687221,-835.00,Maine ADCIRC model
-70.1838987000,43.6761452200,-62.0122815857,-834.00,Maine ADCIRC model
-70.1838994900,43.6761425300,-61.9708449307,-833.00,Maine ADCIRC model
-70.1839002800,43.6761398500,-61.9295612890,-832.00,Maine ADCIRC model
-70.1839010800,43.6761371700,-61.8882741525,-831.00,Maine ADCIRC model
-70.1839018700,43.6761344900,-61.8469905109,-830.00,Maine ADCIRC model
-70.1839026700,43.6761318000,-61.8055503611,-829.00,Maine ADCIRC model
-70.1839034600,43.6761291200,-61.7642667193,-828.00,Maine ADCIRC model
-70.1839042600,43.6761264400,-61.7229795828,-827.00,Maine ADCIRC model
-70.1839050500,43.6761237500,-61.6815429279,-826.00,Maine ADCIRC model
-70.1839058400,43.6761210700,-61.6402592862,-825.00,Maine ADCIRC model
-70.1839066400,43.6761183900,-61.5989721497,-824.00,Maine ADCIRC model
-70.1839074300,43.6761157100,-61.5576885080,-823.00,Maine ADCIRC model
-70.1839082300,43.6761130200,-61.5162483583,-822.00,Maine ADCIRC model
-70.1839090200,43.6761103400,-61.4749647166,-821.00,Maine ADCIRC model
-70.1839098200,43.6761076600,-61.4336775800,-820.00,Maine ADCIRC model
-70.1839106100,43.6761049700,-61.3922409250,-819.00,Maine ADCIRC model
-70.1839114000,43.6761022900,-61.3509572834,-818.00,Maine ADCIRC model
-70.1839122000,43.6760996100,-61.3096701469,-817.00,Maine ADCIRC model
-70.1839129900,43.6760969300,-61.2683865052,-816.00,Maine ADCIRC model
-70.1839137900,43.6760942400,-61.2269463554,-815.00,Maine ADCIRC model
-70.1839145800,43.6760915600,-61.1856627138,-814.00,Maine ADCIRC model
-70.1839153800,43.6760888800,-61.1443755772,-813.00,Maine ADCIRC model
-70.1839161700,43.6760861900,-61.1029389222,-812.00,Maine ADCIRC model
-70.1839169600,43.6760835100,-61.0616552805,-811.00,Maine ADCIRC model
-70.1839177600,43.6760808300,-61.0203681440,-810.00,Maine ADCIRC model
-70.1839185500,43.6760781500,-60.9790845024,-809.00,Maine ADCIRC model
-70.1839193500,43.6760754600,-60.9376443526,-808.00,Maine ADCIRC model
-70.1839201400,43.6760727800,-60.8963607109,-807.00,Maine ADCIRC model
-70.1839209400,43.6760701000,-60.8550735743,-806.00,Maine ADCIRC model
-70.1839217300,43.6760674100,-60.8136369194,-805.00,Maine ADCIRC model
-70.1839225300,43.6760647300,-60.7723497829,-804.00,Maine ADCIRC model
-70.1839233200,43.6760620500,-60.7310661412,-803.00,Maine ADCIRC model
-70.1839241100,43.6760593600,-60.6896294862,-802.00,Maine ADCIRC model
-70.1839249100,43.6760566800,-60.6483423498,-801.00,Maine ADCIRC model
-70.1839257000,43.6760540000,-60.6070587081,-800.00,Maine ADCIRC model
-70.1839265000,43.6760513200,-60.5657715715,-799.00,Maine ADCIRC model
-70.1839272900,43.6760486300,-60.5243349165,-798.00,Maine ADCIRC model
-70.1839280900,43.6760459500,-60.4830477801,-797.00,Maine ADCIRC model
-70.1839288800,43.6760432700,-60.4417641384,-796.00,Maine ADCIRC model
-70.1839296700,43.6760405800,-60.4003274834,-795.00,Maine ADCIRC model
-70.1839304700,43.6760379000,-60.3590403469,-794.00,Maine ADCIRC model
-70.1839312600,43.6760352200,-60.3177567053,-793.00,Maine ADCIRC model
-70.1839320600,43.6760325400,-60.2764695687,-792.00,Maine ADCIRC model
-70.1839328500,43.6760298500,-60.2350329137,-791.00,Maine ADCIRC model
-70.1839336500,43.6760271700,-60.1937457772,-790.00,Maine ADCIRC model
-70.1839344400,43.6760244900,-60.1524621356,-789.00,Maine ADCIRC model
-70.1839352300,43.6760218000,-60.1110254806,-788.00,Maine ADCIRC model
-70.1839360300,43.6760191200,-60.0697383441,-787.00,Maine ADCIRC model
-70.1839368200,43.6760164400,-60.0284547024,-786.00,Maine ADCIRC model
-70.1839376200,43.6760137600,-59.9871675659,-785.00,Maine ADCIRC model
-70.1839384100,43.6760110700,-59.9457309109,-784.00,Maine ADCIRC model
-70.1839392100,43.6760083900,-59.9044437744,-783.00,Maine ADCIRC model
-70.1839400000,43.6760057100,-59.8631601327,-782.00,Maine ADCIRC model
-70.1839407900,43.6760030200,-59.8217234778,-781.00,Maine ADCIRC model
-70.1839415900,43.6760003400,-59.7804363413,-780.00,Maine ADCIRC model
-70.1839423800,43.6759976600,-59.7391526996,-779.00,Maine ADCIRC model
-70.1839431800,43.6759949800,-59.6978655630,-778.00,Maine ADCIRC model
-70.1839439700,43.6759922900,-59.6564289081,-777.00,Maine ADCIRC model
-70.1839447700,43.6759896100,-59.6151417716,-776.00,Maine ADCIRC model
-70.1839455600,43.6759869300,-59.5738581299,-775.00,Maine ADCIRC model
-70.1839463600,43.6759842400,-59.5324179801,-774.00,Maine ADCIRC model
-70.1839471500,43.6759815600,-59.4911343384,-773.00,Maine ADCIRC model
-70.1839479400,43.6759788800,-59.4498506968,-772.00,Maine ADCIRC model
-70.1839487400,43.6759762000,-59.4085635602,-771.00,Maine ADCIRC model
-70.1839495300,43.6759735100,-59.3671269052,-770.00,Maine ADCIRC model
-70.1839503300,43.6759708300,-59.3258397687,-769.00,Maine ADCIRC model
-70.1839511200,43.6759681500,-59.2845561271,-768.00,Maine ADCIRC model
-70.1839519200,43.6759654600,-59.2431159773,-767.00,Maine ADCIRC model
-70.1839527100,43.6759627800,-59.2018323356,-766.00,Maine ADCIRC model
-70.1839535000,43.6759601000,-59.1605486939,-765.00,Maine ADCIRC model
-70.1839543000,43.6759574200,-59.1192615574,-764.00,Maine ADCIRC model
-70.1839550900,43.6759547300,-59.0778249024,-763.00,Maine ADCIRC model
-70.1839558900,43.6759520500,-59.0365377659,-762.00,Maine ADCIRC model
-70.1839566800,43.6759493700,-58.9952541242,-761.00,Maine ADCIRC model
-70.1839574800,43.6759466800,-58.9538139745,-760.00,Maine ADCIRC model
-70.1839582700,43.6759440000,-58.9125303328,-759.00,Maine ADCIRC model
-70.1839590600,43.6759413200,-58.8712466911,-758.00,Maine ADCIRC model
-70.1839598600,43.6759386400,-58.8299595545,-757.00,Maine ADCIRC model
-70.1839606500,43.6759359500,-58.7885228997,-756.00,Maine ADCIRC model
-70.1839614500,43.6759332700,-58.7472357631,-755.00,Maine ADCIRC model
-70.1839622400,43.6759305900,-58.7059521214,-754.00,Maine ADCIRC model
-70.1839630400,43.6759279000,-58.6645119716,-753.00,Maine ADCIRC model
-70.1839638300,43.6759252200,-58.6232283300,-752.00,Maine ADCIRC model
-70.1839646200,43.6759225400,-58.5819446883,-751.00,Maine ADCIRC model
-70.1839654200,43.6759198600,-58.5406575517,-750.00,Maine ADCIRC model
-70.1839662100,43.6759171700,-58.4992208967,-749.00,Maine ADCIRC model
-70.1839670100,43.6759144900,-58.4579337602,-748.00,Maine ADCIRC model
-70.1839678000,43.6759118100,-58.4166501186,-747.00,Maine ADCIRC model
-70.1839686000,43.6759091200,-58.3752099688,-746.00,Maine ADCIRC model
-70.1839693900,43.6759064400,-58.3339263271,-745.00,Maine ADCIRC model
-70.1839701900,43.6759037600,-58.2926391905,-744.00,Maine ADCIRC model
-70.1839709800,43.6759010700,-58.2512025357,-743.00,Maine ADCIRC model
-70.1839717700,43.6758983900,-58.2099188940,-742.00,Maine ADCIRC model
-70.1839725700,43.6758957100,-58.1686317574,-741.00,Maine ADCIRC model
-70.1839733600,43.6758930300,-58.1273481157,-740.00,Maine ADCIRC model
-70.1839741600,43.6758903400,-58.0859079660,-739.00,Maine ADCIRC model
-70.1839749500,43.6758876600,-58.0446243243,-738.00,Maine ADCIRC model
-70.1839757500,43.6758849800,-58.0033371877,-737.00,Maine ADCIRC model
-70.1839765400,43.6758822900,-57.9619005328,-736.00,Maine ADCIRC model
-70.1839773300,43.6758796100,-57.9206168912,-735.00,Maine ADCIRC model
-70.1839781300,43.6758769300,-57.8793297546,-734.00,Maine ADCIRC model
-70.1839789200,43.6758742500,-57.8380461129,-733.00,Maine ADCIRC model
-70.1839797200,43.6758715600,-57.7966059631,-732.00,Maine ADCIRC model
-70.1839805100,43.6758688800,-57.7553223215,-731.00,Maine ADCIRC model
-70.1839813100,43.6758662000,-57.7140351849,-730.00,Maine ADCIRC model
-70.1839821000,43.6758635100,-57.6725985300,-729.00,Maine ADCIRC model
-70.1839828900,43.6758608300,-57.6313148883,-728.00,Maine ADCIRC model
-70.1839836900,43.6758581500,-57.5900277518,-727.00,Maine ADCIRC model
-70.1839844800,43.6758554700,-57.5487441101,-726.00,Maine ADCIRC model
-70.1839852800,43.6758527800,-57.5073039603,-725.00,Maine ADCIRC model
-70.1839860700,43.6758501000,-57.4660203186,-724.00,Maine ADCIRC model
-70.1839868700,43.6758474200,-57.4247331820,-723.00,Maine ADCIRC model
-70.1839876600,43.6758447300,-57.3832965272,-722.00,Maine ADCIRC model
-70.1839884500,43.6758420500,-57.3420128855,-721.00,Maine ADCIRC model
-70.1839892500,43.6758393700,-57.3007257489,-720.00,Maine ADCIRC model
-70.1839900400,43.6758366900,-57.2594421072,-719.00,Maine ADCIRC model
-70.1839908400,43.6758340000,-57.2180019575,-718.00,Maine ADCIRC model
-70.1839916300,43.6758313200,-57.1767183158,-717.00,Maine ADCIRC model
-70.1839924300,43.6758286400,-57.1354311792,-716.00,Maine ADCIRC model
-70.1839932200,43.6758259500,-57.0939945243,-715.00,Maine ADCIRC model
-70.1839940200,43.6758232700,-57.0527073878,-714.00,Maine ADCIRC model
-70.1839948100,43.6758205900,-57.0140137777,-713.00,Maine ADCIRC model
-70.1839956000,43.6758179100,-56.9804516523,-712.00,Maine ADCIRC model
-70.1839964000,43.6758152200,-56.9467690295,-711.00,Maine ADCIRC model
-70.1839971900,43.6758125400,-56.9132069042,-710.00,Maine ADCIRC model
-70.1839979900,43.6758098600,-56.8796514921,-709.00,Maine ADCIRC model
-70.1839987800,43.6758071700,-56.8459621560,-708.00,Maine ADCIRC model
-70.1839995800,43.6758044900,-56.8124067439,-707.00,Maine ADCIRC model
-70.1840003700,43.6758018100,-56.7788446186,-706.00,Maine ADCIRC model
-70.1840011600,43.6757991300,-56.7452824932,-705.00,Maine ADCIRC model
-70.1840019600,43.6757964400,-56.7115998704,-704.00,Maine ADCIRC model
-70.1840027500,43.6757937600,-56.6780377450,-703.00,Maine ADCIRC model
-70.1840035500,43.6757910800,-56.6444823331,-702.00,Maine ADCIRC model
-70.1840043400,43.6757883900,-56.6107929969,-701.00,Maine ADCIRC model
-70.1840051400,43.6757857100,-56.5772375849,-700.00,Maine ADCIRC model
-70.1840059300,43.6757830300,-56.5436754595,-699.00,Maine ADCIRC model
-70.1840067200,43.6757803500,-56.5101133341,-698.00,Maine ADCIRC model
-70.1840075200,43.6757776600,-56.4764307114,-697.00,Maine ADCIRC model
-70.1840083100,43.6757749800,-56.4428685860,-696.00,Maine ADCIRC model
-70.1840091100,43.6757723000,-56.4093131739,-695.00,Maine ADCIRC model
-70.1840099000,43.6757696100,-56.3756238379,-694.00,Maine ADCIRC model
-70.1840107000,43.6757669300,-56.3420684258,-693.00,Maine ADCIRC model
-70.1840114900,43.6757642500,-56.3085063004,-692.00,Maine ADCIRC model
-70.1840122800,43.6757615700,-56.2749441750,-691.00,Maine ADCIRC model
-70.1840130800,43.6757588800,-56.2412615522,-690.00,Maine ADCIRC model
-70.1840138700,43.6757562000,-56.2076994269,-689.00,Maine ADCIRC model
-70.1840146700,43.6757535200,-56.1741440149,-688.00,Maine ADCIRC model
-70.1840154600,43.6757508300,-56.1404546787,-687.00,Maine ADCIRC model
-70.1840162600,43.6757481500,-56.1068992667,-686.00,Maine ADCIRC model
-70.1840170500,43.6757454700,-56.0733371414,-685.00,Maine ADCIRC model
-70.1840178500,43.6757427900,-56.0397817294,-684.00,Maine ADCIRC model
-70.1840186400,43.6757401000,-56.0060923932,-683.00,Maine ADCIRC model
-70.1840194300,43.6757374200,-55.9725302678,-682.00,Maine ADCIRC model
-70.1840202300,43.6757347400,-55.9389748559,-681.00,Maine ADCIRC model
-70.1840210200,43.6757320500,-55.9052855197,-680.00,Maine ADCIRC model
-70.1840218200,43.6757293700,-55.8717301077,-679.00,Maine ADCIRC model
-70.1840226100,43.6757266900,-55.8381679822,-678.00,Maine ADCIRC model
-70.1840234100,43.6757240000,-55.8044853595,-677.00,Maine ADCIRC model
-70.1840242000,43.6757213200,-55.7709232341,-676.00,Maine ADCIRC model
-70.1840249900,43.6757186400,-55.7373611087,-675.00,Maine ADCIRC model
-70.1840257900,43.6757159600,-55.7038056967,-674.00,Maine ADCIRC model
-70.1840265800,43.6757132700,-55.6613007657,-673.00,Maine ADCIRC model
-70.1840273800,43.6757105900,-55.5971625041,-672.00,Maine ADCIRC model
-70.1840281700,43.6757079100,-55.5330039298,-671.00,Maine ADCIRC model
-70.1840289700,43.6757052200,-55.4686202829,-670.00,Maine ADCIRC model
-70.1840297600,43.6757025400,-55.4044617088,-669.00,Maine ADCIRC model
-70.1840305500,43.6756998600,-55.3403031345,-668.00,Maine ADCIRC model
-70.1840313500,43.6756971800,-55.2761648729,-667.00,Maine ADCIRC model
-70.1840321400,43.6756944900,-55.2117609132,-666.00,Maine ADCIRC model
-70.1840329400,43.6756918100,-55.1476226518,-665.00,Maine ADCIRC model
-70.1840337300,43.6756891300,-55.0834640775,-664.00,Maine ADCIRC model
-70.1840345300,43.6756864400,-55.0190804306,-663.00,Maine ADCIRC model
-70.1840353200,43.6756837600,-54.9549218563,-662.00,Maine ADCIRC model
-70.1840361100,43.6756810800,-54.8907632820,-661.00,Maine ADCIRC model
-70.1840369100,43.6756784000,-54.8266250207,-660.00,Maine ADCIRC model
-70.1840377000,43.6756757100,-54.7622210609,-659.00,Maine ADCIRC model
-70.1840385000,43.6756730300,-54.6980827994,-658.00,Maine ADCIRC model
-70.1840392900,43.6756703500,-54.6339242251,-657.00,Maine ADCIRC model
-70.1840400900,43.6756676600,-54.5695405783,-656.00,Maine ADCIRC model
-70.1840408800,43.6756649800,-54.5053820040,-655.00,Maine ADCIRC model
-70.1840416700,43.6756623000,-54.4412234297,-654.00,Maine ADCIRC model
-70.1840424700,43.6756596200,-54.3770851682,-653.00,Maine ADCIRC model
-70.1840432600,43.6756569300,-54.3126812087,-652.00,Maine ADCIRC model
-70.1840440600,43.6756542500,-54.2485429471,-651.00,Maine ADCIRC model
-70.1840448500,43.6756515700,-54.1843843728,-650.00,Maine ADCIRC model
-70.1840456500,43.6756488800,-54.1200007259,-649.00,Maine ADCIRC model
-70.1840464400,43.6756462000,-54.0558421518,-648.00,Maine ADCIRC model
-70.1840472400,43.6756435200,-53.9917038902,-647.00,Maine ADCIRC model
-70.1840480300,43.6756408400,-53.9275453159,-646.00,Maine ADCIRC model
-70.1840488200,43.6756381500,-53.8631413562,-645.00,Maine ADCIRC model
-70.1840496200,43.6756354700,-53.7990030948,-644.00,Maine ADCIRC model
-70.1840504100,43.6756327900,-53.7348445205,-643.00,Maine ADCIRC model
-70.1840512100,43.6756301000,-53.6704608736,-642.00,Maine ADCIRC model
-70.1840520000,43.6756274200,-53.6063022993,-641.00,Maine ADCIRC model
-70.1840528000,43.6756247400,-53.5421640379,-640.00,Maine ADCIRC model
-70.1840535900,43.6756220600,-53.4780054636,-639.00,Maine ADCIRC model
-70.1840543800,43.6756193700,-53.4136015039,-638.00,Maine ADCIRC model
-70.1840551800,43.6756166900,-53.3494632424,-637.00,Maine ADCIRC model
-70.1840559700,43.6756140100,-53.2853046681,-636.00,Maine ADCIRC model
-70.1840567700,43.6756113200,-53.2209210213,-635.00,Maine ADCIRC model
-70.1840575600,43.6756086400,-53.1567624470,-634.00,Maine ADCIRC model
-70.1840583600,43.6756059600,-53.0926241855,-633.00,Maine ADCIRC model
-70.1840591500,43.6756032800,-53.0284656112,-632.00,Maine ADCIRC model
-70.1840599400,43.6756005900,-52.9640616516,-631.00,Maine ADCIRC model
-70.1840607400,43.6755979100,-52.8999233901,-630.00,Maine ADCIRC model
-70.1840615300,43.6755952300,-52.8357648158,-629.00,Maine ADCIRC model
-70.1840623300,43.6755925400,-52.7713811689,-628.00,Maine ADCIRC model
-70.1840631200,43.6755898600,-52.7072225948,-627.00,Maine ADCIRC model
-70.1840639200,43.6755871800,-52.6430843332,-626.00,Maine ADCIRC model
-70.1840647100,43.6755845000,-52.5789257589,-625.00,Maine ADCIRC model
-70.1840655000,43.6755818100,-52.5145217992,-624.00,Maine ADCIRC model
-70.1840663000,43.6755791300,-52.4503835378,-623.00,Maine ADCIRC model
-70.1840670900,43.6755764500,-52.3862249635,-622.00,Maine ADCIRC model
-70.1840678900,43.6755737600,-52.3218413166,-621.00,Maine ADCIRC model
-70.1840686800,43.6755710800,-52.2576827423,-620.00,Maine ADCIRC model
-70.1840694800,43.6755684000,-52.1935444809,-619.00,Maine ADCIRC model
-70.1840702700,43.6755657200,-52.1293859066,-618.00,Maine ADCIRC model
-70.1840710600,43.6755630300,-52.0649819469,-617.00,Maine ADCIRC model
-70.1840718600,43.6755603500,-52.0008436854,-616.00,Maine ADCIRC model
-70.1840726500,43.6755576700,-51.9366851113,-615.00,Maine ADCIRC model
-70.1840734500,43.6755549800,-51.8723014643,-614.00,Maine ADCIRC model
-70.1840742400,43.6755523000,-51.8081428900,-613.00,Maine ADCIRC model
-70.1840750400,43.6755496200,-51.7440046285,-612.00,Maine ADCIRC model
-70.1840758300,43.6755469300,-51.6796006689,-611.00,Maine ADCIRC model
-70.1840766300,43.6755442500,-51.6154624074,-610.00,Maine ADCIRC model
-70.1840774200,43.6755415700,-51.5513038331,-609.00,Maine ADCIRC model
-70.1840782100,43.6755388900,-51.4871452588,-608.00,Maine ADCIRC model
-70.1840790100,43.6755362000,-51.4227616120,-607.00,Maine ADCIRC model
-70.1840798000,43.6755335200,-51.3586030377,-606.00,Maine ADCIRC model
-70.1840806000,43.6755308400,-51.2944647762,-605.00,Maine ADCIRC model
-70.1840813900,43.6755281500,-51.2300608165,-604.00,Maine ADCIRC model
-70.1840821900,43.6755254700,-51.1659225550,-603.00,Maine ADCIRC model
-70.1840829800,43.6755227900,-51.1017639808,-602.00,Maine ADCIRC model
-70.1840837700,43.6755201100,-51.0376054065,-601.00,Maine ADCIRC model
-70.1840845700,43.6755174200,-50.9732217596,-600.00,Maine ADCIRC model
-70.1840853600,43.6755147400,-50.9090631853,-599.00,Maine ADCIRC model
-70.1840861600,43.6755120600,-50.8449249239,-598.00,Maine ADCIRC model
-70.1840869500,43.6755093700,-50.7805209642,-597.00,Maine ADCIRC model
-70.1840877500,43.6755066900,-50.7163827027,-596.00,Maine ADCIRC model
-70.1840885400,43.6755040100,-50.6522241284,-595.00,Maine ADCIRC model
-70.1840893300,43.6755013300,-50.5880655543,-594.00,Maine ADCIRC model
-70.1840901300,43.6754986400,-50.5236819073,-593.00,Maine ADCIRC model
-70.1840909200,43.6754959600,-50.4595233330,-592.00,Maine ADCIRC model
-70.1840917200,43.6754932800,-50.3953850715,-591.00,Maine ADCIRC model
-70.1840925100,43.6754905900,-50.3309811119,-590.00,Maine ADCIRC model
-70.1840933100,43.6754879100,-50.2668428504,-589.00,Maine ADCIRC model
-70.1840941000,43.6754852300,-50.2026842761,-588.00,Maine ADCIRC model
-70.1840948900,43.6754825500,-50.1385257018,-587.00,Maine ADCIRC model
-70.1840956900,43.6754798600,-50.0741420550,-586.00,Maine ADCIRC model
-70.1840964800,43.6754771800,-50.0099834807,-585.00,Maine ADCIRC model
-70.1840972800,43.6754745000,-49.9458452192,-584.00,Maine ADCIRC model
-70.1840980700,43.6754718100,-49.8814412595,-583.00,Maine ADCIRC model
-70.1840988700,43.6754691300,-49.8173029981,-582.00,Maine ADCIRC model
-70.1840996600,43.6754664500,-49.7531444238,-581.00,Maine ADCIRC model
-70.1841004500,43.6754637700,-49.6889858495,-580.00,Maine ADCIRC model
-70.1841012500,43.6754610800,-49.6246022026,-579.00,Maine ADCIRC model
-70.1841020400,43.6754584000,-49.5604436283,-578.00,Maine ADCIRC model
-70.1841028400,43.6754557200,-49.4963053669,-577.00,Maine ADCIRC model
-70.1841036300,43.6754530300,-49.4319014072,-576.00,Maine ADCIRC model
-70.1841044300,43.6754503500,-49.3677631457,-575.00,Maine ADCIRC model
-70.1841052200,43.6754476700,-49.3036045714,-574.00,Maine ADCIRC model
-70.1841060200,43.6754449900,-49.2394663100,-573.00,Maine ADCIRC model
-70.1841068100,43.6754423000,-49.1750623503,-572.00,Maine ADCIRC model
-70.1841076000,43.6754396200,-49.1109037760,-571.00,Maine ADCIRC model
-70.1841084000,43.6754369400,-49.0467655145,-570.00,Maine ADCIRC model
-70.1841091900,43.6754342500,-48.9823615549,-569.00,Maine ADCIRC model
-70.1841099900,43.6754315700,-48.9182232934,-568.00,Maine ADCIRC model
-70.1841107800,43.6754288900,-48.8540647191,-567.00,Maine ADCIRC model
-70.1841115800,43.6754262100,-48.7899264576,-566.00,Maine ADCIRC model
-70.1841123700,43.6754235200,-48.7255224980,-565.00,Maine ADCIRC model
-70.1841131600,43.6754208400,-48.6613639237,-564.00,Maine ADCIRC model
-70.1841139600,43.6754181600,-48.5972256622,-563.00,Maine ADCIRC model
-70.1841147500,43.6754154700,-48.5328217025,-562.00,Maine ADCIRC model
-70.1841155500,43.6754127900,-48.4686834411,-561.00,Maine ADCIRC model
-70.1841163400,43.6754101100,-48.4045248668,-560.00,Maine ADCIRC model
-70.1841171400,43.6754074300,-48.3403866053,-559.00,Maine ADCIRC model
-70.1841179300,43.6754047400,-48.2759826456,-558.00,Maine ADCIRC model
-70.1841187200,43.6754020600,-48.2118240714,-557.00,Maine ADCIRC model
-70.1841195200,43.6753993800,-48.1476858099,-556.00,Maine ADCIRC model
-70.1841203100,43.6753966900,-48.0832818502,-555.00,Maine ADCIRC model
-70.1841211100,43.6753940100,-48.0191435887,-554.00,Maine ADCIRC model
-70.1841219000,43.6753913300,-47.9549850143,-553.00,Maine ADCIRC model
-70.1841227000,43.6753886400,-47.8906013676,-552.00,Maine ADCIRC model
-70.1841234900,43.6753859600,-47.8237248612,-551.00,Maine ADCIRC model
-70.1841242800,43.6753832800,-47.7545510572,-550.00,Maine ADCIRC model
-70.1841250800,43.6753806000,-47.6854266606,-549.00,Maine ADCIRC model
-70.1841258700,43.6753779100,-47.6159801814,-548.00,Maine ADCIRC model
-70.1841266700,43.6753752300,-47.5468557849,-547.00,Maine ADCIRC model
-70.1841274600,43.6753725500,-47.4776819809,-546.00,Maine ADCIRC model
-70.1841282600,43.6753698600,-47.4082849091,-545.00,Maine ADCIRC model
-70.1841290500,43.6753671800,-47.3391111051,-544.00,Maine ADCIRC model
-70.1841298400,43.6753645000,-47.2699373011,-543.00,Maine ADCIRC model
-70.1841306400,43.6753618200,-47.2008129046,-542.00,Maine ADCIRC model
-70.1841314300,43.6753591300,-47.1313664251,-541.00,Maine ADCIRC model
-70.1841322300,43.6753564500,-47.0622420289,-540.00,Maine ADCIRC model
-70.1841330200,43.6753537700,-46.9930682248,-539.00,Maine ADCIRC model
-70.1841338200,43.6753510800,-46.9236711529,-538.00,Maine ADCIRC model
-70.1841346100,43.6753484000,-46.8544973489,-537.00,Maine ADCIRC model
-70.1841354000,43.6753457200,-46.7853235451,-536.00,Maine ADCIRC model
-70.1841362000,43.6753430400,-46.7161991485,-535.00,Maine ADCIRC model
-70.1841369900,43.6753403500,-46.6467526691,-534.00,Maine ADCIRC model
-70.1841377900,43.6753376700,-46.5776282726,-533.00,Maine ADCIRC model
-70.1841385800,43.6753349900,-46.5084544688,-532.00,Maine ADCIRC model
-70.1841393800,43.6753323000,-46.4390573969,-531.00,Maine ADCIRC model
-70.1841401700,43.6753296200,-46.3698835929,-530.00,Maine ADCIRC model
-70.1841409700,43.6753269400,-46.3007591964,-529.00,Maine ADCIRC model
-70.1841417600,43.6753242600,-46.2315853923,-528.00,Maine ADCIRC model
-70.1841425500,43.6753215700,-46.1621389131,-527.00,Maine ADCIRC model
-70.1841433500,43.6753188900,-46.0930145166,-526.00,Maine ADCIRC model
-70.1841441400,43.6753162100,-46.0238407125,-525.00,Maine ADCIRC model
-70.1841449400,43.6753135200,-45.9544436408,-524.00,Maine ADCIRC model
-70.1841457300,43.6753108400,-45.8852698368,-523.00,Maine ADCIRC model
-70.1841465300,43.6753081600,-45.8161454403,-522.00,Maine ADCIRC model
-70.1841473200,43.6753054800,-45.7469716362,-521.00,Maine ADCIRC model
-70.1841481100,43.6753027900,-45.6775251570,-520.00,Maine ADCIRC model
-70.1841489100,43.6753001100,-45.6084007606,-519.00,Maine ADCIRC model
-70.1841497000,43.6752974300,-45.5392269565,-518.00,Maine ADCIRC model
-70.1841505000,43.6752947400,-45.4698298846,-517.00,Maine ADCIRC model
-70.1841512900,43.6752920600,-45.4006560806,-516.00,Maine ADCIRC model
-70.1841520900,43.6752893800,-45.3315316843,-515.00,Maine ADCIRC model
-70.1841528800,43.6752867000,-45.2623578802,-514.00,Maine ADCIRC model
-70.1841536700,43.6752840100,-45.1929114008,-513.00,Maine ADCIRC model
-70.1841544700,43.6752813300,-45.1237870043,-512.00,Maine ADCIRC model
-70.1841552600,43.6752786500,-45.0546132005,-511.00,Maine ADCIRC model
-70.1841560600,43.6752759600,-44.9852161286,-510.00,Maine ADCIRC model
-70.1841568500,43.6752732800,-44.9160423245,-509.00,Maine ADCIRC model
-70.1841576500,43.6752706000,-44.8469179281,-508.00,Maine ADCIRC model
-70.1841584400,43.6752679200,-44.7777441242,-507.00,Maine ADCIRC model
-70.1841592300,43.6752652300,-44.7082976448,-506.00,Maine ADCIRC model
-70.1841600300,43.6752625500,-44.6391732483,-505.00,Maine ADCIRC model
-70.1841608200,43.6752598700,-44.5699994442,-504.00,Maine ADCIRC model
-70.1841616200,43.6752571800,-44.5006023725,-503.00,Maine ADCIRC model
-70.1841624100,43.6752545000,-44.4314285685,-502.00,Maine ADCIRC model
-70.1841632100,43.6752518200,-44.3623041720,-501.00,Maine ADCIRC model
-70.1841640000,43.6752491400,-44.2931303679,-500.00,Maine ADCIRC model
-70.1841647900,43.6752464500,-44.2236838887,-499.00,Maine ADCIRC model
-70.1841655900,43.6752437700,-44.1545594923,-498.00,Maine ADCIRC model
-70.1841663800,43.6752410900,-44.0853856882,-497.00,Maine ADCIRC model
-70.1841671800,43.6752384000,-44.0159886163,-496.00,Maine ADCIRC model
-70.1841679700,43.6752357200,-43.9468148125,-495.00,Maine ADCIRC model
-70.1841687700,43.6752330400,-43.8776904160,-494.00,Maine ADCIRC model
-70.1841695600,43.6752303500,-43.8082439365,-493.00,Maine ADCIRC model
-70.1841703500,43.6752276700,-43.7390701325,-492.00,Maine ADCIRC model
-70.1841711500,43.6752249900,-43.6699457360,-491.00,Maine ADCIRC model
-70.1841719400,43.6752223100,-43.6007719321,-490.00,Maine ADCIRC model
-70.1841727400,43.6752196200,-43.5313748602,-489.00,Maine ADCIRC model
-70.1841735300,43.6752169400,-43.4622010562,-488.00,Maine ADCIRC model
-70.1841743300,43.6752142600,-43.3930766598,-487.00,Maine ADCIRC model
-70.1841751200,43.6752115700,-43.3236301805,-486.00,Maine ADCIRC model
-70.1841759200,43.6752088900,-43.2545057840,-485.00,Maine ADCIRC model
-70.1841767100,43.6752062100,-43.1853319800,-484.00,Maine ADCIRC model
-70.1841775000,43.6752035300,-43.1161581759,-483.00,Maine ADCIRC model
-70.1841783000,43.6752008400,-43.0467611042,-482.00,Maine ADCIRC model
-70.1841790900,43.6751981600,-42.9775873002,-481.00,Maine ADCIRC model
-70.1841798900,43.6751954800,-42.9084629037,-480.00,Maine ADCIRC model
-70.1841806800,43.6751927900,-42.8390164242,-479.00,Maine ADCIRC model
-70.1841814800,43.6751901100,-42.7698920280,-478.00,Maine ADCIRC model
-70.1841822700,43.6751874300,-42.7007182239,-477.00,Maine ADCIRC model
-70.1841830600,43.6751847500,-42.6315444199,-476.00,Maine ADCIRC model
-70.1841838600,43.6751820600,-42.5621473480,-475.00,Maine ADCIRC model
-70.1841846500,43.6751793800,-42.4929735442,-474.00,Maine ADCIRC model
-70.1841854500,43.6751767000,-42.4238491477,-473.00,Maine ADCIRC model
-70.1841862400,43.6751740100,-42.3544026682,-472.00,Maine ADCIRC model
-70.1841870400,43.6751713300,-42.2852782717,-471.00,Maine ADCIRC model
-70.1841878300,43.6751686500,-42.2161044679,-470.00,Maine ADCIRC model
-70.1841886200,43.6751659700,-42.1469306638,-469.00,Maine ADCIRC model
-70.1841894200,43.6751632800,-42.0775335919,-468.00,Maine ADCIRC model
-70.1841902100,43.6751606000,-42.0083597879,-467.00,Maine ADCIRC model
-70.1841910100,43.6751579200,-41.9392353914,-466.00,Maine ADCIRC model
-70.1841918000,43.6751552300,-41.8697889121,-465.00,Maine ADCIRC model
-70.1841926000,43.6751525500,-41.8006645157,-464.00,Maine ADCIRC model
-70.1841933900,43.6751498700,-41.7314907117,-463.00,Maine ADCIRC model
-70.1841941800,43.6751471900,-41.6623169076,-462.00,Maine ADCIRC model
-70.1841949800,43.6751445000,-41.5929198359,-461.00,Maine ADCIRC model
-70.1841957700,43.6751418200,-41.5237460319,-460.00,Maine ADCIRC model
-70.1841965700,43.6751391400,-41.4546216354,-459.00,Maine ADCIRC model
-70.1841973600,43.6751364500,-41.3851751559,-458.00,Maine ADCIRC model
-70.1841981600,43.6751337700,-41.3160507596,-457.00,Maine ADCIRC model
-70.1841989500,43.6751310900,-41.2468769556,-456.00,Maine ADCIRC model
-70.1841997400,43.6751284100,-41.1777031515,-455.00,Maine ADCIRC model
-70.1842005400,43.6751257200,-41.1083060797,-454.00,Maine ADCIRC model
-70.1842013300,43.6751230400,-41.0391322758,-453.00,Maine ADCIRC model
-70.1842021300,43.6751203600,-40.9700078794,-452.00,Maine ADCIRC model
-70.1842029200,43.6751176700,-40.9005613999,-451.00,Maine ADCIRC model
-70.1842037200,43.6751149900,-40.8314370034,-450.00,Maine ADCIRC model
-70.1842045100,43.6751123100,-40.7622631996,-449.00,Maine ADCIRC model
-70.1842053000,43.6751096300,-40.6930893955,-448.00,Maine ADCIRC model
-70.1842061000,43.6751069400,-40.6236923236,-447.00,Maine ADCIRC model
-70.1842068900,43.6751042600,-40.5545185196,-446.00,Maine ADCIRC model
-70.1842076900,43.6751015800,-40.4853941233,-445.00,Maine ADCIRC model
-70.1842084800,43.6750988900,-40.4159476438,-444.00,Maine ADCIRC model
-70.1842092800,43.6750962100,-40.3468232474,-443.00,Maine ADCIRC model
-70.1842100700,43.6750935300,-40.2776494434,-442.00,Maine ADCIRC model
-70.1842108600,43.6750908500,-40.2084756393,-441.00,Maine ADCIRC model
-70.1842116600,43.6750881600,-40.1390785676,-440.00,Maine ADCIRC model
-70.1842124500,43.6750854800,-40.0699047636,-439.00,Maine ADCIRC model
-70.1842132500,43.6750828000,-40.0007803671,-438.00,Maine ADCIRC model
-70.1842140400,43.6750801100,-39.9313338878,-437.00,Maine ADCIRC model
-70.1842148400,43.6750774300,-39.8622094913,-436.00,Maine ADCIRC model
-70.1842156300,43.6750747500,-39.7930356873,-435.00,Maine ADCIRC model
-70.1842164300,43.6750720600,-39.7236386154,-434.00,Maine ADCIRC model
-70.1842172200,43.6750693800,-39.6544648113,-433.00,Maine ADCIRC model
-70.1842180100,43.6750667000,-39.5852910075,-432.00,Maine ADCIRC model
-70.1842188100,43.6750640200,-39.5161666110,-431.00,Maine ADCIRC model
-70.1842196000,43.6750613300,-39.4467201316,-430.00,Maine ADCIRC model
-70.1842204000,43.6750586500,-39.3775957351,-429.00,Maine ADCIRC model
-70.1842211900,43.6750559700,-39.3084219313,-428.00,Maine ADCIRC model
-70.1842219900,43.6750532800,-39.2390248593,-427.00,Maine ADCIRC model
-70.1842227800,43.6750506000,-39.1698510553,-426.00,Maine ADCIRC model
-70.1842235700,43.6750479200,-39.1006772513,-425.00,Maine ADCIRC model
-70.1842243700,43.6750452400,-39.0315528550,-424.00,Maine ADCIRC model
-70.1842251600,43.6750425500,-38.9621063755,-423.00,Maine ADCIRC model
-70.1842259600,43.6750398700,-38.8929819791,-422.00,Maine ADCIRC model
-70.1842267500,43.6750371900,-38.8238081750,-421.00,Maine ADCIRC model
-70.1842275500,43.6750345000,-38.7544111033,-420.00,Maine ADCIRC model
-70.1842283400,43.6750318200,-38.6852372993,-419.00,Maine ADCIRC model
-70.1842291300,43.6750291400,-38.6160634953,-418.00,Maine ADCIRC model
-70.1842299300,43.6750264600,-38.5469390988,-417.00,Maine ADCIRC model
-70.1842307200,43.6750237700,-38.4774926195,-416.00,Maine ADCIRC model
-70.1842315200,43.6750210900,-38.3926247598,-415.00,Maine ADCIRC model
-70.1842323100,43.6750184100,-38.3062710701,-414.00,Maine ADCIRC model
-70.1842331100,43.6750157200,-38.2196245621,-413.00,Maine ADCIRC model
-70.1842339000,43.6750130400,-38.1332708726,-412.00,Maine ADCIRC model
-70.1842346900,43.6750103600,-38.0469171829,-411.00,Maine ADCIRC model
-70.1842354900,43.6750076800,-37.9606051780,-410.00,Maine ADCIRC model
-70.1842362800,43.6750049900,-37.8739169852,-409.00,Maine ADCIRC model
-70.1842370800,43.6750023100,-37.7876049803,-408.00,Maine ADCIRC model
-70.1842378700,43.6749996300,-37.7012512908,-407.00,Maine ADCIRC model
-70.1842386700,43.6749969400,-37.6146047829,-406.00,Maine ADCIRC model
-70.1842394600,43.6749942600,-37.5282510931,-405.00,Maine ADCIRC model
-70.1842402500,43.6749915800,-37.4418974034,-404.00,Maine ADCIRC model
-70.1842410500,43.6749889000,-37.3555853987,-403.00,Maine ADCIRC model
-70.1842418400,43.6749862100,-37.2688972059,-402.00,Maine ADCIRC model
-70.1842426400,43.6749835300,-37.1825852010,-401.00,Maine ADCIRC model
-70.1842434300,43.6749808500,-37.0962315113,-400.00,Maine ADCIRC model
-70.1842442300,43.6749781600,-37.0095850036,-399.00,Maine ADCIRC model
-70.1842450200,43.6749754800,-36.9232313139,-398.00,Maine ADCIRC model
-70.1842458100,43.6749728000,-36.8368776241,-397.00,Maine ADCIRC model
-70.1842466100,43.6749701200,-36.7505656192,-396.00,Maine ADCIRC model
-70.1842474000,43.6749674300,-36.6638774267,-395.00,Maine ADCIRC model
-70.1842482000,43.6749647500,-36.5775654218,-394.00,Maine ADCIRC model
-70.1842489900,43.6749620700,-36.4912117320,-393.00,Maine ADCIRC model
-70.1842497900,43.6749593800,-36.4045652241,-392.00,Maine ADCIRC model
-70.1842505800,43.6749567000,-36.3182115346,-391.00,Maine ADCIRC model
-70.1842513700,43.6749540200,-36.2318578448,-390.00,Maine ADCIRC model
-70.1842521700,43.6749513400,-36.1455458399,-389.00,Maine ADCIRC model
-70.1842529600,43.6749486500,-36.0588576471,-388.00,Maine ADCIRC model
-70.1842537600,43.6749459700,-35.9725456425,-387.00,Maine ADCIRC model
-70.1842545500,43.6749432900,-35.8861919528,-386.00,Maine ADCIRC model
-70.1842553500,43.6749406000,-35.7995454448,-385.00,Maine ADCIRC model
-70.1842561400,43.6749379200,-35.7131917551,-384.00,Maine ADCIRC model
-70.1842569300,43.6749352400,-35.6268380656,-383.00,Maine ADCIRC model
-70.1842577300,43.6749325600,-35.5405260606,-382.00,Maine ADCIRC model
-70.1842585200,43.6749298700,-35.4538378679,-381.00,Maine ADCIRC model
-70.1842593200,43.6749271900,-35.3675258630,-380.00,Maine ADCIRC model
-70.1842601100,43.6749245100,-35.2811721732,-379.00,Maine ADCIRC model
-70.1842609100,43.6749218200,-35.1945256656,-378.00,Maine ADCIRC model
-70.1842617000,43.6749191400,-35.1081719758,-377.00,Maine ADCIRC model
-70.1842624900,43.6749164600,-35.0218182860,-376.00,Maine ADCIRC model
-70.1842632900,43.6749137700,-34.9351717784,-375.00,Maine ADCIRC model
-70.1842640800,43.6749110900,-34.8488180886,-374.00,Maine ADCIRC model
-70.1842648800,43.6749084100,-34.7625060837,-373.00,Maine ADCIRC model
-70.1842656700,43.6749057300,-34.6761523940,-372.00,Maine ADCIRC model
-70.1842664700,43.6749030400,-34.5895058860,-371.00,Maine ADCIRC model
-70.1842672600,43.6749003600,-34.5031521965,-370.00,Maine ADCIRC model
-70.1842680600,43.6748976800,-34.4168401916,-369.00,Maine ADCIRC model
-70.1842688500,43.6748949900,-34.3301519988,-368.00,Maine ADCIRC model
-70.1842696400,43.6748923100,-34.2437983091,-367.00,Maine ADCIRC model
-70.1842704400,43.6748896300,-34.1574863045,-366.00,Maine ADCIRC model
-70.1842712300,43.6748869500,-34.0711326146,-365.00,Maine ADCIRC model
-70.1842720300,43.6748842600,-33.9844861068,-364.00,Maine ADCIRC model
-70.1842728200,43.6748815800,-33.8981324170,-363.00,Maine ADCIRC model
-70.1842736200,43.6748789000,-33.8118204123,-362.00,Maine ADCIRC model
-70.1842744100,43.6748762100,-33.7251322196,-361.00,Maine ADCIRC model
-70.1842752000,43.6748735300,-33.6387785298,-360.00,Maine ADCIRC model
-70.1842760000,43.6748708500,-33.5524665249,-359.00,Maine ADCIRC model
-70.1842767900,43.6748681700,-33.4661128354,-358.00,Maine ADCIRC model
-70.1842775900,43.6748654800,-33.3794663275,-357.00,Maine ADCIRC model
-70.1842783800,43.6748628000,-33.2931126377,-356.00,Maine ADCIRC model
-70.1842791800,43.6748601200,-33.2068006329,-355.00,Maine ADCIRC model
-70.1842799700,43.6748574300,-33.1201124403,-354.00,Maine ADCIRC model
-70.1842807600,43.6748547500,-33.0337587505,-353.00,Maine ADCIRC model
-70.1842815600,43.6748520700,-32.9474467457,-352.00,Maine ADCIRC model
-70.1842823500,43.6748493900,-32.8610930559,-351.00,Maine ADCIRC model
-70.1842831500,43.6748467000,-32.7744465482,-350.00,Maine ADCIRC model
-70.1842839400,43.6748440200,-32.6880928585,-349.00,Maine ADCIRC model
-70.1842847400,43.6748413400,-32.6017808535,-348.00,Maine ADCIRC model
-70.1842855300,43.6748386500,-32.5150926608,-347.00,Maine ADCIRC model
-70.1842863200,43.6748359700,-32.4287389710,-346.00,Maine ADCIRC model
-70.1842871200,43.6748332900,-32.3424269664,-345.00,Maine ADCIRC model
-70.1842879100,43.6748306100,-32.2557329022,-344.00,Maine ADCIRC model
-70.1842887100,43.6748279200,-32.1659419261,-343.00,Maine ADCIRC model
-70.1842895000,43.6748252400,-32.0764637333,-342.00,Maine ADCIRC model
-70.1842903000,43.6748225600,-31.9870154468,-341.00,Maine ADCIRC model
-70.1842910900,43.6748198700,-31.8971945646,-340.00,Maine ADCIRC model
-70.1842918800,43.6748171900,-31.8077163719,-339.00,Maine ADCIRC model
-70.1842926800,43.6748145100,-31.7182680851,-338.00,Maine ADCIRC model
-70.1842934700,43.6748118300,-31.6287898926,-337.00,Maine ADCIRC model
-70.1842942700,43.6748091400,-31.5389989164,-336.00,Maine ADCIRC model
-70.1842950600,43.6748064600,-31.4495207236,-335.00,Maine ADCIRC model
-70.1842958600,43.6748037800,-31.3600724369,-334.00,Maine ADCIRC model
-70.1842966500,43.6748010900,-31.2702515549,-333.00,Maine ADCIRC model
-70.1842974400,43.6747984100,-31.1807733622,-332.00,Maine ADCIRC model
-70.1842982400,43.6747957300,-31.0913250754,-331.00,Maine ADCIRC model
-70.1842990300,43.6747930500,-31.0018468827,-330.00,Maine ADCIRC model
-70.1842998300,43.6747903600,-30.9120559067,-329.00,Maine ADCIRC model
-70.1843006200,43.6747876800,-30.8225777140,-328.00,Maine ADCIRC model
-70.1843014200,43.6747850000,-30.7331294272,-327.00,Maine ADCIRC model
-70.1843022100,43.6747823100,-30.6433085450,-326.00,Maine ADCIRC model
-70.1843030000,43.6747796300,-30.5538303525,-325.00,Maine ADCIRC model
-70.1843038000,43.6747769500,-30.4643820658,-324.00,Maine ADCIRC model
-70.1843045900,43.6747742700,-30.3749038730,-323.00,Maine ADCIRC model
-70.1843053900,43.6747715800,-30.2851128968,-322.00,Maine ADCIRC model
-70.1843061800,43.6747689000,-30.1956347040,-321.00,Maine ADCIRC model
-70.1843069800,43.6747662200,-30.1061864176,-320.00,Maine ADCIRC model
-70.1843077700,43.6747635300,-30.0163655354,-319.00,Maine ADCIRC model
-70.1843085600,43.6747608500,-29.9268873426,-318.00,Maine ADCIRC model
-70.1843093600,43.6747581700,-29.8374390559,-317.00,Maine ADCIRC model
-70.1843101500,43.6747554800,-29.7476181739,-316.00,Maine ADCIRC model
-70.1843109500,43.6747528000,-29.6581698871,-315.00,Maine ADCIRC model
-70.1843117400,43.6747501200,-29.5686916944,-314.00,Maine ADCIRC model
-70.1843125400,43.6747474400,-29.4792434076,-313.00,Maine ADCIRC model
-70.1843133300,43.6747447500,-29.3894225257,-312.00,Maine ADCIRC model
-70.1843141200,43.6747420700,-29.2999443329,-311.00,Maine ADCIRC model
-70.1843149200,43.6747393900,-29.2104960462,-310.00,Maine ADCIRC model
-70.1843157100,43.6747367000,-29.1206751640,-309.00,Maine ADCIRC model
-70.1843165100,43.6747340200,-29.0312268775,-308.00,Maine ADCIRC model
-70.1843173000,43.6747313400,-28.9417486847,-307.00,Maine ADCIRC model
-70.1843181000,43.6747286600,-28.8523003980,-306.00,Maine ADCIRC model
-70.1843188900,43.6747259700,-28.7624795158,-305.00,Maine ADCIRC model
-70.1843196800,43.6747232900,-28.6730013233,-304.00,Maine ADCIRC model
-70.1843204800,43.6747206100,-28.5835530365,-303.00,Maine ADCIRC model
-70.1843212700,43.6747179200,-28.4937321543,-302.00,Maine ADCIRC model
-70.1843220700,43.6747152400,-28.4042838676,-301.00,Maine ADCIRC model
-70.1843228600,43.6747125600,-28.3148056751,-300.00,Maine ADCIRC model
-70.1843236600,43.6747098800,-28.2253573883,-299.00,Maine ADCIRC model
-70.1843244500,43.6747071900,-28.1355365061,-298.00,Maine ADCIRC model
-70.1843252500,43.6747045100,-28.0460882194,-297.00,Maine ADCIRC model
-70.1843260400,43.6747018300,-27.9566100266,-296.00,Maine ADCIRC model
-70.1843268300,43.6746991400,-27.8667891447,-295.00,Maine ADCIRC model
-70.1843276300,43.6746964600,-27.7773408579,-294.00,Maine ADCIRC model
-70.1843284200,43.6746937800,-27.6878626652,-293.00,Maine ADCIRC model
-70.1843292200,43.6746911000,-27.5984143784,-292.00,Maine ADCIRC model
-70.1843300100,43.6746884100,-27.5085934964,-291.00,Maine ADCIRC model
-70.1843308100,43.6746857300,-27.4191452097,-290.00,Maine ADCIRC model
-70.1843316000,43.6746830500,-27.3296670169,-289.00,Maine ADCIRC model
-70.1843323900,43.6746803600,-27.2398461347,-288.00,Maine ADCIRC model
-70.1843331900,43.6746776800,-27.1503978483,-287.00,Maine ADCIRC model
-70.1843339800,43.6746750000,-27.0609196555,-286.00,Maine ADCIRC model
-70.1843347800,43.6746723200,-26.9714713687,-285.00,Maine ADCIRC model
-70.1843355700,43.6746696300,-26.8816504866,-284.00,Maine ADCIRC model
-70.1843363700,43.6746669500,-26.7922022000,-283.00,Maine ADCIRC model
-70.1843371600,43.6746642700,-26.7027240073,-282.00,Maine ADCIRC model
-70.1843379500,43.6746615800,-26.6129031251,-281.00,Maine ADCIRC model
-70.1843387500,43.6746589000,-26.5234548383,-280.00,Maine ADCIRC model
-70.1843395400,43.6746562200,-26.4339766458,-279.00,Maine ADCIRC model
-70.1843403400,43.6746535400,-26.3445283591,-278.00,Maine ADCIRC model
-70.1843411300,43.6746508500,-26.2547074769,-277.00,Maine ADCIRC model
-70.1843419300,43.6746481700,-26.1652591901,-276.00,Maine ADCIRC model
-70.1843427200,43.6746454900,-26.0757809976,-275.00,Maine ADCIRC model
-70.1843435100,43.6746428000,-25.9859601154,-274.00,Maine ADCIRC model
-70.1843443100,43.6746401200,-25.8965118287,-273.00,Maine ADCIRC model
-70.1843451000,43.6746374400,-25.8070336359,-272.00,Maine ADCIRC model
-70.1843459000,43.6746347600,-25.7175853494,-271.00,Maine ADCIRC model
-70.1843466900,43.6746320700,-25.6277644672,-270.00,Maine ADCIRC model
-70.1843474900,43.6746293900,-25.5383161804,-269.00,Maine ADCIRC model
-70.1843482800,43.6746267100,-25.4488379877,-268.00,Maine ADCIRC model
-70.1843490700,43.6746240200,-25.3590171057,-267.00,Maine ADCIRC model
-70.1843498700,43.6746213400,-25.2695688190,-266.00,Maine ADCIRC model
-70.1843506600,43.6746186600,-25.1800906263,-265.00,Maine ADCIRC model
-70.1843514600,43.6746159800,-25.0906423395,-264.00,Maine ADCIRC model
-70.1843522500,43.6746132900,-25.0008214576,-263.00,Maine ADCIRC model
-70.1843530500,43.6746106100,-24.9113731708,-262.00,Maine ADCIRC model
-70.1843538400,43.6746079300,-24.8218949780,-261.00,Maine ADCIRC model
-70.1843546300,43.6746052400,-24.7320740959,-260.00,Maine ADCIRC model
-70.1843554300,43.6746025600,-24.6426258091,-259.00,Maine ADCIRC model
-70.1843562200,43.6745998800,-24.5531476166,-258.00,Maine ADCIRC model
-70.1843570200,43.6745971900,-24.4633566404,-257.00,Maine ADCIRC model
-70.1843578100,43.6745945100,-24.3738784476,-256.00,Maine ADCIRC model
-70.1843586100,43.6745918300,-24.2844301609,-255.00,Maine ADCIRC model
-70.1843594000,43.6745891500,-24.1949519684,-254.00,Maine ADCIRC model
-70.1843601900,43.6745864600,-24.1051310862,-253.00,Maine ADCIRC model
-70.1843609900,43.6745837800,-24.0156827994,-252.00,Maine ADCIRC model
-70.1843617800,43.6745811000,-23.9262046067,-251.00,Maine ADCIRC model
-70.1843625800,43.6745784100,-23.8364136307,-250.00,Maine ADCIRC model
-70.1843633700,43.6745757300,-23.7469354380,-249.00,Maine ADCIRC model
-70.1843641700,43.6745730500,-23.6574871512,-248.00,Maine ADCIRC model
-70.1843649600,43.6745703700,-23.5680089585,-247.00,Maine ADCIRC model
-70.1843657500,43.6745676800,-23.4781880765,-246.00,Maine ADCIRC model
-70.1843665500,43.6745650000,-23.3887397897,-245.00,Maine ADCIRC model
-70.1843673400,43.6745623200,-23.2992615970,-244.00,Maine ADCIRC model
-70.1843681400,43.6745596300,-23.2094706208,-243.00,Maine ADCIRC model
-70.1843689300,43.6745569500,-23.1199924283,-242.00,Maine ADCIRC model
-70.1843697300,43.6745542700,-23.0305441416,-241.00,Maine ADCIRC model
-70.1843705200,43.6745515900,-22.9410659488,-240.00,Maine ADCIRC model
-70.1843713100,43.6745489000,-22.8512450666,-239.00,Maine ADCIRC model
-70.1843721100,43.6745462200,-22.7617967801,-238.00,Maine ADCIRC model
-70.1843729000,43.6745435400,-22.6723185874,-237.00,Maine ADCIRC model
-70.1843737000,43.6745408500,-22.5825276111,-236.00,Maine ADCIRC model
-70.1843744900,43.6745381700,-22.4930494184,-235.00,Maine ADCIRC model
-70.1843752900,43.6745354900,-22.4036011317,-234.00,Maine ADCIRC model
-70.1843760800,43.6745328100,-22.3141229392,-233.00,Maine ADCIRC model
-70.1843768700,43.6745301200,-22.2243020569,-232.00,Maine ADCIRC model
-70.1843776700,43.6745274400,-22.1348537702,-231.00,Maine ADCIRC model
-70.1843784600,43.6745247600,-22.0453755775,-230.00,Maine ADCIRC model
-70.1843792600,43.6745220700,-21.9555846015,-229.00,Maine ADCIRC model
-70.1843800500,43.6745193900,-21.8661064087,-228.00,Maine ADCIRC model
-70.1843808500,43.6745167100,-21.7766581220,-227.00,Maine ADCIRC model
-70.1843816400,43.6745140300,-21.6871799292,-226.00,Maine ADCIRC model
-70.1843824300,43.6745113400,-21.5973590473,-225.00,Maine ADCIRC model
-70.1843832300,43.6745086600,-21.5079107605,-224.00,Maine ADCIRC model
-70.1843840200,43.6745059800,-21.4184325678,-223.00,Maine ADCIRC model
-70.1843848200,43.6745032900,-21.3286415916,-222.00,Maine ADCIRC model
-70.1843856100,43.6745006100,-21.2392689980,-221.00,Maine ADCIRC model
-70.1843864100,43.6744979300,-21.1531545312,-220.00,Maine ADCIRC model
-70.1843872000,43.6744952500,-21.0670088859,-219.00,Maine ADCIRC model
-70.1843879900,43.6744925600,-20.9805326110,-218.00,Maine ADCIRC model
-70.1843887900,43.6744898800,-20.8944181444,-217.00,Maine ADCIRC model
-70.1843895800,43.6744872000,-20.8082724991,-216.00,Maine ADCIRC model
-70.1843903800,43.6744845100,-20.7218274026,-215.00,Maine ADCIRC model
-70.1843911700,43.6744818300,-20.6356817574,-214.00,Maine ADCIRC model
-70.1843919700,43.6744791500,-20.5495672908,-213.00,Maine ADCIRC model
-70.1843927600,43.6744764700,-20.4634216455,-212.00,Maine ADCIRC model
-70.1843935500,43.6744737800,-20.3769453706,-211.00,Maine ADCIRC model
-70.1843943500,43.6744711000,-20.2908309038,-210.00,Maine ADCIRC model
-70.1843951400,43.6744684200,-20.2046852585,-209.00,Maine ADCIRC model
-70.1843959400,43.6744657300,-20.1182401623,-208.00,Maine ADCIRC model
-70.1843967300,43.6744630500,-20.0320945170,-207.00,Maine ADCIRC model
-70.1843975300,43.6744603700,-19.9459800502,-206.00,Maine ADCIRC model
-70.1843983200,43.6744576800,-19.8595037755,-205.00,Maine ADCIRC model
-70.1843991100,43.6744550000,-19.7733581302,-204.00,Maine ADCIRC model
-70.1843999100,43.6744523200,-19.6872436634,-203.00,Maine ADCIRC model
-70.1844007000,43.6744496400,-19.6010980181,-202.00,Maine ADCIRC model
-70.1844015000,43.6744469500,-19.5146529217,-201.00,Maine ADCIRC model
-70.1844022900,43.6744442700,-19.4285072766,-200.00,Maine ADCIRC model
-70.1844030900,43.6744415900,-19.3423928098,-199.00,Maine ADCIRC model
-70.1844038800,43.6744389000,-19.2559165349,-198.00,Maine ADCIRC model
-70.1844046700,43.6744362200,-19.1697708896,-197.00,Maine ADCIRC model
-70.1844054700,43.6744335400,-19.0836564230,-196.00,Maine ADCIRC model
-70.1844062600,43.6744308600,-18.9975107778,-195.00,Maine ADCIRC model
-70.1844070600,43.6744281700,-18.9110656813,-194.00,Maine ADCIRC model
-70.1844078500,43.6744254900,-18.8249200360,-193.00,Maine ADCIRC model
-70.1844086500,43.6744228100,-18.7388055694,-192.00,Maine ADCIRC model
-70.1844094400,43.6744201200,-18.6523292945,-191.00,Maine ADCIRC model
-70.1844102300,43.6744174400,-18.5661836492,-190.00,Maine ADCIRC model
-70.1844110300,43.6744147600,-18.4800691824,-189.00,Maine ADCIRC model
-70.1844118200,43.6744120800,-18.3939235374,-188.00,Maine ADCIRC model
-70.1844126200,43.6744093900,-18.3074784409,-187.00,Maine ADCIRC model
-70.1844134100,43.6744067100,-18.2213327957,-186.00,Maine ADCIRC model
-70.1844142100,43.6744040300,-18.1352183288,-185.00,Maine ADCIRC model
-70.1844150000,43.6744013400,-18.0487420541,-184.00,Maine ADCIRC model
-70.1844157900,43.6743986600,-17.9625964089,-183.00,Maine ADCIRC model
-70.1844165900,43.6743959800,-17.8764819420,-182.00,Maine ADCIRC model
-70.1844173800,43.6743933000,-17.7903362968,-181.00,Maine ADCIRC model
-70.1844181800,43.6743906100,-17.7038912005,-180.00,Maine ADCIRC model
-70.1844189700,43.6743879300,-17.6177455553,-179.00,Maine ADCIRC model
-70.1844197700,43.6743852500,-17.5316310885,-178.00,Maine ADCIRC model
-70.1844205600,43.6743825600,-17.4451548135,-177.00,Maine ADCIRC model
-70.1844213600,43.6743798800,-17.3590403470,-176.00,Maine ADCIRC model
-70.1844221500,43.6743772000,-17.2728947017,-175.00,Maine ADCIRC model
-70.1844229400,43.6743745200,-17.1867490564,-174.00,Maine ADCIRC model
-70.1844237400,43.6743718300,-17.1003039599,-173.00,Maine ADCIRC model
-70.1844245300,43.6743691500,-17.0141583147,-172.00,Maine ADCIRC model
-70.1844253300,43.6743664700,-16.9280438481,-171.00,Maine ADCIRC model
-70.1844261200,43.6743637800,-16.8415675731,-170.00,Maine ADCIRC model
-70.1844269200,43.6743611000,-16.7554531064,-169.00,Maine ADCIRC model
-70.1844277100,43.6743584200,-16.6693074611,-168.00,Maine ADCIRC model
-70.1844285000,43.6743557400,-16.5831618160,-167.00,Maine ADCIRC model
-70.1844293000,43.6743530500,-16.4967167196,-166.00,Maine ADCIRC model
-70.1844300900,43.6743503700,-16.4105710743,-165.00,Maine ADCIRC model
-70.1844308900,43.6743476900,-16.3244566075,-164.00,Maine ADCIRC model
-70.1844316800,43.6743450000,-16.2379803328,-163.00,Maine ADCIRC model
-70.1844324800,43.6743423200,-16.1518658660,-162.00,Maine ADCIRC model
-70.1844332700,43.6743396400,-16.0657202207,-161.00,Maine ADCIRC model
-70.1844340600,43.6743369600,-15.9795745754,-160.00,Maine ADCIRC model
-70.1844348600,43.6743342700,-15.8931294792,-159.00,Maine ADCIRC model
-70.1844356500,43.6743315900,-15.8069838339,-158.00,Maine ADCIRC model
-70.1844364500,43.6743289100,-15.7208693671,-157.00,Maine ADCIRC model
-70.1844372400,43.6743262200,-15.6343930922,-156.00,Maine ADCIRC model
-70.1844380400,43.6743235400,-15.5482786256,-155.00,Maine ADCIRC model
-70.1844388300,43.6743208600,-15.4621329803,-154.00,Maine ADCIRC model
-70.1844396200,43.6743181800,-15.3759873351,-153.00,Maine ADCIRC model
-70.1844404200,43.6743154900,-15.2895422386,-152.00,Maine ADCIRC model
-70.1844412100,43.6743128100,-15.2033965936,-151.00,Maine ADCIRC model
-70.1844420100,43.6743101300,-15.1172821267,-150.00,Maine ADCIRC model
-70.1844428000,43.6743074400,-15.0308058518,-149.00,Maine ADCIRC model
-70.1844436000,43.6743047600,-14.9446913850,-148.00,Maine ADCIRC model
-70.1844443900,43.6743020800,-14.8585457397,-147.00,Maine ADCIRC model
-70.1844451800,43.6742993900,-14.7720694650,-146.00,Maine ADCIRC model
-70.1844459800,43.6742967100,-14.6859549982,-145.00,Maine ADCIRC model
-70.1844467700,43.6742940300,-14.5998093529,-144.00,Maine ADCIRC model
-70.1844475700,43.6742913500,-14.5136948861,-143.00,Maine ADCIRC model
-70.1844483600,43.6742886600,-14.4272186114,-142.00,Maine ADCIRC model
-70.1844491600,43.6742859800,-14.3411041446,-141.00,Maine ADCIRC model
-70.1844499500,43.6742833000,-14.2549584994,-140.00,Maine ADCIRC model
-70.1844507400,43.6742806100,-14.2305211532,-139.00,Maine ADCIRC model
-70.1844515400,43.6742779300,-14.2091627959,-138.00,Maine ADCIRC model
-70.1844523300,43.6742752500,-14.1878930012,-137.00,Maine ADCIRC model
-70.1844531300,43.6742725700,-14.1665346439,-136.00,Maine ADCIRC model
-70.1844539200,43.6742698800,-14.1452115904,-135.00,Maine ADCIRC model
-70.1844547200,43.6742672000,-14.1238532330,-134.00,Maine ADCIRC model
-70.1844555100,43.6742645200,-14.1025834383,-133.00,Maine ADCIRC model
-70.1844563000,43.6742618300,-14.0812603850,-132.00,Maine ADCIRC model
-70.1844571000,43.6742591500,-14.0599020275,-131.00,Maine ADCIRC model
-70.1844578900,43.6742564700,-14.0386322328,-130.00,Maine ADCIRC model
-70.1844586900,43.6742537900,-14.0172738755,-129.00,Maine ADCIRC model
-70.1844594800,43.6742511000,-13.9959508220,-128.00,Maine ADCIRC model
-70.1844602800,43.6742484200,-13.9745924647,-127.00,Maine ADCIRC model
-70.1844610700,43.6742457400,-13.9533226700,-126.00,Maine ADCIRC model
-70.1844618600,43.6742430500,-13.9319996166,-125.00,Maine ADCIRC model
-70.1844626600,43.6742403700,-13.9106412592,-124.00,Maine ADCIRC model
-70.1844634500,43.6742376900,-13.8893714645,-123.00,Maine ADCIRC model
-70.1844642500,43.6742350100,-13.8680131071,-122.00,Maine ADCIRC model
-70.1844650400,43.6742323200,-13.8466900537,-121.00,Maine ADCIRC model
-70.1844658400,43.6742296400,-13.8253316963,-120.00,Maine ADCIRC model
-70.1844666300,43.6742269600,-13.8040619016,-119.00,Maine ADCIRC model
-70.1844674200,43.6742242700,-13.7827388482,-118.00,Maine ADCIRC model
-70.1844682200,43.6742215900,-13.7613804909,-117.00,Maine ADCIRC model
-70.1844690100,43.6742189100,-13.7401106962,-116.00,Maine ADCIRC model
-70.1844698100,43.6742162300,-13.7187523388,-115.00,Maine ADCIRC model
-70.1844706000,43.6742135400,-13.6974292854,-114.00,Maine ADCIRC model
-70.1844714000,43.6742108600,-13.6760709279,-113.00,Maine ADCIRC model
-70.1844721900,43.6742081800,-13.6548011334,-112.00,Maine ADCIRC model
-70.1844729800,43.6742054900,-13.6334780799,-111.00,Maine ADCIRC model
-70.1844737800,43.6742028100,-13.6121197224,-110.00,Maine ADCIRC model
-70.1844745700,43.6742001300,-13.5908499278,-109.00,Maine ADCIRC model
-70.1844753700,43.6741974500,-13.5694915704,-108.00,Maine ADCIRC model
-70.1844761600,43.6741947600,-13.5481685170,-107.00,Maine ADCIRC model
-70.1844769600,43.6741920800,-13.5268101597,-106.00,Maine ADCIRC model
-70.1844777500,43.6741894000,-13.5055403650,-105.00,Maine ADCIRC model
-70.1844785400,43.6741867100,-13.4842173115,-104.00,Maine ADCIRC model
-70.1844793400,43.6741840300,-13.4628589542,-103.00,Maine ADCIRC model
-70.1844801300,43.6741813500,-13.4415891595,-102.00,Maine ADCIRC model
-70.1844809300,43.6741786700,-13.4202308021,-101.00,Maine ADCIRC model
-70.1844817200,43.6741759800,-13.3989077487,-100.00,Maine ADCIRC model
-70.1844825200,43.6741733000,-13.3775493913,-99.00,Maine ADCIRC model
-70.1844833100,43.6741706200,-13.3562795966,-98.00,Maine ADCIRC model
-70.1844841000,43.6741679300,-13.3349565431,-97.00,Maine ADCIRC model
-70.1844849000,43.6741652500,-13.3135981858,-96.00,Maine ADCIRC model
-70.1844856900,43.6741625700,-13.2923283911,-95.00,Maine ADCIRC model
-70.1844864900,43.6741598800,-13.2709167750,-94.00,Maine ADCIRC model
-70.1844872800,43.6741572000,-13.2496469803,-93.00,Maine ADCIRC model
-70.1844880800,43.6741545200,-13.2282886230,-92.00,Maine ADCIRC model
-70.1844888700,43.6741518400,-13.2070188283,-91.00,Maine ADCIRC model
-70.1844896600,43.6741491500,-13.1856957748,-90.00,Maine ADCIRC model
-70.1844904600,43.6741464700,-13.1643374174,-89.00,Maine ADCIRC model
-70.1844912500,43.6741437900,-13.1430676228,-88.00,Maine ADCIRC model
-70.1844920500,43.6741411000,-13.1216560066,-87.00,Maine ADCIRC model
-70.1844928400,43.6741384200,-13.1003862119,-86.00,Maine ADCIRC model
-70.1844936400,43.6741357400,-13.0790278546,-85.00,Maine ADCIRC model
-70.1844944300,43.6741330600,-13.0577580599,-84.00,Maine ADCIRC model
-70.1844952200,43.6741303700,-13.0364350065,-83.00,Maine ADCIRC model
-70.1844960200,43.6741276900,-13.0150766491,-82.00,Maine ADCIRC model
-70.1844968100,43.6741250100,-12.9938068544,-81.00,Maine ADCIRC model
-70.1844976100,43.6741223200,-12.9723952384,-80.00,Maine ADCIRC model
-70.1844984000,43.6741196400,-12.9511254437,-79.00,Maine ADCIRC model
-70.1844992000,43.6741169600,-12.9297670862,-78.00,Maine ADCIRC model
-70.1844999900,43.6741142800,-12.9084972915,-77.00,Maine ADCIRC model
-70.1845007800,43.6741115900,-12.8871742382,-76.00,Maine ADCIRC model
-70.1845015800,43.6741089100,-12.8658158807,-75.00,Maine ADCIRC model
-70.1845023700,43.6741062300,-12.8445460860,-74.00,Maine ADCIRC model
-70.1845031700,43.6741035400,-12.8231344700,-73.00,Maine ADCIRC model
-70.1845039600,43.6741008600,-12.8018646753,-72.00,Maine ADCIRC model
-70.1845047600,43.6740981800,-12.7805063180,-71.00,Maine ADCIRC model
-70.1845055500,43.6740955000,-12.5043561184,-70.00,Maine ADCIRC model
-70.1845063400,43.6740928100,-12.1889143975,-69.00,Maine ADCIRC model
-70.1845071400,43.6740901300,-11.8743490794,-68.00,Maine ADCIRC model
-70.1845079300,43.6740874500,-11.5600127535,-67.00,Maine ADCIRC model
-70.1845087300,43.6740847600,-11.2443420392,-66.00,Maine ADCIRC model
-70.1845095200,43.6740820800,-10.9300057134,-65.00,Maine ADCIRC model
-70.1845103200,43.6740794000,-10.6154403945,-64.00,Maine ADCIRC model
-70.1845111100,43.6740767200,-10.3011040695,-63.00,Maine ADCIRC model
-70.1845119000,43.6740740300,-9.9856623485,-62.00,Maine ADCIRC model
-70.1845127000,43.6740713500,-9.6710970297,-61.00,Maine ADCIRC model
-70.1845134900,43.6740686700,-9.3567607038,-60.00,Maine ADCIRC model
-70.1845142900,43.6740659800,-9.0410899906,-59.00,Maine ADCIRC model
-70.1845150800,43.6740633000,-8.7267536648,-58.00,Maine ADCIRC model
-70.1845158800,43.6740606200,-8.4121883456,-57.00,Maine ADCIRC model
-70.1845166700,43.6740579400,-8.0978520201,-56.00,Maine ADCIRC model
-70.1845174600,43.6740552500,-7.7824102999,-55.00,Maine ADCIRC model
-70.1845182600,43.6740525700,-7.4678449807,-54.00,Maine ADCIRC model
-70.1845190500,43.6740498900,-7.1535086549,-53.00,Maine ADCIRC model
-70.1845198500,43.6740472000,-6.8378379409,-52.00,Maine ADCIRC model
-70.1845206400,43.6740445200,-6.5235016158,-51.00,Maine ADCIRC model
-70.1845214400,43.6740418400,-6.2089362970,-50.00,Maine ADCIRC model
-70.1845222300,43.6740391600,-5.8945999711,-49.00,Maine ADCIRC model
-70.1845230200,43.6740364700,-5.5791582502,-48.00,Maine ADCIRC model
-70.1845238200,43.6740337900,-5.2645929321,-47.00,Maine ADCIRC model
-70.1845246100,43.6740311100,-4.9502566063,-46.00,Maine ADCIRC model
-70.1845254100,43.6740284200,-4.6345858920,-45.00,Maine ADCIRC model
-70.1845262000,43.6740257400,-4.3202495665,-44.00,Maine ADCIRC model
-70.1845270000,43.6740230600,-4.0056842480,-43.00,Maine ADCIRC model
-70.1845277900,43.6740203800,-3.6913479222,-42.00,Maine ADCIRC model
-70.1845285800,43.6740176900,-3.3759062013,-41.00,Maine ADCIRC model
-70.1845293800,43.6740150100,-3.0613408824,-40.00,Maine ADCIRC model
-70.1845301700,43.6740123300,-2.7470045565,-39.00,Maine ADCIRC model
-70.1845309700,43.6740096400,-2.4313338434,-38.00,Maine ADCIRC model
-70.1845317600,43.6740069600,-2.1169975175,-37.00,Maine ADCIRC model
-70.1845337475,43.6740002525,-5.9186353600,-34.50,2006FEMA
-70.1845611500,43.6739076943,1.0990814000,  0.00,-9.990000e+02
-70.1845770355,43.6738540355,14.1240162000, 20.00,-9.990000e+02
-70.1845905386,43.6738084271,20.1213917200, 37.00,2006FEMA
-70.1846068211,43.6737534283,23.0118117600, 57.50,2006FEMA
-70.1846211169,43.6737051356,26.1909457200, 75.50,2006FEMA
-70.1846362089,43.6736541617,36.9553817600, 94.50,-9.990000e+02
-70.1846445500,43.6736259900,39.1207361600,105.00,2006FEMA
-70.1846556688,43.6735884308,39.5767729200,119.00,2006FEMA
-70.1846723487,43.6735320900,44.6653557600,140.00,2006FEMA
