X,Y,Z,STA
 -70.7057273905,   43.0782897945, -38.2514, -1582.00
 -70.7057269653,   43.0782925207, -38.1421, -1581.00
 -70.7057265438,   43.0782952468, -38.0329, -1580.00
 -70.7057261223,   43.0782979730, -37.9236, -1579.00
 -70.7057257008,   43.0783006991, -37.8143, -1578.00
 -70.7057252793,   43.0783034253, -37.7051, -1577.00
 -70.7057248578,   43.0783061514, -37.5958, -1576.00
 -70.7057244325,   43.0783088776, -37.4866, -1575.00
 -70.7057240110,   43.0783116037, -37.3773, -1574.00
 -70.7057235895,   43.0783143298, -37.2680, -1573.00
 -70.7057231680,   43.0783170560, -37.1588, -1572.00
 -70.7057227465,   43.0783197822, -37.0495, -1571.00
 -70.7057223250,   43.0783225083, -36.9402, -1570.00
 -70.7057219035,   43.0783252344, -36.8310, -1569.00
 -70.7057214783,   43.0783279606, -36.7217, -1568.00
 -70.7057210567,   43.0783306867, -36.6125, -1567.00
 -70.7057206352,   43.0783334129, -36.5032, -1566.00
 -70.7057202137,   43.0783361391, -36.3939, -1565.00
 -70.7057197922,   43.0783388652, -36.2847, -1564.00
 -70.7057193707,   43.0783415913, -36.1754, -1563.00
 -70.7057189492,   43.0783443175, -36.0662, -1562.00
 -70.7057185240,   43.0783470436, -35.9569, -1561.00
 -70.7057181025,   43.0783497698, -35.8476, -1560.00
 -70.7057176810,   43.0783524959, -35.7384, -1559.00
 -70.7057172595,   43.0783552221, -35.6291, -1558.00
 -70.7057168380,   43.0783579482, -35.5198, -1557.00
 -70.7057164165,   43.0783606744, -35.4106, -1556.00
 -70.7057159949,   43.0783634005, -35.3026, -1555.00
 -70.7057155697,   43.0783661267, -35.1955, -1554.00
 -70.7057151482,   43.0783688528, -35.0885, -1553.00
 -70.7057147267,   43.0783715790, -34.9815, -1552.00
 -70.7057143052,   43.0783743051, -34.8744, -1551.00
 -70.7057138837,   43.0783770313, -34.7674, -1550.00
 -70.7057134622,   43.0783797574, -34.6604, -1549.00
 -70.7057130407,   43.0783824836, -34.5533, -1548.00
 -70.7057126154,   43.0783852097, -34.4463, -1547.00
 -70.7057121939,   43.0783879359, -34.3393, -1546.00
 -70.7057117724,   43.0783906620, -34.2322, -1545.00
 -70.7057113509,   43.0783933882, -34.1252, -1544.00
 -70.7057109294,   43.0783961143, -34.0182, -1543.00
 -70.7057105079,   43.0783988404, -33.9111, -1542.00
 -70.7057100864,   43.0784015666, -33.8041, -1541.00
 -70.7057096611,   43.0784042928, -33.6971, -1540.00
 -70.7057092396,   43.0784070189, -33.5900, -1539.00
 -70.7057088181,   43.0784097451, -33.4830, -1538.00
 -70.7057083966,   43.0784124712, -33.3760, -1537.00
 -70.7057079751,   43.0784151974, -33.2689, -1536.00
 -70.7057075536,   43.0784179235, -33.1619, -1535.00
 -70.7057071321,   43.0784206497, -33.0549, -1534.00
 -70.7057067069,   43.0784233758, -32.9772, -1533.00
 -70.7057062854,   43.0784261020, -32.9060, -1532.00
 -70.7057058638,   43.0784288281, -32.8349, -1531.00
 -70.7057054423,   43.0784315543, -32.7637, -1530.00
 -70.7057050208,   43.0784342804, -32.6925, -1529.00
 -70.7057045993,   43.0784370065, -32.6214, -1528.00
 -70.7057041778,   43.0784397327, -32.5502, -1527.00
 -70.7057037526,   43.0784424588, -32.4791, -1526.00
 -70.7057033311,   43.0784451850, -32.4079, -1525.00
 -70.7057029096,   43.0784479112, -32.3368, -1524.00
 -70.7057024881,   43.0784506373, -32.2656, -1523.00
 -70.7057020666,   43.0784533634, -32.1438, -1522.00
 -70.7057016450,   43.0784560896, -32.0086, -1521.00
 -70.7057012235,   43.0784588157, -31.8733, -1520.00
 -70.7057007983,   43.0784615419, -31.7380, -1519.00
 -70.7057003768,   43.0784642680, -31.6028, -1518.00
 -70.7056999553,   43.0784669942, -31.4675, -1517.00
 -70.7056995338,   43.0784697203, -31.3322, -1516.00
 -70.7056991123,   43.0784724465, -31.1970, -1515.00
 -70.7056986908,   43.0784751726, -31.0617, -1514.00
 -70.7056982655,   43.0784778988, -30.9264, -1513.00
 -70.7056978440,   43.0784806249, -30.7912, -1512.00
 -70.7056974225,   43.0784833511, -30.6559, -1511.00
 -70.7056970010,   43.0784860772, -30.5207, -1510.00
 -70.7056965795,   43.0784888034, -30.3854, -1509.00
 -70.7056961580,   43.0784915295, -30.2501, -1508.00
 -70.7056957365,   43.0784942557, -30.1149, -1507.00
 -70.7056953112,   43.0784969818, -29.9796, -1506.00
 -70.7056948897,   43.0784997080, -29.8443, -1505.00
 -70.7056944682,   43.0785024341, -29.7091, -1504.00
 -70.7056940467,   43.0785051603, -29.5738, -1503.00
 -70.7056936252,   43.0785078864, -29.4385, -1502.00
 -70.7056932037,   43.0785106125, -29.3033, -1501.00
 -70.7056927822,   43.0785133387, -29.1680, -1500.00
 -70.7056923569,   43.0785160649, -29.0327, -1499.00
 -70.7056919354,   43.0785187910, -28.8975, -1498.00
 -70.7056915139,   43.0785215172, -28.7622, -1497.00
 -70.7056910924,   43.0785242433, -28.6270, -1496.00
 -70.7056906709,   43.0785269695, -28.4917, -1495.00
 -70.7056902494,   43.0785296956, -28.3564, -1494.00
 -70.7056898279,   43.0785324217, -28.2212, -1493.00
 -70.7056894026,   43.0785351479, -28.0859, -1492.00
 -70.7056889811,   43.0785378740, -27.9506, -1491.00
 -70.7056885596,   43.0785406002, -27.8154, -1490.00
 -70.7056881381,   43.0785433264, -27.6801, -1489.00
 -70.7056877166,   43.0785460525, -27.5448, -1488.00
 -70.7056872951,   43.0785487786, -27.4096, -1487.00
 -70.7056868736,   43.0785515048, -27.2743, -1486.00
 -70.7056864483,   43.0785542309, -27.1391, -1485.00
 -70.7056860268,   43.0785569571, -27.0038, -1484.00
 -70.7056856053,   43.0785596832, -26.8685, -1483.00
 -70.7056851838,   43.0785624094, -26.7333, -1482.00
 -70.7056847623,   43.0785651355, -26.5980, -1481.00
 -70.7056843408,   43.0785678617, -26.4627, -1480.00
 -70.7056839193,   43.0785705878, -26.3813, -1479.00
 -70.7056834940,   43.0785733140, -26.3089, -1478.00
 -70.7056830725,   43.0785760401, -26.2366, -1477.00
 -70.7056826510,   43.0785787663, -26.1642, -1476.00
 -70.7056822295,   43.0785814924, -26.0919, -1475.00
 -70.7056818080,   43.0785842186, -26.0195, -1474.00
 -70.7056813865,   43.0785869447, -25.9472, -1473.00
 -70.7056809650,   43.0785896709, -25.8749, -1472.00
 -70.7056805398,   43.0785923970, -25.8025, -1471.00
 -70.7056801182,   43.0785951232, -25.7302, -1470.00
 -70.7056796967,   43.0785978493, -25.6578, -1469.00
 -70.7056792752,   43.0786005755, -25.5855, -1468.00
 -70.7056788537,   43.0786033016, -25.5132, -1467.00
 -70.7056784322,   43.0786060277, -25.4408, -1466.00
 -70.7056780107,   43.0786087539, -25.3685, -1465.00
 -70.7056775855,   43.0786114801, -25.2961, -1464.00
 -70.7056771639,   43.0786142062, -25.2238, -1463.00
 -70.7056767424,   43.0786169324, -25.1514, -1462.00
 -70.7056763209,   43.0786196585, -25.0791, -1461.00
 -70.7056758994,   43.0786223847, -25.0068, -1460.00
 -70.7056754779,   43.0786251108, -24.9344, -1459.00
 -70.7056750564,   43.0786278369, -24.8621, -1458.00
 -70.7056746312,   43.0786305631, -24.7897, -1457.00
 -70.7056742096,   43.0786332892, -24.7174, -1456.00
 -70.7056737881,   43.0786360154, -24.6450, -1455.00
 -70.7056733666,   43.0786387416, -24.5727, -1454.00
 -70.7056729451,   43.0786414677, -24.5004, -1453.00
 -70.7056725236,   43.0786441938, -24.4280, -1452.00
 -70.7056720984,   43.0786469200, -24.3557, -1451.00
 -70.7056716768,   43.0786496461, -24.2833, -1450.00
 -70.7056712553,   43.0786523723, -24.2110, -1449.00
 -70.7056708338,   43.0786550984, -24.1386, -1448.00
 -70.7056704123,   43.0786578246, -24.0663, -1447.00
 -70.7056699908,   43.0786605507, -23.9940, -1446.00
 -70.7056695693,   43.0786632769, -23.9216, -1445.00
 -70.7056691441,   43.0786660030, -23.8493, -1444.00
 -70.7056687225,   43.0786687292, -23.7769, -1443.00
 -70.7056683010,   43.0786714553, -23.7046, -1442.00
 -70.7056678795,   43.0786741815, -23.6322, -1441.00
 -70.7056674580,   43.0786769076, -23.5969, -1440.00
 -70.7056670365,   43.0786796338, -23.5633, -1439.00
 -70.7056666150,   43.0786823599, -23.5298, -1438.00
 -70.7056661897,   43.0786850861, -23.4962, -1437.00
 -70.7056657682,   43.0786878122, -23.4626, -1436.00
 -70.7056653467,   43.0786905384, -23.4291, -1435.00
 -70.7056649252,   43.0786932645, -23.3955, -1434.00
 -70.7056645037,   43.0786959907, -23.3619, -1433.00
 -70.7056640822,   43.0786987168, -23.3284, -1432.00
 -70.7056636607,   43.0787014429, -23.2630, -1431.00
 -70.7056632354,   43.0787041691, -23.1847, -1430.00
 -70.7056628139,   43.0787068953, -23.1063, -1429.00
 -70.7056623924,   43.0787096214, -23.0280, -1428.00
 -70.7056619709,   43.0787123476, -22.9609, -1427.00
 -70.7056615494,   43.0787150737, -22.9550, -1426.00
 -70.7056611279,   43.0787177998, -22.9491, -1425.00
 -70.7056607064,   43.0787205260, -22.9432, -1424.00
 -70.7056602811,   43.0787232522, -22.9373, -1423.00
 -70.7056598596,   43.0787259783, -22.9313, -1422.00
 -70.7056594381,   43.0787287044, -22.9254, -1421.00
 -70.7056590166,   43.0787314306, -22.9195, -1420.00
 -70.7056585951,   43.0787341568, -22.8948, -1419.00
 -70.7056581736,   43.0787368829, -22.8495, -1418.00
 -70.7056577521,   43.0787396090, -22.8042, -1417.00
 -70.7056573268,   43.0787423352, -22.7588, -1416.00
 -70.7056569053,   43.0787450613, -22.7135, -1415.00
 -70.7056564838,   43.0787477875, -22.6682, -1414.00
 -70.7056560623,   43.0787505136, -22.6229, -1413.00
 -70.7056556408,   43.0787532398, -22.5775, -1412.00
 -70.7056552193,   43.0787559659, -22.5322, -1411.00
 -70.7056547978,   43.0787586921, -22.4869, -1410.00
 -70.7056543725,   43.0787614182, -22.4416, -1409.00
 -70.7056539510,   43.0787641444, -22.3962, -1408.00
 -70.7056535295,   43.0787668705, -22.3509, -1407.00
 -70.7056531080,   43.0787695967, -22.3056, -1406.00
 -70.7056526865,   43.0787723228, -22.2603, -1405.00
 -70.7056522650,   43.0787750490, -22.2149, -1404.00
 -70.7056518434,   43.0787777751, -22.1696, -1403.00
 -70.7056514182,   43.0787805013, -22.1243, -1402.00
 -70.7056509967,   43.0787832274, -22.0789, -1401.00
 -70.7056505752,   43.0787859536, -22.0336, -1400.00
 -70.7056501537,   43.0787886797, -21.9883, -1399.00
 -70.7056497321,   43.0787914059, -21.9430, -1398.00
 -70.7056493106,   43.0787941320, -21.8976, -1397.00
 -70.7056488891,   43.0787968581, -21.8523, -1396.00
 -70.7056484639,   43.0787995843, -21.8070, -1395.00
 -70.7056480424,   43.0788023105, -21.7617, -1394.00
 -70.7056476209,   43.0788050366, -21.7163, -1393.00
 -70.7056471993,   43.0788077628, -21.6710, -1392.00
 -70.7056467778,   43.0788104889, -21.6257, -1391.00
 -70.7056463563,   43.0788132150, -21.5804, -1390.00
 -70.7056459311,   43.0788159412, -21.5350, -1389.00
 -70.7056455096,   43.0788186674, -21.4897, -1388.00
 -70.7056450880,   43.0788213935, -21.4444, -1387.00
 -70.7056446665,   43.0788241196, -21.3991, -1386.00
 -70.7056442450,   43.0788268458, -21.3537, -1385.00
 -70.7056438235,   43.0788295719, -21.3084, -1384.00
 -70.7056434020,   43.0788322981, -21.2631, -1383.00
 -70.7056429767,   43.0788350242, -21.2178, -1382.00
 -70.7056425552,   43.0788377504, -21.1724, -1381.00
 -70.7056421337,   43.0788404765, -21.1271, -1380.00
 -70.7056417122,   43.0788432027, -21.0818, -1379.00
 -70.7056412907,   43.0788459288, -21.0364, -1378.00
 -70.7056408692,   43.0788486550, -20.9911, -1377.00
 -70.7056404477,   43.0788513811, -20.9458, -1376.00
 -70.7056400224,   43.0788541073, -20.9005, -1375.00
 -70.7056396009,   43.0788568334, -20.8551, -1374.00
 -70.7056391794,   43.0788595596, -20.8098, -1373.00
 -70.7056387579,   43.0788622857, -20.7645, -1372.00
 -70.7056383364,   43.0788650119, -20.7192, -1371.00
 -70.7056379149,   43.0788677380, -20.6738, -1370.00
 -70.7056374934,   43.0788704642, -20.6285, -1369.00
 -70.7056370681,   43.0788731903, -20.5832, -1368.00
 -70.7056366466,   43.0788759165, -20.5379, -1367.00
 -70.7056362251,   43.0788786426, -20.4925, -1366.00
 -70.7056358036,   43.0788813687, -20.4472, -1365.00
 -70.7056353821,   43.0788840949, -20.4019, -1364.00
 -70.7056349605,   43.0788868211, -20.3566, -1363.00
 -70.7056345390,   43.0788895472, -20.3112, -1362.00
 -70.7056341138,   43.0788922734, -20.2659, -1361.00
 -70.7056336923,   43.0788949995, -20.2206, -1360.00
 -70.7056332707,   43.0788977257, -20.1753, -1359.00
 -70.7056328492,   43.0789004518, -20.1299, -1358.00
 -70.7056324277,   43.0789031779, -20.0846, -1357.00
 -70.7056320062,   43.0789059041, -20.0393, -1356.00
 -70.7056315847,   43.0789086302, -19.9939, -1355.00
 -70.7056311594,   43.0789113564, -19.9486, -1354.00
 -70.7056307379,   43.0789140826, -19.9294, -1353.00
 -70.7056303164,   43.0789168087, -19.9259, -1352.00
 -70.7056298949,   43.0789195348, -19.9224, -1351.00
 -70.7056294734,   43.0789222610, -19.9189, -1350.00
 -70.7056290519,   43.0789249871, -19.9154, -1349.00
 -70.7056286304,   43.0789277133, -19.9119, -1348.00
 -70.7056282051,   43.0789304394, -19.9084, -1347.00
 -70.7056277836,   43.0789331656, -19.9049, -1346.00
 -70.7056273621,   43.0789358917, -19.9014, -1345.00
 -70.7056269406,   43.0789386179, -19.8980, -1344.00
 -70.7056265191,   43.0789413440, -19.8945, -1343.00
 -70.7056260976,   43.0789440702, -19.8910, -1342.00
 -70.7056256760,   43.0789467963, -19.8875, -1341.00
 -70.7056252508,   43.0789495225, -19.8840, -1340.00
 -70.7056248293,   43.0789522486, -19.8805, -1339.00
 -70.7056244078,   43.0789549748, -19.8770, -1338.00
 -70.7056239862,   43.0789577009, -19.8735, -1337.00
 -70.7056235647,   43.0789604270, -19.8700, -1336.00
 -70.7056231432,   43.0789631532, -19.8666, -1335.00
 -70.7056227180,   43.0789658794, -19.8631, -1334.00
 -70.7056222965,   43.0789686055, -19.8596, -1333.00
 -70.7056218749,   43.0789713317, -19.8561, -1332.00
 -70.7056214534,   43.0789740578, -19.8526, -1331.00
 -70.7056210319,   43.0789767839, -19.8491, -1330.00
 -70.7056206104,   43.0789795101, -19.8456, -1329.00
 -70.7056201889,   43.0789822362, -19.8421, -1328.00
 -70.7056197636,   43.0789849624, -19.8387, -1327.00
 -70.7056193421,   43.0789876885, -19.8352, -1326.00
 -70.7056189206,   43.0789904147, -19.8317, -1325.00
 -70.7056184991,   43.0789931409, -19.8282, -1324.00
 -70.7056180776,   43.0789958670, -19.8247, -1323.00
 -70.7056176561,   43.0789985931, -19.8212, -1322.00
 -70.7056172346,   43.0790013193, -19.8177, -1321.00
 -70.7056168093,   43.0790040454, -19.8142, -1320.00
 -70.7056163878,   43.0790067716, -19.8107, -1319.00
 -70.7056159663,   43.0790094977, -19.8073, -1318.00
 -70.7056155448,   43.0790122239, -19.8038, -1317.00
 -70.7056151232,   43.0790149500, -19.8003, -1316.00
 -70.7056147017,   43.0790176762, -19.7968, -1315.00
 -70.7056142802,   43.0790204023, -19.7933, -1314.00
 -70.7056138550,   43.0790231285, -19.7898, -1313.00
 -70.7056134334,   43.0790258546, -19.7863, -1312.00
 -70.7056130119,   43.0790285808, -19.7828, -1311.00
 -70.7056125904,   43.0790313069, -19.7793, -1310.00
 -70.7056121689,   43.0790340331, -19.7759, -1309.00
 -70.7056117474,   43.0790367592, -19.7724, -1308.00
 -70.7056113259,   43.0790394853, -19.7689, -1307.00
 -70.7056109006,   43.0790422115, -19.7654, -1306.00
 -70.7056104791,   43.0790449377, -19.7619, -1305.00
 -70.7056100576,   43.0790476638, -19.7584, -1304.00
 -70.7056096361,   43.0790503900, -19.7549, -1303.00
 -70.7056092146,   43.0790531161, -19.7514, -1302.00
 -70.7056087930,   43.0790558422, -19.7479, -1301.00
 -70.7056083715,   43.0790585684, -19.7445, -1300.00
 -70.7056079463,   43.0790612946, -19.7410, -1299.00
 -70.7056075248,   43.0790640207, -19.7375, -1298.00
 -70.7056071032,   43.0790667468, -19.7340, -1297.00
 -70.7056066817,   43.0790694730, -19.7305, -1296.00
 -70.7056062602,   43.0790721991, -19.7270, -1295.00
 -70.7056058387,   43.0790749253, -19.7221, -1294.00
 -70.7056054172,   43.0790776514, -19.7024, -1293.00
 -70.7056049919,   43.0790803776, -19.6826, -1292.00
 -70.7056045704,   43.0790831037, -19.6628, -1291.00
 -70.7056041489,   43.0790858299, -19.6431, -1290.00
 -70.7056037274,   43.0790885560, -19.6233, -1289.00
 -70.7056033059,   43.0790912822, -19.6035, -1288.00
 -70.7056028844,   43.0790940083, -19.5838, -1287.00
 -70.7056024628,   43.0790967345, -19.5640, -1286.00
 -70.7056020376,   43.0790994606, -19.5442, -1285.00
 -70.7056016161,   43.0791021868, -19.5245, -1284.00
 -70.7056011946,   43.0791049129, -19.5047, -1283.00
 -70.7056007730,   43.0791076391, -19.4849, -1282.00
 -70.7056003515,   43.0791103652, -19.4652, -1281.00
 -70.7055999300,   43.0791130914, -19.4454, -1280.00
 -70.7055995085,   43.0791158175, -19.4256, -1279.00
 -70.7055990832,   43.0791185437, -19.4059, -1278.00
 -70.7055986617,   43.0791212698, -19.3861, -1277.00
 -70.7055982402,   43.0791239959, -19.3663, -1276.00
 -70.7055978187,   43.0791267221, -19.3466, -1275.00
 -70.7055973972,   43.0791294482, -19.3268, -1274.00
 -70.7055969757,   43.0791321744, -19.3070, -1273.00
 -70.7055965504,   43.0791349005, -19.2873, -1272.00
 -70.7055961289,   43.0791376267, -19.2610, -1271.00
 -70.7055957074,   43.0791403528, -19.2300, -1270.00
 -70.7055952859,   43.0791430790, -19.1991, -1269.00
 -70.7055948643,   43.0791458051, -19.1682, -1268.00
 -70.7055944428,   43.0791485313, -19.1373, -1267.00
 -70.7055940213,   43.0791512574, -19.1063, -1266.00
 -70.7055935961,   43.0791539836, -19.0754, -1265.00
 -70.7055931745,   43.0791567097, -19.0445, -1264.00
 -70.7055927530,   43.0791594359, -19.0135, -1263.00
 -70.7055923315,   43.0791621620, -18.9826, -1262.00
 -70.7055919100,   43.0791648882, -18.9517, -1261.00
 -70.7055914885,   43.0791676143, -18.9207, -1260.00
 -70.7055910670,   43.0791703405, -18.8898, -1259.00
 -70.7055906417,   43.0791730666, -18.8589, -1258.00
 -70.7055902202,   43.0791757928, -18.8279, -1257.00
 -70.7055897987,   43.0791785189, -18.7970, -1256.00
 -70.7055893772,   43.0791812451, -18.7661, -1255.00
 -70.7055889556,   43.0791839712, -18.7352, -1254.00
 -70.7055885341,   43.0791866973, -18.7042, -1253.00
 -70.7055881126,   43.0791894235, -18.6733, -1252.00
 -70.7055876874,   43.0791921496, -18.6424, -1251.00
 -70.7055872658,   43.0791948758, -18.6114, -1250.00
 -70.7055868443,   43.0791976020, -18.5805, -1249.00
 -70.7055864228,   43.0792003281, -18.5496, -1248.00
 -70.7055860013,   43.0792030542, -18.5186, -1247.00
 -70.7055855798,   43.0792057804, -18.4877, -1246.00
 -70.7055851583,   43.0792085065, -18.4568, -1245.00
 -70.7055847330,   43.0792112327, -18.4258, -1244.00
 -70.7055843115,   43.0792139588, -18.3949, -1243.00
 -70.7055838900,   43.0792166850, -18.3640, -1242.00
 -70.7055834685,   43.0792194111, -18.3331, -1241.00
 -70.7055830469,   43.0792221373, -18.3021, -1240.00
 -70.7055826254,   43.0792248634, -18.2948, -1239.00
 -70.7055822039,   43.0792275896, -18.2878, -1238.00
 -70.7055817786,   43.0792303157, -18.2808, -1237.00
 -70.7055813571,   43.0792330419, -18.2738, -1236.00
 -70.7055809356,   43.0792357680, -18.2668, -1235.00
 -70.7055805141,   43.0792384942, -18.2598, -1234.00
 -70.7055800926,   43.0792412203, -18.2528, -1233.00
 -70.7055796711,   43.0792439464, -18.2458, -1232.00
 -70.7055792495,   43.0792466726, -18.2388, -1231.00
 -70.7055788243,   43.0792493988, -18.2317, -1230.00
 -70.7055784028,   43.0792521249, -18.2247, -1229.00
 -70.7055779813,   43.0792548510, -18.2177, -1228.00
 -70.7055775597,   43.0792575772, -18.2107, -1227.00
 -70.7055771382,   43.0792603034, -18.2037, -1226.00
 -70.7055767167,   43.0792630295, -18.1967, -1225.00
 -70.7055762952,   43.0792657556, -18.1897, -1224.00
 -70.7055758699,   43.0792684818, -18.1827, -1223.00
 -70.7055754484,   43.0792712079, -18.1757, -1222.00
 -70.7055750269,   43.0792739341, -18.1687, -1221.00
 -70.7055746054,   43.0792766602, -18.1617, -1220.00
 -70.7055741839,   43.0792793864, -18.1547, -1219.00
 -70.7055737623,   43.0792821125, -18.1477, -1218.00
 -70.7055733408,   43.0792848387, -18.1407, -1217.00
 -70.7055729156,   43.0792875648, -18.1337, -1216.00
 -70.7055724940,   43.0792902910, -18.1267, -1215.00
 -70.7055720725,   43.0792930171, -18.1197, -1214.00
 -70.7055716510,   43.0792957433, -18.1127, -1213.00
 -70.7055712295,   43.0792984694, -18.1057, -1212.00
 -70.7055708080,   43.0793011956, -18.0987, -1211.00
 -70.7055703827,   43.0793039217, -18.0917, -1210.00
 -70.7055699612,   43.0793066479, -18.0847, -1209.00
 -70.7055695397,   43.0793093740, -18.0777, -1208.00
 -70.7055691182,   43.0793121002, -18.0707, -1207.00
 -70.7055686966,   43.0793148263, -18.0637, -1206.00
 -70.7055682751,   43.0793175525, -18.0567, -1205.00
 -70.7055678536,   43.0793202786, -18.0497, -1204.00
 -70.7055674284,   43.0793230048, -18.0427, -1203.00
 -70.7055670068,   43.0793257309, -18.0357, -1202.00
 -70.7055665853,   43.0793284571, -18.0287, -1201.00
 -70.7055661638,   43.0793311832, -18.0217, -1200.00
 -70.7055657423,   43.0793339093, -18.0147, -1199.00
 -70.7055653208,   43.0793366355, -18.0077, -1198.00
 -70.7055648992,   43.0793393616, -18.0007, -1197.00
 -70.7055644740,   43.0793420878, -17.9937, -1196.00
 -70.7055640525,   43.0793448139, -17.9867, -1195.00
 -70.7055636309,   43.0793475401, -17.9797, -1194.00
 -70.7055632094,   43.0793502662, -17.9727, -1193.00
 -70.7055627879,   43.0793529924, -17.9657, -1192.00
 -70.7055623664,   43.0793557185, -17.9587, -1191.00
 -70.7055619449,   43.0793584447, -17.9517, -1190.00
 -70.7055615196,   43.0793611708, -17.9654, -1189.00
 -70.7055610981,   43.0793638970, -17.9808, -1188.00
 -70.7055606766,   43.0793666231, -17.9963, -1187.00
 -70.7055602551,   43.0793693493, -18.0118, -1186.00
 -70.7055598335,   43.0793720754, -18.0273, -1185.00
 -70.7055594120,   43.0793748015, -18.0428, -1184.00
 -70.7055589905,   43.0793775277, -18.0582, -1183.00
 -70.7055585652,   43.0793802539, -18.0737, -1182.00
 -70.7055581437,   43.0793829800, -18.0892, -1181.00
 -70.7055577222,   43.0793857062, -18.1047, -1180.00
 -70.7055573007,   43.0793884323, -18.1202, -1179.00
 -70.7055568792,   43.0793911584, -18.1356, -1178.00
 -70.7055564577,   43.0793938846, -18.1511, -1177.00
 -70.7055560361,   43.0793966107, -18.1666, -1176.00
 -70.7055556109,   43.0793993369, -18.1821, -1175.00
 -70.7055551894,   43.0794020630, -18.1976, -1174.00
 -70.7055547678,   43.0794047892, -18.2130, -1173.00
 -70.7055543463,   43.0794075153, -18.2285, -1172.00
 -70.7055539248,   43.0794102415, -18.2440, -1171.00
 -70.7055535033,   43.0794129676, -18.2595, -1170.00
 -70.7055530818,   43.0794156938, -18.2750, -1169.00
 -70.7055526565,   43.0794184199, -18.2904, -1168.00
 -70.7055522350,   43.0794211461, -18.3059, -1167.00
 -70.7055518135,   43.0794238722, -18.3214, -1166.00
 -70.7055513919,   43.0794265984, -18.3369, -1165.00
 -70.7055509704,   43.0794293245, -18.3523, -1164.00
 -70.7055505489,   43.0794320507, -18.3678, -1163.00
 -70.7055501274,   43.0794347768, -18.3833, -1162.00
 -70.7055497021,   43.0794375030, -18.3988, -1161.00
 -70.7055492806,   43.0794402291, -18.4143, -1160.00
 -70.7055488591,   43.0794429552, -18.4297, -1159.00
 -70.7055484376,   43.0794456814, -18.4452, -1158.00
 -70.7055480160,   43.0794484076, -18.4607, -1157.00
 -70.7055475945,   43.0794511337, -18.4762, -1156.00
 -70.7055471730,   43.0794538598, -18.4917, -1155.00
 -70.7055467477,   43.0794565860, -18.5071, -1154.00
 -70.7055463262,   43.0794593121, -18.5226, -1153.00
 -70.7055459047,   43.0794620383, -18.5381, -1152.00
 -70.7055454832,   43.0794647644, -18.5536, -1151.00
 -70.7055450617,   43.0794674906, -18.5691, -1150.00
 -70.7055446401,   43.0794702167, -18.5845, -1149.00
 -70.7055442149,   43.0794729429, -18.6000, -1148.00
 -70.7055437934,   43.0794756690, -18.6155, -1147.00
 -70.7055433718,   43.0794783952, -18.6310, -1146.00
 -70.7055429503,   43.0794811213, -18.6465, -1145.00
 -70.7055425288,   43.0794838475, -18.6619, -1144.00
 -70.7055421073,   43.0794865736, -18.6774, -1143.00
 -70.7055416858,   43.0794892998, -18.6929, -1142.00
 -70.7055412605,   43.0794920259, -18.7084, -1141.00
 -70.7055408390,   43.0794947521, -18.7089, -1140.00
 -70.7055404175,   43.0794974782, -18.7089, -1139.00
 -70.7055399959,   43.0795002044, -18.7089, -1138.00
 -70.7055395744,   43.0795029305, -18.7089, -1137.00
 -70.7055391529,   43.0795056566, -18.7089, -1136.00
 -70.7055387314,   43.0795083828, -18.7089, -1135.00
 -70.7055383061,   43.0795111089, -18.7089, -1134.00
 -70.7055378846,   43.0795138351, -18.7089, -1133.00
 -70.7055374631,   43.0795165613, -18.7089, -1132.00
 -70.7055370416,   43.0795192874, -18.7089, -1131.00
 -70.7055366200,   43.0795220135, -18.7089, -1130.00
 -70.7055361985,   43.0795247397, -18.7089, -1129.00
 -70.7055357770,   43.0795274658, -18.7089, -1128.00
 -70.7055353517,   43.0795301920, -18.7089, -1127.00
 -70.7055349302,   43.0795329181, -18.7089, -1126.00
 -70.7055345087,   43.0795356443, -18.7089, -1125.00
 -70.7055340872,   43.0795383704, -18.7089, -1124.00
 -70.7055336657,   43.0795410966, -18.7089, -1123.00
 -70.7055332441,   43.0795438227, -18.7089, -1122.00
 -70.7055328226,   43.0795465489, -18.7089, -1121.00
 -70.7055323973,   43.0795492750, -18.7089, -1120.00
 -70.7055319758,   43.0795520012, -18.7089, -1119.00
 -70.7055315543,   43.0795547273, -18.7089, -1118.00
 -70.7055311328,   43.0795574535, -18.7089, -1117.00
 -70.7055307113,   43.0795601796, -18.7089, -1116.00
 -70.7055302897,   43.0795629057, -18.7089, -1115.00
 -70.7055298682,   43.0795656319, -18.7089, -1114.00
 -70.7055294430,   43.0795683581, -18.7089, -1113.00
 -70.7055290214,   43.0795710842, -18.7089, -1112.00
 -70.7055285999,   43.0795738103, -18.7089, -1111.00
 -70.7055281784,   43.0795765365, -18.7089, -1110.00
 -70.7055277569,   43.0795792626, -18.7089, -1109.00
 -70.7055273354,   43.0795819888, -18.7089, -1108.00
 -70.7055269138,   43.0795847149, -18.7089, -1107.00
 -70.7055264886,   43.0795874411, -18.7089, -1106.00
 -70.7055260670,   43.0795901672, -18.7089, -1105.00
 -70.7055256455,   43.0795928934, -18.7089, -1104.00
 -70.7055252240,   43.0795956195, -18.7089, -1103.00
 -70.7055248025,   43.0795983457, -18.7089, -1102.00
 -70.7055243810,   43.0796010718, -18.7089, -1101.00
 -70.7055239594,   43.0796037980, -18.7085, -1100.00
 -70.7055235342,   43.0796065241, -18.6985, -1099.00
 -70.7055231127,   43.0796092503, -18.6885, -1098.00
 -70.7055226911,   43.0796119764, -18.6784, -1097.00
 -70.7055222696,   43.0796147025, -18.6684, -1096.00
 -70.7055218481,   43.0796174287, -18.6584, -1095.00
 -70.7055214266,   43.0796201549, -18.6484, -1094.00
 -70.7055210050,   43.0796228810, -18.6383, -1093.00
 -70.7055205798,   43.0796256072, -18.6283, -1092.00
 -70.7055201583,   43.0796283333, -18.6183, -1091.00
 -70.7055197367,   43.0796310595, -18.6083, -1090.00
 -70.7055193152,   43.0796337856, -18.5983, -1089.00
 -70.7055188937,   43.0796365117, -18.5882, -1088.00
 -70.7055184722,   43.0796392379, -18.5782, -1087.00
 -70.7055180469,   43.0796419640, -18.5682, -1086.00
 -70.7055176254,   43.0796446902, -18.5582, -1085.00
 -70.7055172039,   43.0796474163, -18.5481, -1084.00
 -70.7055167823,   43.0796501425, -18.5381, -1083.00
 -70.7055163608,   43.0796528686, -18.5281, -1082.00
 -70.7055159393,   43.0796555948, -18.5181, -1081.00
 -70.7055155178,   43.0796583209, -18.5080, -1080.00
 -70.7055150925,   43.0796610471, -18.4980, -1079.00
 -70.7055146710,   43.0796637732, -18.4880, -1078.00
 -70.7055142495,   43.0796664994, -18.4780, -1077.00
 -70.7055138279,   43.0796692255, -18.4679, -1076.00
 -70.7055134064,   43.0796719517, -18.4579, -1075.00
 -70.7055129849,   43.0796746778, -18.4555, -1074.00
 -70.7055125634,   43.0796774039, -18.4637, -1073.00
 -70.7055121381,   43.0796801301, -18.4720, -1072.00
 -70.7055117166,   43.0796828563, -18.4802, -1071.00
 -70.7055112951,   43.0796855824, -18.4885, -1070.00
 -70.7055108735,   43.0796883085, -18.4967, -1069.00
 -70.7055104520,   43.0796910347, -18.5049, -1068.00
 -70.7055100305,   43.0796937608, -18.5132, -1067.00
 -70.7055096090,   43.0796964870, -18.5214, -1066.00
 -70.7055091837,   43.0796992132, -18.5297, -1065.00
 -70.7055087622,   43.0797019393, -18.5379, -1064.00
 -70.7055083407,   43.0797046654, -18.5461, -1063.00
 -70.7055079191,   43.0797073916, -18.5544, -1062.00
 -70.7055074976,   43.0797101177, -18.5626, -1061.00
 -70.7055070761,   43.0797128439, -18.5709, -1060.00
 -70.7055066546,   43.0797155700, -18.5791, -1059.00
 -70.7055062293,   43.0797182962, -18.5873, -1058.00
 -70.7055058078,   43.0797210223, -18.5956, -1057.00
 -70.7055053863,   43.0797237485, -18.6038, -1056.00
 -70.7055049647,   43.0797264746, -18.6121, -1055.00
 -70.7055045432,   43.0797292007, -18.6203, -1054.00
 -70.7055041217,   43.0797319269, -18.6286, -1053.00
 -70.7055037002,   43.0797346531, -18.6368, -1052.00
 -70.7055032749,   43.0797373792, -18.6450, -1051.00
 -70.7055028534,   43.0797401054, -18.6533, -1050.00
 -70.7055024319,   43.0797428315, -18.6615, -1049.00
 -70.7055020103,   43.0797455576, -18.6698, -1048.00
 -70.7055015888,   43.0797482838, -18.6780, -1047.00
 -70.7055011673,   43.0797510099, -18.6862, -1046.00
 -70.7055007458,   43.0797537361, -18.6945, -1045.00
 -70.7055003205,   43.0797564622, -18.7027, -1044.00
 -70.7054998990,   43.0797591884, -18.7020, -1043.00
 -70.7054994775,   43.0797619145, -18.6750, -1042.00
 -70.7054990559,   43.0797646407, -18.6479, -1041.00
 -70.7054986344,   43.0797673668, -18.6208, -1040.00
 -70.7054982129,   43.0797700929, -18.5937, -1039.00
 -70.7054977914,   43.0797728191, -18.5666, -1038.00
 -70.7054973661,   43.0797755453, -18.5395, -1037.00
 -70.7054969446,   43.0797782714, -18.5124, -1036.00
 -70.7054965230,   43.0797809976, -18.4854, -1035.00
 -70.7054961015,   43.0797837237, -18.4583, -1034.00
 -70.7054956800,   43.0797864499, -18.4312, -1033.00
 -70.7054952585,   43.0797891760, -18.4041, -1032.00
 -70.7054948332,   43.0797919022, -18.3770, -1031.00
 -70.7054944117,   43.0797946283, -18.3499, -1030.00
 -70.7054939902,   43.0797973544, -18.3228, -1029.00
 -70.7054935686,   43.0798000806, -18.2958, -1028.00
 -70.7054931471,   43.0798028067, -18.2687, -1027.00
 -70.7054927256,   43.0798055329, -18.2416, -1026.00
 -70.7054923041,   43.0798082590, -18.2145, -1025.00
 -70.7054918788,   43.0798109852, -18.1874, -1024.00
 -70.7054914573,   43.0798137113, -18.1603, -1023.00
 -70.7054910357,   43.0798164375, -18.1332, -1022.00
 -70.7054906142,   43.0798191636, -18.1062, -1021.00
 -70.7054901927,   43.0798218898, -18.0791, -1020.00
 -70.7054897712,   43.0798246159, -18.0520, -1019.00
 -70.7054893497,   43.0798273421, -18.0249, -1018.00
 -70.7054889244,   43.0798300682, -17.9978, -1017.00
 -70.7054885029,   43.0798327944, -17.9707, -1016.00
 -70.7054880813,   43.0798355205, -17.9437, -1015.00
 -70.7054876598,   43.0798382467, -17.9166, -1014.00
 -70.7054872383,   43.0798409728, -17.8895, -1013.00
 -70.7054868168,   43.0798436989, -17.8655, -1012.00
 -70.7054863952,   43.0798464251, -17.8602, -1011.00
 -70.7054859700,   43.0798491512, -17.8549, -1010.00
 -70.7054855484,   43.0798518774, -17.8495, -1009.00
 -70.7054851269,   43.0798546035, -17.8442, -1008.00
 -70.7054847054,   43.0798573297, -17.8389, -1007.00
 -70.7054842839,   43.0798600558, -17.8336, -1006.00
 -70.7054838623,   43.0798627820, -17.8283, -1005.00
 -70.7054834408,   43.0798655081, -17.8229, -1004.00
 -70.7054830156,   43.0798682343, -17.8176, -1003.00
 -70.7054825940,   43.0798709604, -17.8123, -1002.00
 -70.7054821725,   43.0798736866, -17.8070, -1001.00
 -70.7054817510,   43.0798764127, -17.8017, -1000.00
 -70.7054813295,   43.0798791389, -17.7963, -999.00
 -70.7054809079,   43.0798818650, -17.7910, -998.00
 -70.7054804864,   43.0798845911, -17.7857, -997.00
 -70.7054800611,   43.0798873173, -17.7804, -996.00
 -70.7054796396,   43.0798900435, -17.7750, -995.00
 -70.7054792181,   43.0798927696, -17.7697, -994.00
 -70.7054787966,   43.0798954957, -17.7644, -993.00
 -70.7054783750,   43.0798982219, -17.7591, -992.00
 -70.7054779535,   43.0799009480, -17.7538, -991.00
 -70.7054775320,   43.0799036742, -17.7484, -990.00
 -70.7054771067,   43.0799064004, -17.7431, -989.00
 -70.7054766852,   43.0799091265, -17.7378, -988.00
 -70.7054762637,   43.0799118526, -17.7325, -987.00
 -70.7054758421,   43.0799145788, -17.7271, -986.00
 -70.7054754206,   43.0799173049, -17.7126, -985.00
 -70.7054749991,   43.0799200311, -17.6914, -984.00
 -70.7054745776,   43.0799227572, -17.6701, -983.00
 -70.7054741523,   43.0799254834, -17.6488, -982.00
 -70.7054737308,   43.0799282095, -17.6275, -981.00
 -70.7054733092,   43.0799309357, -17.6062, -980.00
 -70.7054728877,   43.0799336618, -17.5849, -979.00
 -70.7054724662,   43.0799363879, -17.5636, -978.00
 -70.7054720447,   43.0799391141, -17.5424, -977.00
 -70.7054716231,   43.0799418402, -17.5211, -976.00
 -70.7054711979,   43.0799445664, -17.4998, -975.00
 -70.7054707763,   43.0799472926, -17.4785, -974.00
 -70.7054703548,   43.0799500187, -17.4572, -973.00
 -70.7054699333,   43.0799527448, -17.4359, -972.00
 -70.7054695118,   43.0799554710, -17.4146, -971.00
 -70.7054690902,   43.0799581971, -17.3933, -970.00
 -70.7054686650,   43.0799609233, -17.3721, -969.00
 -70.7054682434,   43.0799636494, -17.3508, -968.00
 -70.7054678219,   43.0799663756, -17.3295, -967.00
 -70.7054674004,   43.0799691017, -17.3082, -966.00
 -70.7054669789,   43.0799718279, -17.2869, -965.00
 -70.7054665573,   43.0799745540, -17.2656, -964.00
 -70.7054661358,   43.0799772801, -17.2443, -963.00
 -70.7054657105,   43.0799800063, -17.2230, -962.00
 -70.7054652890,   43.0799827325, -17.2018, -961.00
 -70.7054648675,   43.0799854586, -17.1805, -960.00
 -70.7054644460,   43.0799881848, -17.1592, -959.00
 -70.7054640244,   43.0799909109, -17.1379, -958.00
 -70.7054636029,   43.0799936370, -17.1166, -957.00
 -70.7054631814,   43.0799963632, -17.0953, -956.00
 -70.7054627561,   43.0799990894, -17.0740, -955.00
 -70.7054623346,   43.0800018155, -17.0527, -954.00
 -70.7054619131,   43.0800045416, -17.0315, -953.00
 -70.7054614915,   43.0800072678, -17.0102, -952.00
 -70.7054610700,   43.0800099939, -16.9889, -951.00
 -70.7054606485,   43.0800127201, -16.9676, -950.00
 -70.7054602270,   43.0800154462, -16.9463, -949.00
 -70.7054598017,   43.0800181724, -16.9250, -948.00
 -70.7054593802,   43.0800208985, -16.9037, -947.00
 -70.7054589586,   43.0800236247, -16.9367, -946.00
 -70.7054585371,   43.0800263508, -17.0005, -945.00
 -70.7054581156,   43.0800290769, -17.0642, -944.00
 -70.7054576941,   43.0800318031, -17.1280, -943.00
 -70.7054572725,   43.0800345293, -17.1917, -942.00
 -70.7054568473,   43.0800372554, -17.2555, -941.00
 -70.7054564257,   43.0800399816, -17.3192, -940.00
 -70.7054560042,   43.0800427077, -17.3830, -939.00
 -70.7054555827,   43.0800454338, -17.4467, -938.00
 -70.7054551611,   43.0800481600, -17.4941, -937.00
 -70.7054547396,   43.0800508861, -17.5225, -936.00
 -70.7054543181,   43.0800536123, -17.5509, -935.00
 -70.7054538928,   43.0800563384, -17.5793, -934.00
 -70.7054534713,   43.0800590646, -17.6076, -933.00
 -70.7054530498,   43.0800617907, -17.6360, -932.00
 -70.7054526282,   43.0800645169, -17.6644, -931.00
 -70.7054522067,   43.0800672430, -17.6927, -930.00
 -70.7054517852,   43.0800699692, -17.7211, -929.00
 -70.7054513637,   43.0800726953, -17.7060, -928.00
 -70.7054509384,   43.0800754215, -17.6843, -927.00
 -70.7054505169,   43.0800781476, -17.6626, -926.00
 -70.7054500953,   43.0800808738, -17.6408, -925.00
 -70.7054496738,   43.0800835999, -17.6191, -924.00
 -70.7054492523,   43.0800863261, -17.6124, -923.00
 -70.7054488307,   43.0800890522, -17.6075, -922.00
 -70.7054484092,   43.0800917783, -17.6026, -921.00
 -70.7054479839,   43.0800945045, -17.5977, -920.00
 -70.7054475624,   43.0800972306, -17.5929, -919.00
 -70.7054471409,   43.0800999568, -17.5880, -918.00
 -70.7054467194,   43.0801026829, -17.5831, -917.00
 -70.7054462978,   43.0801054091, -17.5783, -916.00
 -70.7054458763,   43.0801081352, -17.5734, -915.00
 -70.7054454548,   43.0801108614, -17.5685, -914.00
 -70.7054450295,   43.0801135875, -17.5636, -913.00
 -70.7054446080,   43.0801163137, -17.5588, -912.00
 -70.7054441865,   43.0801190398, -17.5539, -911.00
 -70.7054437649,   43.0801217660, -17.5490, -910.00
 -70.7054433434,   43.0801244921, -17.5442, -909.00
 -70.7054429219,   43.0801272183, -17.5393, -908.00
 -70.7054424966,   43.0801299444, -17.5344, -907.00
 -70.7054420751,   43.0801326705, -17.5295, -906.00
 -70.7054416535,   43.0801353967, -17.5247, -905.00
 -70.7054412320,   43.0801381229, -17.5198, -904.00
 -70.7054408105,   43.0801408490, -17.5149, -903.00
 -70.7054403890,   43.0801435751, -17.5101, -902.00
 -70.7054399674,   43.0801463013, -17.5052, -901.00
 -70.7054395422,   43.0801490274, -17.5003, -900.00
 -70.7054391206,   43.0801517536, -17.4954, -899.00
 -70.7054386991,   43.0801544797, -17.4906, -898.00
 -70.7054382776,   43.0801572059, -17.4857, -897.00
 -70.7054378560,   43.0801599320, -17.4808, -896.00
 -70.7054374345,   43.0801626582, -17.4759, -895.00
 -70.7054370130,   43.0801653843, -17.4711, -894.00
 -70.7054365877,   43.0801681105, -17.4662, -893.00
 -70.7054361662,   43.0801708366, -17.4613, -892.00
 -70.7054357447,   43.0801735628, -17.4565, -891.00
 -70.7054353231,   43.0801762889, -17.4516, -890.00
 -70.7054349016,   43.0801790151, -17.4467, -889.00
 -70.7054344801,   43.0801817412, -17.4418, -888.00
 -70.7054340585,   43.0801844673, -17.4370, -887.00
 -70.7054336333,   43.0801871935, -17.4321, -886.00
 -70.7054332117,   43.0801899197, -17.4272, -885.00
 -70.7054327902,   43.0801926458, -17.4224, -884.00
 -70.7054323687,   43.0801953719, -17.4175, -883.00
 -70.7054319471,   43.0801980981, -17.4126, -882.00
 -70.7054315256,   43.0802008242, -17.4077, -881.00
 -70.7054311041,   43.0802035504, -17.4029, -880.00
 -70.7054306788,   43.0802062765, -17.3980, -879.00
 -70.7054302573,   43.0802090027, -17.3931, -878.00
 -70.7054298358,   43.0802117288, -17.3883, -877.00
 -70.7054294142,   43.0802144550, -17.3834, -876.00
 -70.7054289927,   43.0802171811, -17.3785, -875.00
 -70.7054285712,   43.0802199072, -17.3736, -874.00
 -70.7054281496,   43.0802226334, -17.3688, -873.00
 -70.7054277244,   43.0802253596, -17.3639, -872.00
 -70.7054273028,   43.0802280857, -17.3590, -871.00
 -70.7054268813,   43.0802308119, -17.3542, -870.00
 -70.7054264598,   43.0802335380, -17.3493, -869.00
 -70.7054260382,   43.0802362641, -17.3444, -868.00
 -70.7054256167,   43.0802389903, -17.3395, -867.00
 -70.7054251952,   43.0802417164, -17.3347, -866.00
 -70.7054247699,   43.0802444426, -17.3298, -865.00
 -70.7054243484,   43.0802471687, -17.3249, -864.00
 -70.7054239269,   43.0802498949, -17.3200, -863.00
 -70.7054235053,   43.0802526210, -17.3152, -862.00
 -70.7054230838,   43.0802553472, -17.3103, -861.00
 -70.7054226623,   43.0802580733, -17.3054, -860.00
 -70.7054222407,   43.0802607995, -17.3006, -859.00
 -70.7054218155,   43.0802635256, -17.2957, -858.00
 -70.7054213939,   43.0802662518, -17.2908, -857.00
 -70.7054209724,   43.0802689779, -17.2859, -856.00
 -70.7054205509,   43.0802717040, -17.2811, -855.00
 -70.7054201293,   43.0802744302, -17.2762, -854.00
 -70.7054197078,   43.0802771564, -17.2713, -853.00
 -70.7054192863,   43.0802798825, -17.2665, -852.00
 -70.7054188610,   43.0802826086, -17.2616, -851.00
 -70.7054184395,   43.0802853348, -17.2567, -850.00
 -70.7054180179,   43.0802880609, -17.2518, -849.00
 -70.7054175964,   43.0802907871, -17.2470, -848.00
 -70.7054171749,   43.0802935132, -17.2421, -847.00
 -70.7054167534,   43.0802962394, -17.2372, -846.00
 -70.7054163281,   43.0802989655, -17.2324, -845.00
 -70.7054159065,   43.0803016917, -17.2275, -844.00
 -70.7054154850,   43.0803044178, -17.2226, -843.00
 -70.7054150635,   43.0803071440, -17.2177, -842.00
 -70.7054146420,   43.0803098701, -17.2129, -841.00
 -70.7054142204,   43.0803125963, -17.2080, -840.00
 -70.7054137989,   43.0803153224, -17.2031, -839.00
 -70.7054133736,   43.0803180486, -17.1982, -838.00
 -70.7054129521,   43.0803207747, -17.1934, -837.00
 -70.7054125306,   43.0803235008, -17.1885, -836.00
 -70.7054121090,   43.0803262270, -17.1836, -835.00
 -70.7054116875,   43.0803289531, -17.1788, -834.00
 -70.7054112660,   43.0803316793, -17.1739, -833.00
 -70.7054108444,   43.0803344054, -17.1690, -832.00
 -70.7054104192,   43.0803371316, -17.1641, -831.00
 -70.7054099976,   43.0803398577, -17.1593, -830.00
 -70.7054095761,   43.0803425839, -17.1544, -829.00
 -70.7054091546,   43.0803453100, -17.1495, -828.00
 -70.7054087330,   43.0803480362, -17.1447, -827.00
 -70.7054083115,   43.0803507623, -17.1398, -826.00
 -70.7054078900,   43.0803534885, -17.1349, -825.00
 -70.7054074647,   43.0803562146, -17.1300, -824.00
 -70.7054070432,   43.0803589408, -17.1252, -823.00
 -70.7054066216,   43.0803616669, -17.1203, -822.00
 -70.7054062001,   43.0803643930, -17.1154, -821.00
 -70.7054057786,   43.0803671192, -17.1106, -820.00
 -70.7054053570,   43.0803698453, -17.1057, -819.00
 -70.7054049355,   43.0803725715, -17.1008, -818.00
 -70.7054045102,   43.0803752976, -17.0959, -817.00
 -70.7054040887,   43.0803780238, -17.0911, -816.00
 -70.7054036672,   43.0803807499, -17.0862, -815.00
 -70.7054032456,   43.0803834761, -17.0813, -814.00
 -70.7054028241,   43.0803862022, -17.0765, -813.00
 -70.7054024026,   43.0803889284, -17.0716, -812.00
 -70.7054019810,   43.0803916545, -17.0667, -811.00
 -70.7054015558,   43.0803943807, -17.0618, -810.00
 -70.7054011342,   43.0803971068, -17.0570, -809.00
 -70.7054007127,   43.0803998329, -17.0521, -808.00
 -70.7054002912,   43.0804025591, -17.0472, -807.00
 -70.7053998696,   43.0804052853, -17.0423, -806.00
 -70.7053994481,   43.0804080114, -17.0375, -805.00
 -70.7053990266,   43.0804107375, -17.0326, -804.00
 -70.7053986013,   43.0804134637, -17.0277, -803.00
 -70.7053981798,   43.0804161898, -17.0229, -802.00
 -70.7053977582,   43.0804189160, -17.0180, -801.00
 -70.7053973367,   43.0804216421, -17.0131, -800.00
 -70.7053969152,   43.0804243683, -17.0082, -799.00
 -70.7053964936,   43.0804270944, -17.0034, -798.00
 -70.7053960721,   43.0804298206, -16.9985, -797.00
 -70.7053956468,   43.0804325467, -16.9936, -796.00
 -70.7053952253,   43.0804352729, -16.9888, -795.00
 -70.7053948038,   43.0804379990, -16.9839, -794.00
 -70.7053943822,   43.0804407252, -16.9790, -793.00
 -70.7053939607,   43.0804434513, -16.9741, -792.00
 -70.7053935392,   43.0804461774, -16.9693, -791.00
 -70.7053931139,   43.0804489036, -16.9644, -790.00
 -70.7053926924,   43.0804516297, -16.9595, -789.00
 -70.7053922708,   43.0804543559, -16.9547, -788.00
 -70.7053918493,   43.0804570820, -16.9498, -787.00
 -70.7053914278,   43.0804598082, -16.9449, -786.00
 -70.7053910062,   43.0804625343, -16.9400, -785.00
 -70.7053905847,   43.0804652605, -16.9352, -784.00
 -70.7053901594,   43.0804679866, -16.9303, -783.00
 -70.7053897379,   43.0804707128, -16.9254, -782.00
 -70.7053893164,   43.0804734389, -16.9206, -781.00
 -70.7053888948,   43.0804761651, -16.9157, -780.00
 -70.7053884733,   43.0804788912, -16.9108, -779.00
 -70.7053880518,   43.0804816174, -16.9059, -778.00
 -70.7053876302,   43.0804843435, -16.9011, -777.00
 -70.7053872050,   43.0804870697, -16.8962, -776.00
 -70.7053867834,   43.0804897958, -16.8913, -775.00
 -70.7053863619,   43.0804925220, -16.8864, -774.00
 -70.7053859404,   43.0804952481, -16.8816, -773.00
 -70.7053855188,   43.0804979742, -16.8767, -772.00
 -70.7053850973,   43.0805007004, -16.8718, -771.00
 -70.7053846758,   43.0805034265, -16.8670, -770.00
 -70.7053842505,   43.0805061527, -16.8621, -769.00
 -70.7053838289,   43.0805088788, -16.8572, -768.00
 -70.7053834074,   43.0805116050, -16.8523, -767.00
 -70.7053829859,   43.0805143311, -16.8475, -766.00
 -70.7053825643,   43.0805170573, -16.8426, -765.00
 -70.7053821428,   43.0805197834, -16.8377, -764.00
 -70.7053817213,   43.0805225095, -16.8329, -763.00
 -70.7053812960,   43.0805252357, -16.8280, -762.00
 -70.7053808745,   43.0805279619, -16.8231, -761.00
 -70.7053804529,   43.0805306880, -16.8182, -760.00
 -70.7053800314,   43.0805334142, -16.8134, -759.00
 -70.7053796099,   43.0805361403, -16.8085, -758.00
 -70.7053791883,   43.0805388664, -16.8036, -757.00
 -70.7053787668,   43.0805415926, -16.7988, -756.00
 -70.7053783415,   43.0805443188, -16.7939, -755.00
 -70.7053779200,   43.0805470449, -16.7890, -754.00
 -70.7053774985,   43.0805497710, -16.7841, -753.00
 -70.7053770769,   43.0805524972, -16.7793, -752.00
 -70.7053766554,   43.0805552233, -16.7744, -751.00
 -70.7053762339,   43.0805579495, -16.7695, -750.00
 -70.7053758123,   43.0805606756, -16.7647, -749.00
 -70.7053753870,   43.0805634018, -16.7598, -748.00
 -70.7053749655,   43.0805661279, -16.7549, -747.00
 -70.7053745440,   43.0805688541, -16.7500, -746.00
 -70.7053741224,   43.0805715802, -16.7452, -745.00
 -70.7053737009,   43.0805743063, -16.7409, -744.00
 -70.7053732794,   43.0805770325, -16.7409, -743.00
 -70.7053728578,   43.0805797586, -16.7409, -742.00
 -70.7053724326,   43.0805824848, -16.7409, -741.00
 -70.7053720110,   43.0805852109, -16.7409, -740.00
 -70.7053715895,   43.0805879371, -16.7409, -739.00
 -70.7053711680,   43.0805906632, -16.7409, -738.00
 -70.7053707464,   43.0805933894, -16.7409, -737.00
 -70.7053703249,   43.0805961155, -16.7409, -736.00
 -70.7053699033,   43.0805988417, -16.7409, -735.00
 -70.7053694781,   43.0806015678, -16.7409, -734.00
 -70.7053690565,   43.0806042940, -16.7409, -733.00
 -70.7053686350,   43.0806070201, -16.7409, -732.00
 -70.7053682135,   43.0806097463, -16.7409, -731.00
 -70.7053677919,   43.0806124724, -16.7409, -730.00
 -70.7053673704,   43.0806151985, -16.7409, -729.00
 -70.7053669451,   43.0806179247, -16.7409, -728.00
 -70.7053665236,   43.0806206509, -16.7409, -727.00
 -70.7053661021,   43.0806233770, -16.7409, -726.00
 -70.7053656805,   43.0806261031, -16.7409, -725.00
 -70.7053652590,   43.0806288293, -16.7409, -724.00
 -70.7053648374,   43.0806315554, -16.7409, -723.00
 -70.7053644159,   43.0806342816, -16.7409, -722.00
 -70.7053639906,   43.0806370077, -16.7409, -721.00
 -70.7053635691,   43.0806397339, -16.7409, -720.00
 -70.7053631476,   43.0806424600, -16.7409, -719.00
 -70.7053627260,   43.0806451862, -16.7409, -718.00
 -70.7053623045,   43.0806479123, -16.7409, -717.00
 -70.7053618830,   43.0806506384, -16.7409, -716.00
 -70.7053614614,   43.0806533646, -16.7409, -715.00
 -70.7053610361,   43.0806560908, -16.7409, -714.00
 -70.7053606146,   43.0806588169, -16.7409, -713.00
 -70.7053601931,   43.0806615430, -16.7409, -712.00
 -70.7053597715,   43.0806642692, -16.7409, -711.00
 -70.7053593500,   43.0806669953, -16.7409, -710.00
 -70.7053589285,   43.0806697215, -16.7409, -709.00
 -70.7053585069,   43.0806724476, -16.7409, -708.00
 -70.7053580817,   43.0806751738, -16.7409, -707.00
 -70.7053576601,   43.0806778999, -16.7409, -706.00
 -70.7053572386,   43.0806806261, -16.7409, -705.00
 -70.7053568170,   43.0806833522, -16.7409, -704.00
 -70.7053563955,   43.0806860784, -16.7409, -703.00
 -70.7053559740,   43.0806888045, -16.7409, -702.00
 -70.7053555524,   43.0806915307, -16.7409, -701.00
 -70.7053551272,   43.0806942568, -16.7409, -700.00
 -70.7053547056,   43.0806969830, -16.7409, -699.00
 -70.7053542841,   43.0806997091, -16.7409, -698.00
 -70.7053538626,   43.0807024352, -16.7409, -697.00
 -70.7053534410,   43.0807051614, -16.7409, -696.00
 -70.7053530195,   43.0807078875, -16.7409, -695.00
 -70.7053525979,   43.0807106137, -16.7409, -694.00
 -70.7053521727,   43.0807133398, -16.7409, -693.00
 -70.7053517511,   43.0807160660, -16.7409, -692.00
 -70.7053513296,   43.0807187921, -16.7409, -691.00
 -70.7053509081,   43.0807215183, -16.7409, -690.00
 -70.7053504865,   43.0807242444, -16.7409, -689.00
 -70.7053500650,   43.0807269705, -16.7409, -688.00
 -70.7053496434,   43.0807296967, -16.7409, -687.00
 -70.7053492182,   43.0807324229, -16.7409, -686.00
 -70.7053487966,   43.0807351490, -16.7409, -685.00
 -70.7053483751,   43.0807378751, -16.7409, -684.00
 -70.7053479536,   43.0807406013, -16.7409, -683.00
 -70.7053475320,   43.0807433274, -16.7409, -682.00
 -70.7053471105,   43.0807460536, -16.7409, -681.00
 -70.7053466889,   43.0807487797, -16.7409, -680.00
 -70.7053462637,   43.0807515059, -16.7409, -679.00
 -70.7053458421,   43.0807542320, -16.7409, -678.00
 -70.7053454206,   43.0807569582, -16.7409, -677.00
 -70.7053449991,   43.0807596843, -16.7409, -676.00
 -70.7053445775,   43.0807624104, -16.7409, -675.00
 -70.7053441560,   43.0807651366, -16.7409, -674.00
 -70.7053437344,   43.0807678628, -16.7409, -673.00
 -70.7053433092,   43.0807705889, -16.7409, -672.00
 -70.7053428876,   43.0807733150, -16.7409, -671.00
 -70.7053424661,   43.0807760412, -16.7409, -670.00
 -70.7053420446,   43.0807787673, -16.7409, -669.00
 -70.7053416230,   43.0807814935, -16.7409, -668.00
 -70.7053412015,   43.0807842196, -16.7387, -667.00
 -70.7053407762,   43.0807869458, -16.7361, -666.00
 -70.7053403547,   43.0807896719, -16.7335, -665.00
 -70.7053399331,   43.0807923981, -16.7308, -664.00
 -70.7053395116,   43.0807951242, -16.7282, -663.00
 -70.7053390901,   43.0807978504, -16.7256, -662.00
 -70.7053386685,   43.0808005765, -16.7230, -661.00
 -70.7053382470,   43.0808033027, -16.7204, -660.00
 -70.7053378217,   43.0808060288, -16.7177, -659.00
 -70.7053374002,   43.0808087550, -16.7151, -658.00
 -70.7053369786,   43.0808114811, -16.7125, -657.00
 -70.7053365571,   43.0808142072, -16.7163, -656.00
 -70.7053361356,   43.0808169334, -16.7251, -655.00
 -70.7053357140,   43.0808196595, -16.7339, -654.00
 -70.7053352925,   43.0808223857, -16.7379, -653.00
 -70.7053348672,   43.0808251118, -16.7235, -652.00
 -70.7053344457,   43.0808278380, -16.7091, -651.00
 -70.7053340241,   43.0808305641, -16.6948, -650.00
 -70.7053336026,   43.0808332903, -16.6804, -649.00
 -70.7053331810,   43.0808360164, -16.6660, -648.00
 -70.7053327595,   43.0808387425, -16.6516, -647.00
 -70.7053323380,   43.0808414687, -16.6373, -646.00
 -70.7053319127,   43.0808441949, -16.6229, -645.00
 -70.7053314912,   43.0808469210, -16.6085, -644.00
 -70.7053310696,   43.0808496471, -16.5942, -643.00
 -70.7053306481,   43.0808523733, -16.5798, -642.00
 -70.7053302265,   43.0808550994, -16.5654, -641.00
 -70.7053298050,   43.0808578256, -16.5510, -640.00
 -70.7053293835,   43.0808605517, -16.5367, -639.00
 -70.7053289582,   43.0808632779, -16.5223, -638.00
 -70.7053285366,   43.0808660040, -16.5079, -637.00
 -70.7053281151,   43.0808687302, -16.4936, -636.00
 -70.7053276936,   43.0808714563, -16.4829, -635.00
 -70.7053272720,   43.0808741825, -16.4784, -634.00
 -70.7053268505,   43.0808769086, -16.4739, -633.00
 -70.7053264290,   43.0808796348, -16.4694, -632.00
 -70.7053260037,   43.0808823609, -16.4648, -631.00
 -70.7053255821,   43.0808850871, -16.4603, -630.00
 -70.7053251606,   43.0808878132, -16.4558, -629.00
 -70.7053247391,   43.0808905393, -16.4513, -628.00
 -70.7053243175,   43.0808932655, -16.4468, -627.00
 -70.7053238960,   43.0808959916, -16.4422, -626.00
 -70.7053234744,   43.0808987178, -16.4377, -625.00
 -70.7053230492,   43.0809014439, -16.4332, -624.00
 -70.7053226276,   43.0809041701, -16.4287, -623.00
 -70.7053222061,   43.0809068962, -16.4242, -622.00
 -70.7053217845,   43.0809096224, -16.4196, -621.00
 -70.7053213630,   43.0809123485, -16.4151, -620.00
 -70.7053209415,   43.0809150747, -16.4106, -619.00
 -70.7053205199,   43.0809178008, -16.4061, -618.00
 -70.7053200946,   43.0809205270, -16.4015, -617.00
 -70.7053196731,   43.0809232531, -16.3970, -616.00
 -70.7053192516,   43.0809259792, -16.3925, -615.00
 -70.7053188300,   43.0809287054, -16.3880, -614.00
 -70.7053184085,   43.0809314315, -16.3835, -613.00
 -70.7053179869,   43.0809341577, -16.3789, -612.00
 -70.7053175654,   43.0809368838, -16.3744, -611.00
 -70.7053171401,   43.0809396100, -16.3699, -610.00
 -70.7053167186,   43.0809423361, -16.3654, -609.00
 -70.7053162970,   43.0809450623, -16.3609, -608.00
 -70.7053158755,   43.0809477884, -16.3563, -607.00
 -70.7053154540,   43.0809505146, -16.3518, -606.00
 -70.7053150324,   43.0809532407, -16.3473, -605.00
 -70.7053146071,   43.0809559669, -16.3428, -604.00
 -70.7053141856,   43.0809586930, -16.3382, -603.00
 -70.7053137641,   43.0809614191, -16.3337, -602.00
 -70.7053133425,   43.0809641453, -16.3292, -601.00
 -70.7053129210,   43.0809668714, -16.3247, -600.00
 -70.7053124995,   43.0809695976, -16.3202, -599.00
 -70.7053120779,   43.0809723237, -16.3156, -598.00
 -70.7053116526,   43.0809750499, -16.3111, -597.00
 -70.7053112311,   43.0809777760, -16.3066, -596.00
 -70.7053108095,   43.0809805022, -16.3021, -595.00
 -70.7053103880,   43.0809832283, -16.2976, -594.00
 -70.7053099665,   43.0809859545, -16.2930, -593.00
 -70.7053095449,   43.0809886806, -16.2885, -592.00
 -70.7053091234,   43.0809914068, -16.2840, -591.00
 -70.7053086981,   43.0809941329, -16.2795, -590.00
 -70.7053082766,   43.0809968591, -16.2749, -589.00
 -70.7053078550,   43.0809995852, -16.2704, -588.00
 -70.7053074335,   43.0810023114, -16.2659, -587.00
 -70.7053070119,   43.0810050375, -16.2614, -586.00
 -70.7053065904,   43.0810077636, -16.2569, -585.00
 -70.7053061689,   43.0810104898, -16.2523, -584.00
 -70.7053057436,   43.0810132159, -16.2478, -583.00
 -70.7053053220,   43.0810159421, -16.2433, -582.00
 -70.7053049005,   43.0810186682, -16.2388, -581.00
 -70.7053044790,   43.0810213944, -16.2343, -580.00
 -70.7053040574,   43.0810241205, -16.2297, -579.00
 -70.7053036359,   43.0810268467, -16.2252, -578.00
 -70.7053032143,   43.0810295728, -16.2207, -577.00
 -70.7053027891,   43.0810322990, -16.2162, -576.00
 -70.7053023675,   43.0810350251, -16.2116, -575.00
 -70.7053019460,   43.0810377512, -16.2071, -574.00
 -70.7053015244,   43.0810404774, -16.2026, -573.00
 -70.7053011029,   43.0810432035, -16.1981, -572.00
 -70.7053006814,   43.0810459297, -16.1936, -571.00
 -70.7053002598,   43.0810486558, -16.1890, -570.00
 -70.7052998345,   43.0810513820, -16.1845, -569.00
 -70.7052994130,   43.0810541081, -16.1800, -568.00
 -70.7052989915,   43.0810568343, -16.1755, -567.00
 -70.7052985699,   43.0810595604, -16.1710, -566.00
 -70.7052981484,   43.0810622866, -16.1664, -565.00
 -70.7052977268,   43.0810650127, -16.1619, -564.00
 -70.7052973053,   43.0810677388, -16.1574, -563.00
 -70.7052968800,   43.0810704650, -16.1529, -562.00
 -70.7052964585,   43.0810731911, -16.1483, -561.00
 -70.7052960369,   43.0810759173, -16.1438, -560.00
 -70.7052956154,   43.0810786434, -16.1393, -559.00
 -70.7052951938,   43.0810813696, -16.1348, -558.00
 -70.7052947723,   43.0810840957, -16.1303, -557.00
 -70.7052943508,   43.0810868219, -16.1257, -556.00
 -70.7052939255,   43.0810895480, -16.1212, -555.00
 -70.7052935039,   43.0810922742, -16.1167, -554.00
 -70.7052930824,   43.0810950003, -16.1122, -553.00
 -70.7052926609,   43.0810977264, -16.1077, -552.00
 -70.7052922393,   43.0811004526, -16.1031, -551.00
 -70.7052918178,   43.0811031788, -16.0986, -550.00
 -70.7052913962,   43.0811059049, -16.0941, -549.00
 -70.7052909709,   43.0811086310, -16.0896, -548.00
 -70.7052905494,   43.0811113572, -16.0850, -547.00
 -70.7052901279,   43.0811140833, -16.0805, -546.00
 -70.7052897063,   43.0811168095, -16.0760, -545.00
 -70.7052892848,   43.0811195356, -16.0715, -544.00
 -70.7052888632,   43.0811222618, -16.0670, -543.00
 -70.7052884380,   43.0811249879, -16.0624, -542.00
 -70.7052880164,   43.0811277141, -16.0579, -541.00
 -70.7052875949,   43.0811304402, -16.0534, -540.00
 -70.7052871733,   43.0811331664, -16.0489, -539.00
 -70.7052867518,   43.0811358925, -16.0444, -538.00
 -70.7052863302,   43.0811386187, -16.0398, -537.00
 -70.7052859087,   43.0811413448, -16.0353, -536.00
 -70.7052854834,   43.0811440709, -16.0308, -535.00
 -70.7052850619,   43.0811467971, -16.0263, -534.00
 -70.7052846403,   43.0811495232, -16.0217, -533.00
 -70.7052842188,   43.0811522494, -16.0172, -532.00
 -70.7052837973,   43.0811549755, -16.0127, -531.00
 -70.7052833757,   43.0811577017, -16.0082, -530.00
 -70.7052829542,   43.0811604278, -16.0037, -529.00
 -70.7052825289,   43.0811631540, -15.9991, -528.00
 -70.7052821073,   43.0811658801, -15.9946, -527.00
 -70.7052816858,   43.0811686063, -15.9901, -526.00
 -70.7052812643,   43.0811713324, -15.9856, -525.00
 -70.7052808427,   43.0811740586, -15.9811, -524.00
 -70.7052804212,   43.0811767847, -15.9765, -523.00
 -70.7052799996,   43.0811795108, -15.9720, -522.00
 -70.7052795743,   43.0811822370, -15.9675, -521.00
 -70.7052791528,   43.0811849631, -15.9630, -520.00
 -70.7052787313,   43.0811876893, -15.9584, -519.00
 -70.7052783097,   43.0811904154, -15.9539, -518.00
 -70.7052778882,   43.0811931416, -15.9494, -517.00
 -70.7052774666,   43.0811958677, -15.9449, -516.00
 -70.7052770451,   43.0811985939, -15.9404, -515.00
 -70.7052766198,   43.0812013200, -15.9358, -514.00
 -70.7052761983,   43.0812040462, -15.9313, -513.00
 -70.7052757767,   43.0812067723, -15.9268, -512.00
 -70.7052753552,   43.0812094984, -15.9223, -511.00
 -70.7052749336,   43.0812122246, -15.9178, -510.00
 -70.7052745121,   43.0812149507, -15.9132, -509.00
 -70.7052740905,   43.0812176769, -15.9087, -508.00
 -70.7052736653,   43.0812204030, -15.9042, -507.00
 -70.7052732437,   43.0812231292, -15.8997, -506.00
 -70.7052728222,   43.0812258553, -15.8951, -505.00
 -70.7052724006,   43.0812285815, -15.8906, -504.00
 -70.7052719791,   43.0812313076, -15.8861, -503.00
 -70.7052715575,   43.0812340338, -15.8816, -502.00
 -70.7052711360,   43.0812367599, -15.8771, -501.00
 -70.7052707107,   43.0812394861, -15.8725, -500.00
 -70.7052702892,   43.0812422122, -15.8680, -499.00
 -70.7052698676,   43.0812449383, -15.8635, -498.00
 -70.7052694461,   43.0812476645, -15.8590, -497.00
 -70.7052690245,   43.0812503906, -15.8545, -496.00
 -70.7052686030,   43.0812531168, -15.8499, -495.00
 -70.7052681815,   43.0812558429, -15.8454, -494.00
 -70.7052677562,   43.0812585691, -15.8409, -493.00
 -70.7052673346,   43.0812612952, -15.8364, -492.00
 -70.7052669131,   43.0812640214, -15.8318, -491.00
 -70.7052664915,   43.0812667475, -15.8273, -490.00
 -70.7052660700,   43.0812694737, -15.8228, -489.00
 -70.7052656485,   43.0812721998, -15.8183, -488.00
 -70.7052652232,   43.0812749260, -15.8138, -487.00
 -70.7052648016,   43.0812776521, -15.8092, -486.00
 -70.7052643801,   43.0812803782, -15.8047, -485.00
 -70.7052639585,   43.0812831044, -15.8002, -484.00
 -70.7052635370,   43.0812858305, -15.7957, -483.00
 -70.7052631154,   43.0812885567, -15.7912, -482.00
 -70.7052626939,   43.0812912828, -15.7866, -481.00
 -70.7052622686,   43.0812940090, -15.7821, -480.00
 -70.7052618471,   43.0812967351, -15.7776, -479.00
 -70.7052614255,   43.0812994613, -15.7731, -478.00
 -70.7052610040,   43.0813021874, -15.7685, -477.00
 -70.7052605824,   43.0813049135, -15.7640, -476.00
 -70.7052601609,   43.0813076397, -15.7595, -475.00
 -70.7052597394,   43.0813103659, -15.7550, -474.00
 -70.7052593141,   43.0813130920, -15.7505, -473.00
 -70.7052588925,   43.0813158181, -15.7459, -472.00
 -70.7052584710,   43.0813185443, -15.7414, -471.00
 -70.7052580494,   43.0813212704, -15.7369, -470.00
 -70.7052576279,   43.0813239966, -15.7324, -469.00
 -70.7052572063,   43.0813267227, -15.7279, -468.00
 -70.7052567848,   43.0813294489, -15.7233, -467.00
 -70.7052563595,   43.0813321750, -15.7188, -466.00
 -70.7052559380,   43.0813349012, -15.7143, -465.00
 -70.7052555164,   43.0813376273, -15.7098, -464.00
 -70.7052550949,   43.0813403534, -15.7052, -463.00
 -70.7052546733,   43.0813430796, -15.7007, -462.00
 -70.7052542518,   43.0813458058, -15.6962, -461.00
 -70.7052538302,   43.0813485319, -15.6917, -460.00
 -70.7052534050,   43.0813512580, -15.6872, -459.00
 -70.7052529834,   43.0813539842, -15.6826, -458.00
 -70.7052525619,   43.0813567103, -15.6781, -457.00
 -70.7052521403,   43.0813594365, -15.6736, -456.00
 -70.7052517188,   43.0813621626, -15.6691, -455.00
 -70.7052512972,   43.0813648888, -15.6646, -454.00
 -70.7052508757,   43.0813676149, -15.6600, -453.00
 -70.7052504504,   43.0813703411, -15.6555, -452.00
 -70.7052500289,   43.0813730672, -15.6510, -451.00
 -70.7052496073,   43.0813757933, -15.6465, -450.00
 -70.7052491858,   43.0813785195, -15.6419, -449.00
 -70.7052487642,   43.0813812457, -15.6374, -448.00
 -70.7052483427,   43.0813839718, -15.6329, -447.00
 -70.7052479211,   43.0813866979, -15.6284, -446.00
 -70.7052474958,   43.0813894241, -15.6239, -445.00
 -70.7052470743,   43.0813921502, -15.6193, -444.00
 -70.7052466528,   43.0813948764, -15.6148, -443.00
 -70.7052462312,   43.0813976025, -15.6281, -442.00
 -70.7052458097,   43.0814003287, -15.6605, -441.00
 -70.7052453881,   43.0814030548, -15.6930, -440.00
 -70.7052449666,   43.0814057810, -15.7255, -439.00
 -70.7052445413,   43.0814085071, -15.7580, -438.00
 -70.7052441197,   43.0814112333, -15.7904, -437.00
 -70.7052436982,   43.0814139594, -15.8229, -436.00
 -70.7052432767,   43.0814166855, -15.8554, -435.00
 -70.7052428551,   43.0814194117, -15.8879, -434.00
 -70.7052424336,   43.0814221378, -15.9203, -433.00
 -70.7052420120,   43.0814248640, -15.9528, -432.00
 -70.7052415867,   43.0814275901, -15.9853, -431.00
 -70.7052411652,   43.0814303163, -16.0178, -430.00
 -70.7052407436,   43.0814330424, -16.0502, -429.00
 -70.7052403221,   43.0814357686, -16.0827, -428.00
 -70.7052399005,   43.0814384947, -16.1152, -427.00
 -70.7052394790,   43.0814412209, -16.1477, -426.00
 -70.7052390537,   43.0814439470, -16.1801, -425.00
 -70.7052386322,   43.0814466732, -16.2126, -424.00
 -70.7052382106,   43.0814493993, -16.2451, -423.00
 -70.7052377891,   43.0814521254, -16.2775, -422.00
 -70.7052373675,   43.0814548516, -16.3100, -421.00
 -70.7052369460,   43.0814575777, -16.3425, -420.00
 -70.7052365244,   43.0814603039, -16.3750, -419.00
 -70.7052360991,   43.0814630300, -16.4074, -418.00
 -70.7052356776,   43.0814657562, -16.4399, -417.00
 -70.7052352561,   43.0814684823, -16.4724, -416.00
 -70.7052348345,   43.0814712085, -16.5049, -415.00
 -70.7052344130,   43.0814739346, -16.5373, -414.00
 -70.7052339914,   43.0814766608, -16.5698, -413.00
 -70.7052335699,   43.0814793869, -16.6023, -412.00
 -70.7052331446,   43.0814821131, -16.6348, -411.00
 -70.7052327230,   43.0814848392, -16.6672, -410.00
 -70.7052323015,   43.0814875653, -16.6997, -409.00
 -70.7052318799,   43.0814902915, -16.7322, -408.00
 -70.7052314584,   43.0814930176, -16.7647, -407.00
 -70.7052310368,   43.0814957438, -16.7971, -406.00
 -70.7052306153,   43.0814984699, -16.8296, -405.00
 -70.7052301900,   43.0815011961, -16.8621, -404.00
 -70.7052297685,   43.0815039222, -16.8946, -403.00
 -70.7052293469,   43.0815066484, -16.9270, -402.00
 -70.7052289254,   43.0815093745, -16.9595, -401.00
 -70.7052285038,   43.0815121006, -16.9920, -400.00
 -70.7052280823,   43.0815148268, -17.0244, -399.00
 -70.7052276607,   43.0815175529, -17.0569, -398.00
 -70.7052272354,   43.0815202791, -17.0894, -397.00
 -70.7052268139,   43.0815230052, -17.1208, -396.00
 -70.7052263923,   43.0815257314, -17.1483, -395.00
 -70.7052259708,   43.0815284575, -17.1758, -394.00
 -70.7052255493,   43.0815311837, -17.2033, -393.00
 -70.7052251277,   43.0815339098, -17.2307, -392.00
 -70.7052247062,   43.0815366360, -17.2582, -391.00
 -70.7052242809,   43.0815393621, -17.2857, -390.00
 -70.7052238593,   43.0815420883, -17.3132, -389.00
 -70.7052234378,   43.0815448144, -17.3407, -388.00
 -70.7052230162,   43.0815475405, -17.3682, -387.00
 -70.7052225947,   43.0815502667, -17.3957, -386.00
 -70.7052221731,   43.0815529928, -17.4231, -385.00
 -70.7052217516,   43.0815557190, -17.4506, -384.00
 -70.7052213263,   43.0815584451, -17.4781, -383.00
 -70.7052209047,   43.0815611713, -17.5056, -382.00
 -70.7052204832,   43.0815638974, -17.5331, -381.00
 -70.7052200617,   43.0815666236, -17.5606, -380.00
 -70.7052196401,   43.0815693497, -17.5881, -379.00
 -70.7052192186,   43.0815720758, -17.6156, -378.00
 -70.7052187970,   43.0815748020, -17.6430, -377.00
 -70.7052183717,   43.0815775282, -17.6705, -376.00
 -70.7052179502,   43.0815802543, -17.6216, -375.00
 -70.7052175286,   43.0815829804, -17.5642, -374.00
 -70.7052171071,   43.0815857066, -17.5068, -373.00
 -70.7052166855,   43.0815884327, -17.4494, -372.00
 -70.7052162640,   43.0815911589, -17.3920, -371.00
 -70.7052158424,   43.0815938850, -17.3346, -370.00
 -70.7052154171,   43.0815966112, -17.2772, -369.00
 -70.7052149956,   43.0815993373, -17.2198, -368.00
 -70.7052145740,   43.0816020635, -17.1624, -367.00
 -70.7052141525,   43.0816047896, -17.1050, -366.00
 -70.7052137310,   43.0816075157, -17.0476, -365.00
 -70.7052133094,   43.0816102419, -16.9902, -364.00
 -70.7052128841,   43.0816129681, -16.9328, -363.00
 -70.7052124626,   43.0816156942, -16.8754, -362.00
 -70.7052120410,   43.0816184203, -16.8180, -361.00
 -70.7052116195,   43.0816211465, -16.7606, -360.00
 -70.7052111979,   43.0816238726, -16.7032, -359.00
 -70.7052107764,   43.0816265988, -16.6458, -358.00
 -70.7052103548,   43.0816293249, -16.5884, -357.00
 -70.7052099295,   43.0816320510, -16.5330, -356.00
 -70.7052095080,   43.0816347772, -16.4815, -355.00
 -70.7052090864,   43.0816375034, -16.4301, -354.00
 -70.7052086649,   43.0816402295, -16.3786, -353.00
 -70.7052082433,   43.0816429556, -16.3271, -352.00
 -70.7052078218,   43.0816456818, -16.2757, -351.00
 -70.7052074002,   43.0816484079, -16.2242, -350.00
 -70.7052069749,   43.0816511341, -16.1727, -349.00
 -70.7052065534,   43.0816538602, -16.1213, -348.00
 -70.7052061319,   43.0816565864, -16.0698, -347.00
 -70.7052057103,   43.0816593125, -16.0183, -346.00
 -70.7052052888,   43.0816620387, -15.9669, -345.00
 -70.7052048672,   43.0816647648, -15.9154, -344.00
 -70.7052044457,   43.0816674909, -15.8639, -343.00
 -70.7052040204,   43.0816702171, -15.8125, -342.00
 -70.7052035988,   43.0816729433, -15.7610, -341.00
 -70.7052031773,   43.0816756694, -15.7095, -340.00
 -70.7052027557,   43.0816783955, -15.6581, -339.00
 -70.7052023342,   43.0816811217, -15.6066, -338.00
 -70.7052019126,   43.0816838478, -15.5551, -337.00
 -70.7052014911,   43.0816865740, -15.5037, -336.00
 -70.7052010658,   43.0816893001, -15.4522, -335.00
 -70.7052006442,   43.0816920263, -15.4007, -334.00
 -70.7052002227,   43.0816947524, -15.3493, -333.00
 -70.7051998011,   43.0816974786, -15.2978, -332.00
 -70.7051993796,   43.0817002047, -15.2463, -331.00
 -70.7051989580,   43.0817029308, -15.1948, -330.00
 -70.7051985365,   43.0817056570, -15.1434, -329.00
 -70.7051981112,   43.0817083831, -15.0919, -328.00
 -70.7051976896,   43.0817111093, -15.0404, -327.00
 -70.7051972681,   43.0817138354, -14.9890, -326.00
 -70.7051968465,   43.0817165616, -14.9375, -325.00
 -70.7051964250,   43.0817192877, -14.8860, -324.00
 -70.7051960034,   43.0817220139, -14.8346, -323.00
 -70.7051955819,   43.0817247400, -14.7831, -322.00
 -70.7051951566,   43.0817274661, -14.7316, -321.00
 -70.7051947351,   43.0817301923, -14.6802, -320.00
 -70.7051943135,   43.0817329184, -14.6287, -319.00
 -70.7051938920,   43.0817356446, -14.5772, -318.00
 -70.7051934704,   43.0817383707, -14.5258, -317.00
 -70.7051930489,   43.0817410969, -14.4743, -316.00
 -70.7051926273,   43.0817438230, -14.4228, -315.00
 -70.7051922020,   43.0817465492, -14.3714, -314.00
 -70.7051917805,   43.0817492753, -14.3199, -313.00
 -70.7051913589,   43.0817520015, -14.2684, -312.00
 -70.7051909374,   43.0817547276, -14.2170, -311.00
 -70.7051905158,   43.0817574537, -14.1655, -310.00
 -70.7051900943,   43.0817601799, -14.1140, -309.00
 -70.7051896727,   43.0817629060, -14.0626, -308.00
 -70.7051892474,   43.0817656322, -14.0111, -307.00
 -70.7051888259,   43.0817683583, -13.9596, -306.00
 -70.7051884043,   43.0817710845, -13.9082, -305.00
 -70.7051879828,   43.0817738106, -13.8567, -304.00
 -70.7051875612,   43.0817765368, -13.8052, -303.00
 -70.7051871397,   43.0817792629, -13.7538, -302.00
 -70.7051867144,   43.0817819891, -13.7023, -301.00
 -70.7051862928,   43.0817847152, -13.6508, -300.00
 -70.7051858713,   43.0817874413, -13.5994, -299.00
 -70.7051854497,   43.0817901675, -13.5479, -298.00
 -70.7051850282,   43.0817928936, -13.4964, -297.00
 -70.7051846066,   43.0817956198, -13.4450, -296.00
 -70.7051841851,   43.0817983459, -13.3935, -295.00
 -70.7051837598,   43.0818010721, -13.3420, -294.00
 -70.7051833382,   43.0818037982, -13.2906, -293.00
 -70.7051829167,   43.0818065244, -13.2391, -292.00
 -70.7051824951,   43.0818092505, -13.1679, -291.00
 -70.7051820736,   43.0818119767, -13.0712, -290.00
 -70.7051816520,   43.0818147028, -12.9744, -289.00
 -70.7051812305,   43.0818174289, -12.8777, -288.00
 -70.7051808052,   43.0818201551, -12.7809, -287.00
 -70.7051803836,   43.0818228812, -12.6842, -286.00
 -70.7051799621,   43.0818256074, -12.5874, -285.00
 -70.7051795405,   43.0818283335, -12.4907, -284.00
 -70.7051791190,   43.0818310597, -12.3939, -283.00
 -70.7051786974,   43.0818337858, -12.2972, -282.00
 -70.7051782759,   43.0818365120, -12.2005, -281.00
 -70.7051778506,   43.0818392381, -12.1037, -280.00
 -70.7051774290,   43.0818419643, -12.0070, -279.00
 -70.7051770075,   43.0818446904, -11.9102, -278.00
 -70.7051765859,   43.0818474166, -11.8135, -277.00
 -70.7051761644,   43.0818501427, -11.7167, -276.00
 -70.7051757428,   43.0818528688, -11.6200, -275.00
 -70.7051753213,   43.0818555950, -11.5232, -274.00
 -70.7051748960,   43.0818583211, -11.4265, -273.00
 -70.7051744744,   43.0818610473, -11.3297, -272.00
 -70.7051740529,   43.0818637734, -11.2329, -271.00
 -70.7051736313,   43.0818664996, -11.1340, -270.00
 -70.7051732098,   43.0818692257, -11.0350, -269.00
 -70.7051727882,   43.0818719519, -10.9361, -268.00
 -70.7051723667,   43.0818746780, -10.8372, -267.00
 -70.7051719414,   43.0818774042, -10.7383, -266.00
 -70.7051715198,   43.0818801303, -10.6393, -265.00
 -70.7051710983,   43.0818828564, -10.5404, -264.00
 -70.7051706767,   43.0818855826, -10.4415, -263.00
 -70.7051702552,   43.0818883087, -10.3426, -262.00
 -70.7051698336,   43.0818910349, -10.2437, -261.00
 -70.7051694121,   43.0818937610, -10.1447, -260.00
 -70.7051689868,   43.0818964872, -10.0458, -259.00
 -70.7051685652,   43.0818992133, -9.9469, -258.00
 -70.7051681437,   43.0819019395, -9.8480, -257.00
 -70.7051677221,   43.0819046656, -9.7490, -256.00
 -70.7051673006,   43.0819073918, -9.6501, -255.00
 -70.7051668790,   43.0819101179, -9.5512, -254.00
 -70.7051664575,   43.0819128440, -9.4523, -253.00
 -70.7051660322,   43.0819155702, -9.3534, -252.00
 -70.7051656106,   43.0819182963, -9.2544, -251.00
 -70.7051651891,   43.0819210225, -9.1555, -250.00
 -70.7051647675,   43.0819237486, -9.0566, -249.00
 -70.7051643460,   43.0819264748, -8.9577, -248.00
 -70.7051639244,   43.0819292009, -8.8587, -247.00
 -70.7051634991,   43.0819319271, -8.7598, -246.00
 -70.7051630776,   43.0819346532, -8.6609, -245.00
 -70.7051626560,   43.0819373794, -8.5620, -244.00
 -70.7051622345,   43.0819401055, -8.4631, -243.00
 -70.7051618129,   43.0819428316, -8.3641, -242.00
 -70.7051613913,   43.0819455578, -8.2652, -241.00
 -70.7051609698,   43.0819482839, -8.1663, -240.00
 -70.7051605445,   43.0819510101, -8.0674, -239.00
 -70.7051601229,   43.0819537362, -7.9684, -238.00
 -70.7051597014,   43.0819564624, -7.8695, -237.00
 -70.7051592798,   43.0819591885, -7.7706, -236.00
 -70.7051588583,   43.0819619146, -7.6717, -235.00
 -70.7051584367,   43.0819646408, -7.5728, -234.00
 -70.7051580152,   43.0819673670, -7.4738, -233.00
 -70.7051575899,   43.0819700931, -7.3749, -232.00
 -70.7051571683,   43.0819728192, -7.2760, -231.00
 -70.7051567468,   43.0819755454, -7.1771, -230.00
 -70.7051563252,   43.0819782715, -7.0781, -229.00
 -70.7051559037,   43.0819809977, -6.9792, -228.00
 -70.7051554821,   43.0819837238, -6.8803, -227.00
 -70.7051550606,   43.0819864499, -6.7814, -226.00
 -70.7051546353,   43.0819891761, -6.6825, -225.00
 -70.7051542137,   43.0819919023, -6.5835, -224.00
 -70.7051537922,   43.0819946284, -6.4846, -223.00
 -70.7051533706,   43.0819973545, -6.4367, -222.00
 -70.7051529491,   43.0820000807, -6.4832, -221.00
 -70.7051525275,   43.0820028068, -6.5298, -220.00
 -70.7051521060,   43.0820055330, -6.5764, -219.00
 -70.7051516807,   43.0820082591, -6.6229, -218.00
 -70.7051512591,   43.0820109853, -6.6695, -217.00
 -70.7051508376,   43.0820137114, -6.7160, -216.00
 -70.7051504160,   43.0820164376, -6.7626, -215.00
 -70.7051499944,   43.0820191637, -6.8091, -214.00
 -70.7051495729,   43.0820218898, -6.8557, -213.00
 -70.7051491513,   43.0820246160, -6.9022, -212.00
 -70.7051487260,   43.0820273422, -6.9488, -211.00
 -70.7051483045,   43.0820300683, -6.9954, -210.00
 -70.7051478829,   43.0820327944, -7.0419, -209.00
 -70.7051474614,   43.0820355206, -7.0885, -208.00
 -70.7051470398,   43.0820382467, -7.1350, -207.00
 -70.7051466183,   43.0820409729, -7.1816, -206.00
 -70.7051461967,   43.0820436990, -7.2281, -205.00
 -70.7051457714,   43.0820464252, -7.2747, -204.00
 -70.7051453499,   43.0820491513, -7.3213, -203.00
 -70.7051449283,   43.0820518775, -7.3678, -202.00
 -70.7051445068,   43.0820546036, -7.4144, -201.00
 -70.7051440852,   43.0820573297, -7.4609, -200.00
 -70.7051436637,   43.0820600559, -7.5075, -199.00
 -70.7051432421,   43.0820627820, -7.5540, -198.00
 -70.7051428168,   43.0820655082, -7.6006, -197.00
 -70.7051423952,   43.0820682343, -7.6471, -196.00
 -70.7051419737,   43.0820709605, -7.6937, -195.00
 -70.7051415521,   43.0820736866, -7.7403, -194.00
 -70.7051411306,   43.0820764128, -7.7868, -193.00
 -70.7051407090,   43.0820791389, -7.8334, -192.00
 -70.7051402875,   43.0820818650, -7.8799, -191.00
 -70.7051398622,   43.0820845912, -7.9265, -190.00
 -70.7051394406,   43.0820873174, -7.9730, -189.00
 -70.7051390191,   43.0820900435, -8.0196, -188.00
 -70.7051385975,   43.0820927696, -8.0661, -187.00
 -70.7051381760,   43.0820954958, -8.1127, -186.00
 -70.7051377544,   43.0820982219, -8.1593, -185.00
 -70.7051373291,   43.0821009481, -8.2058, -184.00
 -70.7051369076,   43.0821036742, -8.2524, -183.00
 -70.7051364860,   43.0821064003, -8.2989, -182.00
 -70.7051360644,   43.0821091265, -8.3455, -181.00
 -70.7051356429,   43.0821118526, -8.3920, -180.00
 -70.7051352213,   43.0821145788, -8.4386, -179.00
 -70.7051347998,   43.0821173049, -8.4851, -178.00
 -70.7051343745,   43.0821200311, -8.5317, -177.00
 -70.7051339529,   43.0821227572, -8.5455, -176.00
 -70.7051335314,   43.0821254834, -8.4877, -175.00
 -70.7051331098,   43.0821282095, -8.4299, -174.00
 -70.7051326883,   43.0821309357, -8.3721, -173.00
 -70.7051322667,   43.0821336618, -8.3143, -172.00
 -70.7051318452,   43.0821363879, -8.2565, -171.00
 -70.7051314199,   43.0821391141, -8.1987, -170.00
 -70.7051309983,   43.0821418402, -8.1409, -169.00
 -70.7051305767,   43.0821445664, -8.0831, -168.00
 -70.7051301552,   43.0821472925, -8.0253, -167.00
 -70.7051297336,   43.0821500187, -7.9675, -166.00
 -70.7051293121,   43.0821527448, -7.9097, -165.00
 -70.7051288905,   43.0821554710, -7.8519, -164.00
 -70.7051284652,   43.0821581971, -7.7940, -163.00
 -70.7051280437,   43.0821609233, -7.7362, -162.00
 -70.7051276221,   43.0821636494, -7.6784, -161.00
 -70.7051272006,   43.0821663756, -7.6206, -160.00
 -70.7051267790,   43.0821691017, -7.5628, -159.00
 -70.7051263575,   43.0821718278, -7.5050, -158.00
 -70.7051259359,   43.0821745540, -7.4472, -157.00
 -70.7051255106,   43.0821772801, -7.3894, -156.00
 -70.7051250890,   43.0821800063, -7.3316, -155.00
 -70.7051246675,   43.0821827324, -7.2738, -154.00
 -70.7051242459,   43.0821854586, -7.2160, -153.00
 -70.7051238244,   43.0821881847, -7.1582, -152.00
 -70.7051234028,   43.0821909109, -7.1004, -151.00
 -70.7051229813,   43.0821936370, -7.0426, -150.00
 -70.7051225560,   43.0821963632, -6.9848, -149.00
 -70.7051221344,   43.0821990893, -6.9278, -148.00
 -70.7051217129,   43.0822018154, -6.8820, -147.00
 -70.7051212913,   43.0822045416, -6.8361, -146.00
 -70.7051208697,   43.0822072677, -6.7903, -145.00
 -70.7051204482,   43.0822099939, -6.7445, -144.00
 -70.7051200266,   43.0822127200, -6.6987, -143.00
 -70.7051196013,   43.0822154462, -6.6528, -142.00
 -70.7051191798,   43.0822181723, -6.6070, -141.00
 -70.7051187582,   43.0822208984, -6.5612, -140.00
 -70.7051183367,   43.0822236246, -6.5153, -139.00
 -70.7051179151,   43.0822263507, -6.4695, -138.00
 -70.7051174935,   43.0822290769, -6.4237, -137.00
 -70.7051170720,   43.0822318030, -6.3779, -136.00
 -70.7051166467,   43.0822345292, -6.3320, -135.00
 -70.7051162251,   43.0822372553, -6.2862, -134.00
 -70.7051158036,   43.0822399815, -6.2404, -133.00
 -70.7051153820,   43.0822427076, -6.1945, -132.00
 -70.7051149605,   43.0822454337, -6.1487, -131.00
 -70.7051145389,   43.0822481599, -6.1029, -130.00
 -70.7051141174,   43.0822508860, -6.0571, -129.00
 -70.7051136921,   43.0822536122, -6.0112, -128.00
 -70.7051132705,   43.0822563383, -5.9654, -127.00
 -70.7051128489,   43.0822590645, -5.9196, -126.00
 -70.7051124274,   43.0822617906, -5.8738, -125.00
 -70.7051120058,   43.0822645168, -5.8279, -124.00
 -70.7051115843,   43.0822672429, -5.7821, -123.00
 -70.7051111590,   43.0822699691, -5.7363, -122.00
 -70.7051107374,   43.0822726952, -5.6904, -121.00
 -70.7051103159,   43.0822754214, -5.6446, -120.00
 -70.7051098943,   43.0822781475, -5.5988, -119.00
 -70.7051094727,   43.0822808736, -5.5884, -118.00
 -70.7051090512,   43.0822835998, -5.5879, -117.00
 -70.7051086296,   43.0822863259, -5.5873, -116.00
 -70.7051082043,   43.0822890521, -5.5867, -115.00
 -70.7051077828,   43.0822917782, -5.5861, -114.00
 -70.7051073612,   43.0822945044, -5.5856, -113.00
 -70.7051069397,   43.0822972305, -5.5850, -112.00
 -70.7051065181,   43.0822999567, -5.5844, -111.00
 -70.7051060965,   43.0823026828, -5.5838, -110.00
 -70.7051056750,   43.0823054089, -5.5833, -109.00
 -70.7050634629,   43.0825780234, -1.0865,  -9.00
 -70.7050630414,   43.0825807496, -0.9621,  -8.00
 -70.7050626198,   43.0825834757, -0.8270,  -7.00
 -70.7050621983,   43.0825862019, -0.6922,  -6.00
 -70.7050617767,   43.0825889280, -0.5597,  -5.00
 -70.7050613514,   43.0825916542, -0.4378,  -4.00
 -70.7050609298,   43.0825943803, -0.3295,  -3.00
 -70.7050605083,   43.0825971065, -0.2227,  -2.00
 -70.7050600867,   43.0825998326, -0.1156,  -1.00
 -70.7050596651,   43.0826025587, 0.0068,   0.00
 -70.7050592436,   43.0826052849, 0.1011,   1.00
 -70.7050588183,   43.0826080110, 0.1810,   2.00
 -70.7050583967,   43.0826107372, 0.2609,   3.00
 -70.7050579752,   43.0826134633, 0.4103,   4.00
 -70.7050575536,   43.0826161894, 0.5513,   5.00
 -70.7050571320,   43.0826189156, 0.6802,   6.00
 -70.7050567105,   43.0826216417, 0.7928,   7.00
 -70.7050562889,   43.0826243679, 0.8899,   8.00
 -70.7050558636,   43.0826270940, 0.9596,   9.00
 -70.7050554420,   43.0826298202, 1.0293,  10.00
 -70.7050550205,   43.0826325463, 1.1021,  11.00
 -70.7050545989,   43.0826352725, 1.1891,  12.00
 -70.7050541774,   43.0826379986, 1.2761,  13.00
 -70.7050537558,   43.0826407248, 1.3732,  14.00
 -70.7050533342,   43.0826434509, 1.4796,  15.00
 -70.7050529089,   43.0826461771, 1.5861,  16.00
 -70.7050524874,   43.0826489032, 1.6925,  17.00
 -70.7050520658,   43.0826516293, 1.7989,  18.00
 -70.7050516442,   43.0826543555, 1.8848,  19.00
 -70.7050512227,   43.0826570816, 1.9628,  20.00
 -70.7050508011,   43.0826598078, 2.0694,  21.00
 -70.7050503796,   43.0826625339, 2.1761,  22.00
 -70.7050499543,   43.0826652601, 2.2828,  23.00
 -70.7050495327,   43.0826679862, 2.4027,  24.00
 -70.7050491111,   43.0826707124, 2.5271,  25.00
 -70.7050486896,   43.0826734385, 2.6315,  26.00
 -70.7050482680,   43.0826761646, 2.8452,  27.00
 -70.7050478464,   43.0826788908, 3.1465,  28.00
 -70.7050474249,   43.0826816169, 3.4287,  29.00
 -70.7050469996,   43.0826843431, 3.7249,  30.00
 -70.7050465780,   43.0826870692, 4.0417,  31.00
 -70.7050461564,   43.0826897954, 4.3573,  32.00
 -70.7050457349,   43.0826925215, 4.6284,  33.00
 -70.7050453133,   43.0826952476, 5.1401,  34.00
 -70.7050448918,   43.0826979738, 6.0879,  35.00
 -70.7050444702,   43.0827006999, 6.8912,  36.00
 -70.7050440449,   43.0827034261, 7.6181,  37.00
 -70.7050436233,   43.0827061522, 8.3360,  38.00
 -70.7050432018,   43.0827088784, 9.0313,  39.00
 -70.7050427802,   43.0827116045, 9.7265,  40.00
 -70.7050423586,   43.0827143307, 10.4217,  41.00
 -70.7050419371,   43.0827170568, 11.1170,  42.00
 -70.7050415155,   43.0827197829, 11.8760,  43.00
 -70.7050410902,   43.0827225091, 12.0887,  44.00
 -70.7050406686,   43.0827252353, 12.1959,  45.00
 -70.7050402471,   43.0827279614, 12.3021,  46.00
 -70.7050398255,   43.0827306875, 12.3245,  47.00
 -70.7050394040,   43.0827334137, 12.2114,  48.00
 -70.7050389824,   43.0827361398, 12.0983,  49.00
 -70.7050385608,   43.0827388660, 11.9842,  50.00
 -70.7050381355,   43.0827415921, 11.8916,  51.00
 -70.7050377140,   43.0827443182, 11.9150,  52.00
 -70.7050372924,   43.0827470444, 11.9795,  53.00
 -70.7050368708,   43.0827497705, 12.0191,  54.00
 -70.7050364493,   43.0827524967, 11.7976,  55.00
 -70.7050360277,   43.0827552228, 11.8441,  56.00
 -70.7050356024,   43.0827579490, 11.8378,  57.00
 -70.7050351808,   43.0827606751, 11.8147,  58.00
 -70.7050347593,   43.0827634013, 11.7916,  59.00
 -70.7050343377,   43.0827661274, 11.7685,  60.00
 -70.7050339162,   43.0827688536, 11.7455,  61.00
 -70.7050334946,   43.0827715797, 11.7224,  62.00
 -70.7050330730,   43.0827743058, 11.6993,  63.00
 -70.7050326477,   43.0827770320, 11.6762,  64.00
 -70.7050322262,   43.0827797581, 11.6531,  65.00
 -70.7050318046,   43.0827824843, 11.6300,  66.00
 -70.7050313830,   43.0827852104, 11.6069,  67.00
 -70.7050309615,   43.0827879366, 11.5838,  68.00
 -70.7050305399,   43.0827906627, 11.5608,  69.00
 -70.7050301183,   43.0827933889, 11.5377,  70.00
 -70.7050296930,   43.0827961150, 11.5146,  71.00
 -70.7050292715,   43.0827988411, 11.4915,  72.00
 -70.7050288499,   43.0828015673, 11.4684,  73.00
 -70.7050284283,   43.0828042934, 11.4453,  74.00
 -70.7050280068,   43.0828070196, 11.4222,  75.00
 -70.7050275852,   43.0828097457, 11.3991,  76.00
 -70.7050271636,   43.0828124719, 11.3761,  77.00
 -70.7050267383,   43.0828151980, 11.3560,  78.00
 -70.7050263168,   43.0828179242, 11.3367,  79.00
 -70.7050258952,   43.0828206503, 11.3175,  80.00
 -70.7050254736,   43.0828233764, 11.2982,  81.00
 -70.7050250521,   43.0828261026, 11.2789,  82.00
 -70.7050246305,   43.0828288287, 11.2814,  83.00
 -70.7050242090,   43.0828315549, 11.3842,  84.00
 -70.7050237836,   43.0828342810, 11.4029,  85.00
 -70.7050233621,   43.0828370072, 11.4216,  86.00
 -70.7050229405,   43.0828397333, 11.3444,  87.00
 -70.7050225190,   43.0828424595, 11.2644,  88.00
 -70.7050220974,   43.0828451856, 11.1845,  89.00
 -70.7050216758,   43.0828479117, 11.0018,  90.00
 -70.7050212543,   43.0828506379, 10.8185,  91.00
 -70.7050208290,   43.0828533640, 10.8056,  92.00
 -70.7050204074,   43.0828560902, 10.8536,  93.00
 -70.7050199858,   43.0828588163, 10.9153,  94.00
 -70.7050195643,   43.0828615425, 11.0006,  95.00
 -70.7050191427,   43.0828642686, 11.0898,  96.00
 -70.7050187211,   43.0828669947, 11.1167,  97.00
 -70.7050182996,   43.0828697209, 11.1230,  98.00
 -70.7050178743,   43.0828724471, 11.1293,  99.00
 -70.7050174527,   43.0828751732, 11.0506, 100.00
 -70.7050170311,   43.0828778993, 10.9725, 101.00
 -70.7050166096,   43.0828806255, 10.9749, 102.00
 -70.7050161880,   43.0828833516, 11.1072, 103.00
 -70.7050157664,   43.0828860778, 11.2471, 104.00
 -70.7050153449,   43.0828888039, 11.3223, 105.00
 -70.7050149196,   43.0828915301, 11.3858, 106.00
 -70.7050144980,   43.0828942562, 11.4493, 107.00
 -70.7050140764,   43.0828969824, 11.5128, 108.00
 -70.7050136549,   43.0828997085, 11.5317, 109.00
 -70.7050132333,   43.0829024346, 11.4799, 110.00
 -70.7050128117,   43.0829051608, 11.4280, 111.00
 -70.7050123902,   43.0829078869, 11.3762, 112.00
 -70.7050119649,   43.0829106131, 11.3244, 113.00
 -70.7050115433,   43.0829133392, 11.2726, 114.00
 -70.7050111217,   43.0829160654, 11.2208, 115.00
 -70.7050107002,   43.0829187915, 11.2281, 116.00
 -70.7050102786,   43.0829215176, 11.2155, 117.00
 -70.7050098570,   43.0829242438, 11.2003, 118.00
 -70.7050094317,   43.0829269699, 11.2045, 119.00
 -70.7050090102,   43.0829296961, 11.2144, 120.00
 -70.7050085886,   43.0829324222, 11.2243, 121.00
 -70.7050081670,   43.0829351484, 11.2342, 122.00
 -70.7050077455,   43.0829378745, 11.2442, 123.00
 -70.7050073239,   43.0829406007, 11.2541, 124.00
 -70.7050069023,   43.0829433268, 11.3203, 125.00
 -70.7050064770,   43.0829460529, 11.4527, 126.00
 -70.7050060555,   43.0829487791, 11.5289, 127.00
 -70.7050056339,   43.0829515052, 11.5534, 128.00
 -70.7050052123,   43.0829542314, 11.5779, 129.00
 -70.7050047908,   43.0829569575, 11.6023, 130.00
 -70.7050043692,   43.0829596837, 11.6268, 131.00
 -70.7050039476,   43.0829624098, 11.5816, 132.00
 -70.7050035223,   43.0829651360, 11.5277, 133.00
 -70.7050031008,   43.0829678621, 11.5863, 134.00
 -70.7050026792,   43.0829705882, 11.6955, 135.00
 -70.7050022576,   43.0829733144, 11.8314, 136.00
 -70.7050018361,   43.0829760405, 11.9552, 137.00
 -70.7050014145,   43.0829787667, 11.9707, 138.00
 -70.7050009929,   43.0829814928, 11.9862, 139.00
 -70.7050005676,   43.0829842190, 11.9965, 140.00
 -70.7050001460,   43.0829869451, 11.9634, 141.00
 -70.7049997245,   43.0829896713, 11.9583, 142.00
 -70.7049993029,   43.0829923974, 11.9574, 143.00
 -70.7049988813,   43.0829951235, 11.9732, 144.00
 -70.7049984598,   43.0829978497, 11.9890, 145.00
 -70.7049980382,   43.0830005758, 12.0048, 146.00
 -70.7049976129,   43.0830033020, 12.0214, 147.00
 -70.7049971913,   43.0830060281, 12.0454, 148.00
 -70.7049967698,   43.0830087543, 12.0276, 149.00
 -70.7049963482,   43.0830114804, 12.0388, 150.00
 -70.7049959266,   43.0830142065, 12.0526, 151.00
 -70.7049955051,   43.0830169327, 12.1071, 152.00
 -70.7049950835,   43.0830196588, 12.1615, 153.00
 -70.7049946582,   43.0830223850, 12.2159, 154.00
 -70.7049942366,   43.0830251111, 12.2462, 155.00
 -70.7049938151,   43.0830278373, 12.2706, 156.00
 -70.7049933935,   43.0830305634, 12.2337, 157.00
 -70.7049929719,   43.0830332896, 12.1624, 158.00
 -70.7049925504,   43.0830360157, 12.0916, 159.00
 -70.7049921288,   43.0830387418, 12.0806, 160.00
 -70.7049917035,   43.0830414680, 12.0787, 161.00
 -70.7049912819,   43.0830441941, 12.1117, 162.00
 -70.7049908603,   43.0830469203, 12.1818, 163.00
 -70.7049904388,   43.0830496464, 12.2518, 164.00
 -70.7049900172,   43.0830523726, 12.2893, 165.00
 -70.7049895956,   43.0830550987, 12.3243, 166.00
 -70.7049891741,   43.0830578248, 12.3884, 167.00
 -70.7049887488,   43.0830605510, 12.5850, 168.00
 -70.7049883272,   43.0830632772, 12.8227, 169.00
 -70.7049879056,   43.0830660033, 13.0604, 170.00
 -70.7049874841,   43.0830687294, 13.2982, 171.00
 -70.7049870625,   43.0830714556, 13.5359, 172.00
 -70.7049866409,   43.0830741817, 13.7337, 173.00
 -70.7049862194,   43.0830769079, 13.8441, 174.00
 -70.7049857941,   43.0830796340, 13.9544, 175.00
 -70.7049853725,   43.0830823602, 14.3849, 176.00
 -70.7049849509,   43.0830850863, 14.8193, 177.00
 -70.7049845294,   43.0830878125, 15.2536, 178.00
 -70.7049841078,   43.0830905386, 15.6756, 179.00
 -70.7049836862,   43.0830932647, 15.9945, 180.00
 -70.7049832609,   43.0830959909, 16.3134, 181.00
 -70.7049828393,   43.0830987170, 16.6324, 182.00
 -70.7049824178,   43.0831014432, 16.9760, 183.00
 -70.7049819962,   43.0831041693, 17.4226, 184.00
 -70.7049815746,   43.0831068954, 17.8692, 185.00
 -70.7049811531,   43.0831096216, 18.3158, 186.00
 -70.7049807315,   43.0831123477, 18.3462, 187.00
 -70.7049803062,   43.0831150739, 18.3580, 188.00
 -70.7049798846,   43.0831178000, 18.3698, 189.00
 -70.7049794631,   43.0831205262, 18.3651, 190.00
 -70.7049790415,   43.0831232523, 18.3914, 191.00
 -70.7049786199,   43.0831259785, 18.4229, 192.00
 -70.7049781983,   43.0831287046, 18.4911, 193.00
 -70.7049777768,   43.0831314308, 18.5534, 194.00
 -70.7049773515,   43.0831341569, 18.6037, 195.00
 -70.7049769299,   43.0831368830, 18.6541, 196.00
 -70.7049765083,   43.0831396092, 18.7044, 197.00
 -70.7049760868,   43.0831423353, 18.7576, 198.00
 -70.7049756652,   43.0831450615, 18.8094, 199.00
 -70.7049752436,   43.0831477876, 18.8612, 200.00
 -70.7049748221,   43.0831505137, 18.8656, 201.00
 -70.7049743967,   43.0831532399, 18.8646, 202.00
 -70.7049739752,   43.0831559661, 18.8637, 203.00
 -70.7049735536,   43.0831586922, 18.8628, 204.00
 -70.7049731320,   43.0831614183, 18.8618, 205.00
 -70.7049727105,   43.0831641445, 18.8828, 206.00
 -70.7049722889,   43.0831668706, 18.9316, 207.00
 -70.7049718673,   43.0831695968, 18.9957, 208.00
 -70.7049714420,   43.0831723229, 19.0094, 209.00
 -70.7049710205,   43.0831750491, 19.0149, 210.00
 -70.7049705989,   43.0831777752, 19.0668, 211.00
 -70.7049701773,   43.0831805013, 19.1774, 212.00
 -70.7049697557,   43.0831832275, 19.2880, 213.00
 -70.7049693342,   43.0831859536, 19.4519, 214.00
 -70.7049689126,   43.0831886798, 19.6734, 215.00
 -70.7049684873,   43.0831914059, 19.8658, 216.00
 -70.7049680657,   43.0831941321, 20.0460, 217.00
 -70.7049676442,   43.0831968582, 20.2263, 218.00
 -70.7049672226,   43.0831995844, 20.4065, 219.00
 -70.7049668010,   43.0832023105, 20.5868, 220.00
 -70.7049663795,   43.0832050366, 20.7671, 221.00
 -70.7049659579,   43.0832077628, 20.9967, 222.00
 -70.7049655326,   43.0832104889, 21.2888, 223.00
 -70.7049651110,   43.0832132151, 21.5809, 224.00
 -70.7049646894,   43.0832159412, 21.8731, 225.00
 -70.7049642679,   43.0832186674, 22.1652, 226.00
 -70.7049638463,   43.0832213935, 22.3431, 227.00
 -70.7049634247,   43.0832241197, 22.4953, 228.00
 -70.7049630032,   43.0832268458, 22.6476, 229.00
 -70.7049625778,   43.0832295719, 22.7998, 230.00
 -70.7049621563,   43.0832322981, 22.9741, 231.00
 -70.7049617347,   43.0832350242, 23.2867, 232.00
 -70.7049613131,   43.0832377504, 23.5853, 233.00
 -70.7049608916,   43.0832404765, 23.9413, 234.00
 -70.7049604700,   43.0832432027, 24.3047, 235.00
 -70.7049600484,   43.0832459288, 24.6681, 236.00
 -70.7049596231,   43.0832486550, 25.0315, 237.00
 -70.7049592015,   43.0832513811, 25.3950, 238.00
 -70.7049587800,   43.0832541072, 25.7584, 239.00
 -70.7049583584,   43.0832568334, 26.1218, 240.00
 -70.7049579368,   43.0832595595, 26.4852, 241.00
 -70.7049575153,   43.0832622857, 26.8486, 242.00
 -70.7049570899,   43.0832650118, 27.2120, 243.00
 -70.7049566684,   43.0832677380, 27.5991, 244.00
 -70.7049562468,   43.0832704641, 28.0308, 245.00
 -70.7049558252,   43.0832731902, 28.4625, 246.00
 -70.7049554037,   43.0832759164, 29.4564, 247.00
 -70.7049549821,   43.0832786425, 30.5977, 248.00
 -70.7049545605,   43.0832813687, 31.4745, 249.00
 -70.7049541352,   43.0832840948, 31.5752, 250.00
 -70.7049537136,   43.0832868210, 31.6566, 251.00
 -70.7049532921,   43.0832895471, 31.7379, 252.00
 -70.7049528705,   43.0832922733, 31.7753, 253.00
 -70.7049524489,   43.0832949994, 31.7873, 254.00
 -70.7049520274,   43.0832977255, 31.8321, 255.00
 -70.7049516058,   43.0833004517, 31.9136, 256.00
 -70.7049511805,   43.0833031778, 32.0009, 257.00
 -70.7049507589,   43.0833059040, 32.0064, 258.00
 -70.7049503373,   43.0833086301, 31.9974, 259.00
 -70.7049499158,   43.0833113563, 31.9904, 260.00
 -70.7049494942,   43.0833140824, 31.9861, 261.00
 -70.7049490726,   43.0833168085, 31.9817, 262.00
 -70.7049486511,   43.0833195347, 31.9882, 263.00
 -70.7049482257,   43.0833222608, 32.0219, 264.00
 -70.7049478042,   43.0833249870, 32.0795, 265.00
 -70.7049473826,   43.0833277131, 32.1609, 266.00
 -70.7049469610,   43.0833304393, 32.2470, 267.00
 -70.7049465395,   43.0833331654, 32.3331, 268.00
 -70.7049461179,   43.0833358916, 32.4193, 269.00
 -70.7049456963,   43.0833386177, 32.5054, 270.00
 -70.7049452710,   43.0833413438, 32.5916, 271.00
 -70.7049448494,   43.0833440700, 32.6173, 272.00
 -70.7049444279,   43.0833467961, 32.6462, 273.00
 -70.7049440063,   43.0833495223, 32.7072, 274.00
 -70.7049435847,   43.0833522484, 32.7681, 275.00
 -70.7049431631,   43.0833549746, 32.7571, 276.00
 -70.7049427416,   43.0833577007, 32.7352, 277.00
 -70.7049423163,   43.0833604269, 32.7181, 278.00
 -70.7049418947,   43.0833631530, 32.7221, 279.00
 -70.7049414731,   43.0833658791, 32.7260, 280.00
 -70.7049410515,   43.0833686053, 32.7299, 281.00
 -70.7049406300,   43.0833713314, 32.7338, 282.00
 -70.7049402084,   43.0833740576, 32.7377, 283.00
 -70.7049397868,   43.0833767837, 32.7416, 284.00
 -70.7049393615,   43.0833795099, 32.7455, 285.00
 -70.7049389399,   43.0833822360, 32.7494, 286.00
 -70.7049385184,   43.0833849621, 32.7539, 287.00
 -70.7049380968,   43.0833876883, 32.7724, 288.00
 -70.7049376752,   43.0833904144, 32.7909, 289.00
 -70.7049372537,   43.0833931406, 32.8094, 290.00
 -70.7049368321,   43.0833958667, 32.8212, 291.00
 -70.7049364068,   43.0833985929, 32.8276, 292.00
 -70.7049359852,   43.0834013190, 32.8340, 293.00
 -70.7049355636,   43.0834040452, 32.8404, 294.00
 -70.7049351421,   43.0834067713, 32.8468, 295.00
 -70.7049347205,   43.0834094974, 32.8544, 296.00
 -70.7049342989,   43.0834122236, 32.8779, 297.00
 -70.7049338736,   43.0834149497, 32.9014, 298.00
 -70.7049334520,   43.0834176759, 32.9271, 299.00
 -70.7049330305,   43.0834204020, 32.9980, 300.00
 -70.7049326089,   43.0834231282, 33.0689, 301.00
 -70.7049321873,   43.0834258543, 33.1729, 302.00
 -70.7049317657,   43.0834285804, 33.3394, 303.00
 -70.7049313442,   43.0834313066, 33.3991, 304.00
 -70.7049309188,   43.0834340328, 33.4588, 305.00
 -70.7049304973,   43.0834367589, 33.5413, 306.00
 -70.7049300757,   43.0834394850, 33.6288, 307.00
 -70.7049296541,   43.0834422112, 33.7163, 308.00
 -70.7049292326,   43.0834449373, 33.8039, 309.00
 -70.7049288110,   43.0834476635, 33.8722, 310.00
 -70.7049283894,   43.0834503896, 33.9386, 311.00
 -70.7049279641,   43.0834531157, 34.0050, 312.00
 -70.7049275425,   43.0834558419, 34.0714, 313.00
 -70.7049271210,   43.0834585680, 34.1378, 314.00
 -70.7049266994,   43.0834612942, 34.2042, 315.00
 -70.7049262778,   43.0834640203, 34.2706, 316.00
 -70.7049258562,   43.0834667465, 34.3370, 317.00
 -70.7049254347,   43.0834694726, 34.4034, 318.00
 -70.7049250093,   43.0834721988, 34.4698, 319.00
 -70.7049245878,   43.0834749249, 34.5362, 320.00
 -70.7049241662,   43.0834776510, 34.6026, 321.00
 -70.7049237446,   43.0834803772, 34.6690, 322.00
 -70.7049233231,   43.0834831033, 34.7354, 323.00
 -70.7049229015,   43.0834858295, 34.8018, 324.00
 -70.7049224799,   43.0834885556, 34.8599, 325.00
 -70.7049220546,   43.0834912818, 34.8960, 326.00
 -70.7049216330,   43.0834940079, 34.9321, 327.00
 -70.7049212114,   43.0834967340, 34.9669, 328.00
 -70.7049207899,   43.0834994602, 34.9761, 329.00
 -70.7049203683,   43.0835021863, 34.9852, 330.00
 -70.7049199467,   43.0835049125, 34.9944, 331.00
 -70.7049195252,   43.0835076386, 35.0036, 332.00
 -70.7049190998,   43.0835103648, 35.0739, 333.00
 -70.7049186783,   43.0835130909, 35.1610, 334.00
 -70.7049182567,   43.0835158171, 35.2481, 335.00
 -70.7049178351,   43.0835185432, 35.3352, 336.00
 -70.7049174135,   43.0835212693, 35.4223, 337.00
 -70.7049169920,   43.0835239955, 35.5094, 338.00
 -70.7049165704,   43.0835267216, 35.5900, 339.00
 -70.7049161451,   43.0835294478, 35.6182, 340.00
 -70.7049157235,   43.0835321739, 35.6464, 341.00
 -70.7049153019,   43.0835349001, 35.6745, 342.00
 -70.7049148804,   43.0835376262, 35.7027, 343.00
 -70.7049144588,   43.0835403523, 35.7309, 344.00
 -70.7049140372,   43.0835430785, 35.7591, 345.00
 -70.7049136156,   43.0835458046, 35.7873, 346.00
 -70.7049131903,   43.0835485308, 35.8154, 347.00
 -70.7049127688,   43.0835512569, 35.8436, 348.00
 -70.7049123472,   43.0835539831, 35.8718, 349.00
 -70.7049119256,   43.0835567092, 35.9925, 350.00
 -70.7049115040,   43.0835594354, 36.1306, 351.00
 -70.7049110825,   43.0835621615, 36.2687, 352.00
 -70.7049106609,   43.0835648876, 36.4067, 353.00
 -70.7049102356,   43.0835676138, 36.5617, 354.00
 -70.7049098140,   43.0835703399, 36.9949, 355.00
 -70.7049093924,   43.0835730661, 37.4282, 356.00
 -70.7049089708,   43.0835757922, 37.7537, 357.00
 -70.7049085493,   43.0835785184, 37.9140, 358.00
 -70.7049081277,   43.0835812445, 38.0743, 359.00
 -70.7049077024,   43.0835839707, 38.2458, 360.00
 -70.7049072808,   43.0835866968, 38.5217, 361.00
 -70.7049068592,   43.0835894229, 38.6848, 362.00
 -70.7049064377,   43.0835921491, 38.6659, 363.00
 -70.7049060161,   43.0835948752, 38.7213, 364.00
 -70.7049055945,   43.0835976014, 38.7766, 365.00
 -70.7049051729,   43.0836003275, 38.8319, 366.00
 -70.7049047476,   43.0836030537, 38.8872, 367.00
 -70.7049043260,   43.0836057798, 38.9140, 368.00
 -70.7049039045,   43.0836085059, 38.9248, 369.00
 -70.7049034829,   43.0836112321, 38.8685, 370.00
 -70.7049030613,   43.0836139582, 38.7990, 371.00
 -70.7049026397,   43.0836166844, 38.7295, 372.00
 -70.7049022182,   43.0836194105, 38.6599, 373.00
 -70.7049017928,   43.0836221367, 38.5904, 374.00
 -70.7049013713,   43.0836248628, 38.5209, 375.00
 -70.7049009497,   43.0836275890, 38.4514, 376.00
 -70.7049005281,   43.0836303151, 38.5286, 377.00
 -70.7049001065,   43.0836330412, 38.6031, 378.00
 -70.7048996850,   43.0836357674, 38.6517, 379.00
 -70.7048992634,   43.0836384935, 38.7005, 380.00
 -70.7048988381,   43.0836412197, 38.7493, 381.00
 -70.7048984165,   43.0836439458, 38.8547, 382.00
 -70.7048979949,   43.0836466720, 38.9601, 383.00
 -70.7048975734,   43.0836493981, 39.0169, 384.00
 -70.7048971518,   43.0836521242, 39.0251, 385.00
 -70.7048967302,   43.0836548504, 39.0210, 386.00
 -70.7048963086,   43.0836575765, 39.0399, 387.00
 -70.7048958833,   43.0836603027, 39.0589, 388.00
 -70.7048954617,   43.0836630288, 39.0823, 389.00
 -70.7048950402,   43.0836657550, 39.1085, 390.00
 -70.7048946186,   43.0836684811, 39.1088, 391.00
 -70.7048941970,   43.0836712072, 39.1433, 392.00
 -70.7048937754,   43.0836739334, 39.1856, 393.00
 -70.7048933539,   43.0836766595, 39.2280, 394.00
 -70.7048929285,   43.0836793857, 39.2703, 395.00
 -70.7048925070,   43.0836821118, 39.3127, 396.00
 -70.7048920854,   43.0836848380, 39.3471, 397.00
 -70.7048916638,   43.0836875641, 39.3849, 398.00
 -70.7048912422,   43.0836902903, 39.4263, 399.00
 -70.7048908207,   43.0836930164, 39.4476, 400.00
 -70.7048903991,   43.0836957425, 39.4187, 401.00
 -70.7048899738,   43.0836984687, 39.3898, 402.00
 -70.7048895522,   43.0837011948, 39.3609, 403.00
 -70.7048891306,   43.0837039210, 39.3293, 404.00
 -70.7048887090,   43.0837066471, 39.3117, 405.00
 -70.7048882875,   43.0837093733, 39.3143, 406.00
 -70.7048878659,   43.0837120994, 39.2532, 407.00
 -70.7048874443,   43.0837148255, 39.1730, 408.00
 -70.7048870190,   43.0837175517, 39.0910, 409.00
 -70.7048865974,   43.0837202778, 38.9908, 410.00
 -70.7048861758,   43.0837230040, 38.8907, 411.00
 -70.7048857543,   43.0837257301, 38.7970, 412.00
 -70.7048853327,   43.0837284563, 38.7112, 413.00
 -70.7048849111,   43.0837311824, 38.6551, 414.00
 -70.7048844895,   43.0837339085, 38.6046, 415.00
 -70.7048840642,   43.0837366347, 38.5541, 416.00
 -70.7048836426,   43.0837393608, 38.5035, 417.00
 -70.7048832211,   43.0837420870, 38.4530, 418.00
 -70.7048827995,   43.0837448131, 38.3682, 419.00
 -70.7048823779,   43.0837475393, 38.2537, 420.00
 -70.7048819563,   43.0837502654, 38.1461, 421.00
