-1000.000000,-18.883585,1
-999.000000,-18.867678,1
-998.000000,-18.851747,1
-997.000000,-18.835817,1
-996.000000,-18.819910,1
-995.000000,-18.803980,1
-994.000000,-18.788014,1
-993.000000,-18.772083,1
-992.000000,-18.747541,1
-991.000000,-18.722870,1
-990.000000,-18.698154,1
-989.000000,-18.673412,1
-988.000000,-18.648696,1
-987.000000,-18.624025,1
-986.000000,-18.599308,1
-985.000000,-18.574592,1
-984.000000,-18.549850,1
-983.000000,-18.525134,1
-982.000000,-18.500463,1
-981.000000,-18.475746,1
-980.000000,-18.451075,1
-979.000000,-18.426288,1
-978.000000,-18.401572,1
-977.000000,-18.376901,1
-976.000000,-18.352184,1
-975.000000,-18.327513,1
-974.000000,-18.302726,1
-973.000000,-18.278010,1
-972.000000,-18.253339,1
-971.000000,-18.228622,1
-970.000000,-18.203951,1
-969.000000,-18.179164,1
-968.000000,-18.154493,1
-967.000000,-18.129777,1
-966.000000,-18.105061,1
-965.000000,-18.080390,1
-964.000000,-18.055673,1
-963.000000,-18.030931,1
-962.000000,-18.006215,1
-961.000000,-17.981499,1
-960.000000,-17.956828,1
-959.000000,-17.932111,1
-958.000000,-17.907369,1
-957.000000,-17.882653,1
-956.000000,-17.857982,1
-955.000000,-17.833266,1
-954.000000,-17.808549,1
-953.000000,-17.783807,1
-952.000000,-17.759091,1
-951.000000,-17.734420,1
-950.000000,-17.709704,1
-949.000000,-17.685033,1
-948.000000,-17.660245,1
-947.000000,-17.635529,1
-946.000000,-17.610858,1
-945.000000,-17.586142,1
-944.000000,-17.561471,1
-943.000000,-17.536683,1
-942.000000,-17.511967,1
-941.000000,-17.487296,1
-940.000000,-17.462580,1
-939.000000,-17.437909,1
-938.000000,-17.413193,1
-937.000000,-17.388450,1
-936.000000,-17.363734,1
-935.000000,-17.339018,1
-934.000000,-17.314347,1
-933.000000,-17.289669,1
-932.000000,-17.265298,1
-931.000000,-17.240957,1
-930.000000,-17.216617,1
-929.000000,-17.192319,1
-928.000000,-17.167978,1
-927.000000,-17.143607,1
-926.000000,-17.119266,1
-925.000000,-17.094969,1
-924.000000,-17.070628,1
-923.000000,-17.046287,1
-922.000000,-17.021916,1
-921.000000,-16.997575,1
-920.000000,-16.973278,1
-919.000000,-16.948937,1
-918.000000,-16.924639,1
-917.000000,-16.900225,1
-916.000000,-16.875884,1
-915.000000,-16.851587,1
-914.000000,-16.827246,1
-913.000000,-16.802949,1
-912.000000,-16.778608,1
-911.000000,-16.754194,1
-910.000000,-16.729896,1
-909.000000,-16.705555,1
-908.000000,-16.681258,1
-907.000000,-16.656917,1
-906.000000,-16.632546,1
-905.000000,-16.608205,1
-904.000000,-16.583864,1
-903.000000,-16.559567,1
-902.000000,-16.535226,1
-901.000000,-16.510855,1
-900.000000,-16.486514,1
-899.000000,-16.462174,1
-898.000000,-16.437876,1
-897.000000,-16.413535,1
-896.000000,-16.391449,1
-895.000000,-16.370840,1
-894.000000,-16.350264,1
-893.000000,-16.329654,1
-892.000000,-16.309044,1
-891.000000,-16.288401,1
-890.000000,-16.267791,1
-889.000000,-16.247216,1
-888.000000,-16.226606,1
-887.000000,-16.205996,1
-886.000000,-16.185421,1
-885.000000,-16.164743,1
-884.000000,-16.144168,1
-883.000000,-16.123558,1
-882.000000,-16.102982,1
-881.000000,-16.082372,1
-880.000000,-16.061695,1
-879.000000,-16.041119,1
-878.000000,-16.020510,1
-877.000000,-15.999934,1
-876.000000,-15.979324,1
-875.000000,-15.958681,1
-874.000000,-15.938071,1
-873.000000,-15.917461,1
-872.000000,-15.896886,1
-871.000000,-15.876276,1
-870.000000,-15.855633,1
-869.000000,-15.835023,1
-868.000000,-15.814413,1
-867.000000,-15.793837,1
-866.000000,-15.773228,1
-865.000000,-15.752652,1
-864.000000,-15.731975,1
-863.000000,-15.711399,1
-862.000000,-15.690789,1
-861.000000,-15.670180,1
-860.000000,-15.649604,1
-859.000000,-15.628926,1
-858.000000,-15.607919,1
-857.000000,-15.584197,1
-856.000000,-15.560475,1
-855.000000,-15.536784,1
-854.000000,-15.512963,1
-853.000000,-15.489271,1
-852.000000,-15.465549,1
-851.000000,-15.441857,1
-850.000000,-15.418135,1
-849.000000,-15.394315,1
-848.000000,-15.370623,1
-847.000000,-15.346901,1
-846.000000,-15.323209,1
-845.000000,-15.299487,1
-844.000000,-15.275666,1
-843.000000,-15.251974,1
-842.000000,-15.228252,1
-841.000000,-15.204560,1
-840.000000,-15.180838,1
-839.000000,-15.157146,1
-838.000000,-15.133326,1
-837.000000,-15.109604,1
-836.000000,-15.085912,1
-835.000000,-15.062190,1
-834.000000,-15.038498,1
-833.000000,-15.014677,1
-832.000000,-14.990955,1
-831.000000,-14.967264,1
-830.000000,-14.943542,1
-829.000000,-14.919850,1
-828.000000,-14.896029,1
-827.000000,-14.872337,1
-826.000000,-14.848615,1
-825.000000,-14.824893,1
-824.000000,-14.801201,1
-823.000000,-14.777381,1
-822.000000,-14.753689,1
-821.000000,-14.729967,1
-820.000000,-14.706245,1
-819.000000,-14.682553,1
-818.000000,-14.658831,1
-817.000000,-14.635040,1
-816.000000,-14.611318,1
-815.000000,-14.587626,1
-814.000000,-14.563904,1
-813.000000,-14.540182,1
-812.000000,-14.516392,1
-811.000000,-14.492670,1
-810.000000,-14.468978,1
-809.000000,-14.445256,1
-808.000000,-14.421534,1
-807.000000,-14.397744,1
-806.000000,-14.374022,1
-805.000000,-14.350330,1
-804.000000,-14.326608,1
-803.000000,-14.302916,1
-802.000000,-14.279095,1
-801.000000,-14.255373,1
-800.000000,-14.231681,1
-799.000000,-14.207959,1
-798.000000,-14.184267,1
-797.000000,-14.160447,1
-796.000000,-14.136725,1
-795.000000,-14.113033,1
-794.000000,-14.089311,1
-793.000000,-14.066939,1
-792.000000,-14.045809,1
-791.000000,-14.024610,1
-790.000000,-14.003480,1
-789.000000,-13.982349,1
-788.000000,-13.961243,1
-787.000000,-13.940113,1
-786.000000,-13.918914,1
-785.000000,-13.897784,1
-784.000000,-13.876653,1
-783.000000,-13.855547,1
-782.000000,-13.834417,1
-781.000000,-13.813218,1
-780.000000,-13.792087,1
-779.000000,-13.770981,1
-778.000000,-13.749851,1
-777.000000,-13.728721,1
-776.000000,-13.707522,1
-775.000000,-13.686391,1
-774.000000,-13.665285,1
-773.000000,-13.644155,1
-772.000000,-13.623025,1
-771.000000,-13.601919,1
-770.000000,-13.580695,1
-769.000000,-13.559589,1
-768.000000,-13.538459,1
-767.000000,-13.517353,1
-766.000000,-13.496222,1
-765.000000,-13.474999,1
-764.000000,-13.453893,1
-763.000000,-13.432763,1
-762.000000,-13.411657,1
-761.000000,-13.390526,1
-760.000000,-13.369298,1
-759.000000,-13.348148,1
-758.000000,-13.326973,1
-757.000000,-13.305823,1
-756.000000,-13.284649,1
-755.000000,-13.263406,1
-754.000000,-13.242231,1
-753.000000,-13.221057,1
-752.000000,-13.199907,1
-751.000000,-13.178732,1
-750.000000,-13.157582,1
-749.000000,-13.136315,1
-748.000000,-13.115140,1
-747.000000,-13.093990,1
-746.000000,-13.072816,1
-745.000000,-13.051666,1
-744.000000,-13.030399,1
-743.000000,-13.009249,1
-742.000000,-12.988074,1
-741.000000,-12.966900,1
-740.000000,-12.945750,1
-739.000000,-12.924482,1
-738.000000,-12.903332,1
-737.000000,-12.882158,1
-736.000000,-12.860983,1
-735.000000,-12.839833,1
-734.000000,-12.818566,1
-733.000000,-12.797416,1
-732.000000,-12.776241,1
-731.000000,-12.755091,1
-730.000000,-12.733917,1
-729.000000,-12.712742,1
-728.000000,-12.691499,1
-727.000000,-12.670325,1
-726.000000,-12.649175,1
-725.000000,-12.628000,1
-724.000000,-12.606826,1
-723.000000,-12.585583,1
-722.000000,-12.564408,1
-721.000000,-12.543258,1
-720.000000,-12.522084,1
-719.000000,-12.500934,1
-718.000000,-12.479667,1
-717.000000,-12.458492,1
-716.000000,-12.437342,1
-715.000000,-12.416168,1
-714.000000,-12.395018,1
-713.000000,-12.373750,1
-712.000000,-12.352576,1
-711.000000,-12.331426,1
-710.000000,-12.310251,1
-709.000000,-12.289101,1
-708.000000,-12.267927,1
-707.000000,-12.246684,1
-706.000000,-12.225509,1
-705.000000,-12.204335,1
-704.000000,-12.183185,1
-703.000000,-12.162010,1
-702.000000,-12.140767,1
-701.000000,-12.119593,1
-700.000000,-12.098418,1
-699.000000,-12.077268,1
-698.000000,-12.056094,1
-697.000000,-12.034851,1
-696.000000,-12.013676,1
-695.000000,-11.992526,1
-694.000000,-11.971352,1
-693.000000,-11.950177,1
-692.000000,-11.928935,1
-691.000000,-11.907760,1
-690.000000,-11.886610,1
-689.000000,-11.865435,1
-688.000000,-11.844601,1
-687.000000,-11.824413,1
-686.000000,-11.804112,1
-685.000000,-11.783924,1
-684.000000,-11.763713,1
-683.000000,-11.743525,1
-682.000000,-11.723314,1
-681.000000,-11.703013,1
-680.000000,-11.682824,1
-679.000000,-11.662613,1
-678.000000,-11.642425,1
-677.000000,-11.622214,1
-676.000000,-11.601913,1
-675.000000,-11.581725,1
-674.000000,-11.561514,1
-673.000000,-11.541326,1
-672.000000,-11.521115,1
-671.000000,-11.500814,1
-670.000000,-11.480625,1
-669.000000,-11.460415,1
-668.000000,-11.440226,1
-667.000000,-11.420015,1
-666.000000,-11.399827,1
-665.000000,-11.379526,1
-664.000000,-11.359315,1
-663.000000,-11.339127,1
-662.000000,-11.318916,1
-661.000000,-11.298728,1
-660.000000,-11.278427,1
-659.000000,-11.258216,1
-658.000000,-11.238027,1
-657.000000,-11.217816,1
-656.000000,-11.197628,1
-655.000000,-11.177327,1
-654.000000,-11.157139,1
-653.000000,-11.136928,1
-652.000000,-11.116717,1
-651.000000,-11.096529,1
-650.000000,-11.076228,1
-649.000000,-11.056039,1
-648.000000,-11.035828,1
-647.000000,-11.015617,1
-646.000000,-10.995429,1
-645.000000,-10.975218,1
-644.000000,-10.954940,1
-643.000000,-10.934729,1
-642.000000,-10.914541,1
-641.000000,-10.894330,1
-640.000000,-10.872403,1
-639.000000,-10.848468,1
-638.000000,-10.824581,1
-637.000000,-10.800730,1
-636.000000,-10.776842,1
-635.000000,-10.752954,1
-634.000000,-10.729019,1
-633.000000,-10.705131,1
-632.000000,-10.681280,1
-631.000000,-10.657392,1
-630.000000,-10.633505,1
-629.000000,-10.609654,1
-628.000000,-10.585682,1
-627.000000,-10.561831,1
-626.000000,-10.537943,1
-625.000000,-10.514092,1
-624.000000,-10.490204,1
-623.000000,-10.466233,1
-622.000000,-10.442382,1
-621.000000,-10.418494,1
-620.000000,-10.394643,1
-619.000000,-10.370755,1
-618.000000,-10.346783,1
-617.000000,-10.322932,1
-616.000000,-10.299044,1
-615.000000,-10.275194,1
-614.000000,-10.251306,1
-613.000000,-10.227371,1
-612.000000,-10.203483,1
-611.000000,-10.179595,1
-610.000000,-10.155744,1
-609.000000,-10.131856,1
-608.000000,-10.108006,1
-607.000000,-10.084034,1
-606.000000,-10.060146,1
-605.000000,-10.036295,1
-604.000000,-10.012407,1
-603.000000,-9.988556,1
-602.000000,-9.964584,1
-601.000000,-9.940733,1
-600.000000,-9.916846,1
-599.000000,-9.892958,1
-598.000000,-9.869107,1
-597.000000,-9.845135,1
-596.000000,-9.821284,1
-595.000000,-9.797396,1
-594.000000,-9.773508,1
-593.000000,-9.749658,1
-592.000000,-9.725686,1
-591.000000,-9.701835,1
-590.000000,-9.677947,1
-589.000000,-9.654059,1
-588.000000,-9.631907,1
-587.000000,-9.609856,1
-586.000000,-9.587759,1
-585.000000,-9.565708,1
-584.000000,-9.543690,1
-583.000000,-9.521640,1
-582.000000,-9.499589,1
-581.000000,-9.477491,1
-580.000000,-9.455441,1
-579.000000,-9.433423,1
-578.000000,-9.411372,1
-577.000000,-9.389322,1
-576.000000,-9.367224,1
-575.000000,-9.345173,1
-574.000000,-9.323156,1
-573.000000,-9.301105,1
-572.000000,-9.279087,1
-571.000000,-9.257037,1
-570.000000,-9.234906,1
-569.000000,-9.212888,1
-568.000000,-9.190838,1
-567.000000,-9.168820,1
-566.000000,-9.146769,1
-565.000000,-9.124639,1
-564.000000,-9.102621,1
-563.000000,-9.080570,1
-562.000000,-9.058553,1
-561.000000,-9.036502,1
-560.000000,-9.014371,1
-559.000000,-8.992354,1
-558.000000,-8.970303,1
-557.000000,-8.948285,1
-556.000000,-8.926235,1
-555.000000,-8.904217,1
-554.000000,-8.882086,1
-553.000000,-8.860036,1
-552.000000,-8.838018,1
-551.000000,-8.815967,1
-550.000000,-8.793950,1
-549.000000,-8.771819,1
-548.000000,-8.749768,1
-547.000000,-8.727751,1
-546.000000,-8.705700,1
-545.000000,-8.683682,1
-544.000000,-8.661552,1
-543.000000,-8.639501,1
-542.000000,-8.617483,1
-541.000000,-8.595433,1
-540.000000,-8.573415,1
-539.000000,-8.551284,1
-538.000000,-8.529411,1
-537.000000,-8.508562,1
-536.000000,-8.487712,1
-535.000000,-8.466895,1
-534.000000,-8.446046,1
-533.000000,-8.425156,1
-532.000000,-8.404306,1
-531.000000,-8.383457,1
-530.000000,-8.362640,1
-529.000000,-8.341790,1
-528.000000,-8.320901,1
-527.000000,-8.300051,1
-526.000000,-8.279234,1
-525.000000,-8.258385,1
-524.000000,-8.237535,1
-523.000000,-8.216646,1
-522.000000,-8.195796,1
-521.000000,-8.174979,1
-520.000000,-8.154130,1
-519.000000,-8.133280,1
-518.000000,-8.112463,1
-517.000000,-8.091541,1
-516.000000,-8.070724,1
-515.000000,-8.049874,1
-514.000000,-8.029025,1
-513.000000,-8.008208,1
-512.000000,-7.987286,1
-511.000000,-7.966469,1
-510.000000,-7.945619,1
-509.000000,-7.924802,1
-508.000000,-7.903953,1
-507.000000,-7.883031,1
-506.000000,-7.862214,1
-505.000000,-7.841364,1
-504.000000,-7.820547,1
-503.000000,-7.799698,1
-502.000000,-7.778848,1
-501.000000,-7.757958,1
-500.000000,-7.737109,1
-499.000000,-7.716292,1
-498.000000,-7.695442,1
-497.000000,-7.674593,1
-496.000000,-7.653703,1
-495.000000,-7.632854,1
-494.000000,-7.612037,1
-493.000000,-7.591187,1
-492.000000,-7.570370,1
-491.000000,-7.549448,1
-490.000000,-7.527730,1
-489.000000,-7.501224,1
-488.000000,-7.474672,1
-487.000000,-7.448167,1
-486.000000,-7.421534,1
-485.000000,-7.394982,1
-484.000000,-7.368476,1
-483.000000,-7.341925,1
-482.000000,-7.315419,1
-481.000000,-7.288867,1
-480.000000,-7.262234,1
-479.000000,-7.235728,1
-478.000000,-7.209177,1
-477.000000,-7.182671,1
-476.000000,-7.156120,1
-475.000000,-7.129532,1
-474.000000,-7.102981,1
-473.000000,-7.076429,1
-472.000000,-7.049923,1
-471.000000,-7.023372,1
-470.000000,-6.996784,1
-469.000000,-6.970233,1
-468.000000,-6.943681,1
-467.000000,-6.917175,1
-466.000000,-6.890624,1
-465.000000,-6.864118,1
-464.000000,-6.837485,1
-463.000000,-6.810979,1
-462.000000,-6.784428,1
-461.000000,-6.757876,1
-460.000000,-6.731370,1
-459.000000,-6.704737,1
-458.000000,-6.678231,1
-457.000000,-6.651680,1
-456.000000,-6.625128,1
-455.000000,-6.598623,1
-454.000000,-6.571989,1
-453.000000,-6.545484,1
-452.000000,-6.518932,1
-451.000000,-6.492380,1
-450.000000,-6.465875,1
-449.000000,-6.439323,1
-448.000000,-6.412736,1
-447.000000,-6.386184,1
-446.000000,-6.359679,1
-445.000000,-6.333127,1
-444.000000,-6.306575,1
-443.000000,-6.279988,1
-442.000000,-6.253436,1
-441.000000,-6.226931,1
-440.000000,-6.200379,1
-439.000000,-6.173827,1
-438.000000,-6.147240,1
-437.000000,-6.120688,1
-436.000000,-6.094183,1
-435.000000,-6.067631,1
-434.000000,-6.041079,1
-433.000000,-6.014574,1
-432.000000,-5.987940,1
-431.000000,-5.961435,1
-430.000000,-5.934883,1
-429.000000,-5.908378,1
-428.000000,-5.881826,1
-427.000000,-5.855192,1
-426.000000,-5.828687,1
-425.000000,-5.802135,1
-424.000000,-5.775630,1
-423.000000,-5.749078,1
-422.000000,-5.722692,1
-421.000000,-5.702499,1
-420.000000,-5.682263,1
-419.000000,-5.662070,1
-418.000000,-5.641835,1
-417.000000,-5.621600,1
-416.000000,-5.601360,1
-415.000000,-5.581125,1
-414.000000,-5.560932,1
-413.000000,-5.540696,1
-412.000000,-5.520461,1
-411.000000,-5.500221,1
-410.000000,-5.479986,1
-409.000000,-5.459793,1
-408.000000,-5.439557,1
-407.000000,-5.419364,1
-406.000000,-5.399082,1
-405.000000,-5.378847,1
-404.000000,-5.358654,1
-403.000000,-5.338419,1
-402.000000,-5.318225,1
-401.000000,-5.297990,1
-400.000000,-5.277708,1
-399.000000,-5.257515,1
-398.000000,-5.237280,1
-397.000000,-5.217087,1
-396.000000,-5.196851,1
-395.000000,-5.176569,1
-394.000000,-5.156376,1
-393.000000,-5.136141,1
-392.000000,-5.115948,1
-391.000000,-5.095712,1
-390.000000,-5.075473,1
-389.000000,-5.062195,1
-388.000000,-5.057939,1
-387.000000,-5.053689,1
-386.000000,-5.049433,1
-385.000000,-5.045182,1
-384.000000,-5.040908,1
-383.000000,-5.036652,1
-382.000000,-5.032402,1
-381.000000,-5.028146,1
-380.000000,-5.023895,1
-379.000000,-5.019621,1
-378.000000,-5.015366,1
-377.000000,-5.011115,1
-376.000000,-5.006859,1
-375.000000,-5.002608,1
-374.000000,-4.998334,1
-373.000000,-4.994084,1
-372.000000,-4.989828,1
-371.000000,-4.985572,1
-370.000000,-4.981322,1
-369.000000,-4.977066,1
-368.000000,-4.972797,1
-367.000000,-4.968541,1
-366.000000,-4.964285,1
-365.000000,-4.960035,1
-364.000000,-4.955779,1
-363.000000,-4.951510,1
-362.000000,-4.947254,1
-361.000000,-4.942998,1
-360.000000,-4.938748,1
-359.000000,-4.934492,1
-358.000000,-4.930223,1
-357.000000,-4.925967,1
-356.000000,-4.921711,1
-355.000000,-4.917461,1
-354.000000,-4.913205,1
-353.000000,-4.908954,1
-352.000000,-4.904680,1
-351.000000,-4.900430,1
-350.000000,-4.896174,1
-349.000000,-4.891918,1
-348.000000,-4.887667,1
-347.000000,-4.883393,1
-346.000000,-4.879143,1
-345.000000,-4.874887,1
-344.000000,-4.870631,1
-343.000000,-4.866380,1
-342.000000,-4.862106,1
-341.000000,-4.857856,1
-340.000000,-4.853600,1
-339.000000,-4.849344,1
-338.000000,-4.845093,1
-337.000000,-4.840838,1
-336.000000,-4.836569,1
-335.000000,-4.832313,1
-334.000000,-4.828062,1
-333.000000,-4.823807,1
-332.000000,-4.819551,1
-331.000000,-4.815282,1
-330.000000,-4.811026,1
-329.000000,-4.806775,1
-328.000000,-4.802520,1
-327.000000,-4.798264,1
-326.000000,-4.793995,1
-325.000000,-4.789739,1
-324.000000,-4.785489,1
-323.000000,-4.781233,1
-322.000000,-4.776977,1
-321.000000,-4.772726,1
-320.000000,-4.768452,1
-319.000000,-4.764202,1
-318.000000,-4.759946,1
-317.000000,-4.755690,1
-316.000000,-4.751439,1
-315.000000,-4.747165,1
-314.000000,-4.742915,1
-313.000000,-4.738659,1
-312.000000,-4.734408,1
-311.000000,-4.730152,1
-310.000000,-4.725897,1
-309.000000,-4.721628,1
-308.000000,-4.717372,1
-307.000000,-4.713121,1
-306.000000,-4.708865,1
-305.000000,-4.704610,1
-304.000000,-4.700341,1
-303.000000,-4.696085,1
-302.000000,-4.691834,1
-301.000000,-4.687579,1
-300.000000,-4.683323,1
-299.000000,-4.679054,1
-298.000000,-4.674798,1
-297.000000,-4.670547,1
-296.000000,-4.666292,1
-295.000000,-4.662041,1
-294.000000,-4.657785,1
-293.000000,-4.653511,1
-292.000000,-4.649261,1
-291.000000,-4.645005,1
-290.000000,-4.640754,1
-289.000000,-4.636498,1
-288.000000,-4.632893,1
-287.000000,-4.629811,1
-286.000000,-4.626723,1
-285.000000,-4.621184,1
-284.000000,-4.601626,1
-283.000000,-4.582018,1
-282.000000,-4.564848,1
-281.000000,-4.548655,1
-280.000000,-4.532489,1
-279.000000,-4.516296,1
-278.000000,-4.500103,1
-277.000000,-4.483603,1
-276.000000,-4.466940,1
-275.000000,-4.450308,1
-274.000000,-4.433646,1
-273.000000,-4.417014,1
-272.000000,-4.400302,1
-271.000000,-4.383640,1
-270.000000,-4.367008,1
-269.000000,-4.350346,1
-268.000000,-4.333714,1
-267.000000,-4.317002,1
-266.000000,-4.300340,1
-265.000000,-4.283708,1
-264.000000,-4.267046,1
-263.000000,-4.250413,1
-262.000000,-4.233751,1
-261.000000,-4.217040,1
-260.000000,-4.200408,1
-259.000000,-4.183745,1
-258.000000,-4.167113,1
-257.000000,-4.150451,1
-256.000000,-4.133740,1
-255.000000,-4.117107,1
-254.000000,-4.100445,1
-253.000000,-4.083813,1
-252.000000,-4.067151,1
-251.000000,-4.050518,1
-250.000000,-4.033807,1
-249.000000,-4.017145,1
-248.000000,-4.000513,1
-247.000000,-3.983850,1
-246.000000,-3.967218,1
-245.000000,-3.950507,1
-244.000000,-3.933845,1
-243.000000,-3.917212,1
-242.000000,-3.900550,1
-241.000000,-3.883918,1
-240.000000,-3.867207,1
-239.000000,-3.850544,1
-238.000000,-3.833912,1
-237.000000,-3.817250,1
-236.000000,-3.800618,1
-235.000000,-3.783956,1
-234.000000,-3.767244,1
-233.000000,-3.750612,1
-232.000000,-3.733950,1
-231.000000,-3.717318,1
-230.000000,-3.700655,1
-229.000000,-3.683944,1
-228.000000,-3.667312,1
-227.000000,-3.650650,1
-226.000000,-3.634017,1
-225.000000,-3.617355,1
-224.000000,-3.600674,1
-223.000000,-3.584012,1
-222.000000,-3.567349,1
-221.000000,-3.550717,1
-220.000000,-3.534055,1
-219.000000,-3.517423,1
-218.000000,-3.500711,1
-217.000000,-3.484049,1
-216.000000,-3.467417,1
-215.000000,-3.450755,1
-214.000000,-3.434123,1
-213.000000,-3.417411,1
-212.000000,-3.400749,1
-211.000000,-3.384117,1
-210.000000,-3.367455,1
-209.000000,-3.350822,1
-208.000000,-3.334160,1
-207.000000,-3.317449,1
-206.000000,-3.300817,1
-205.000000,-3.284154,1
-204.000000,-3.267522,1
-203.000000,-3.250860,1
-202.000000,-3.234179,1
-201.000000,-3.217516,1
-200.000000,-3.200854,1
-199.000000,-3.184222,1
-198.000000,-3.167560,1
-197.000000,-3.150878,1
-196.000000,-3.134216,1
-195.000000,-3.117554,1
-194.000000,-3.100922,1
-193.000000,-3.084259,1
-192.000000,-3.067627,1
-191.000000,-3.050916,1
-190.000000,-3.034254,1
-189.000000,-3.017621,1
-188.000000,-3.000959,1
-187.000000,-2.984327,1
-186.000000,-2.967616,1
-185.000000,-2.950953,1
-184.000000,-2.934321,1
-183.000000,-2.917659,1
-182.000000,-2.900969,1
-181.000000,-2.883986,1
-180.000000,-2.866953,1
-179.000000,-2.850001,1
-178.000000,-2.833017,1
-177.000000,-2.816065,1
-176.000000,-2.799082,1
-175.000000,-2.782080,1
-174.000000,-2.765097,1
-173.000000,-2.748114,1
-172.000000,-2.731161,1
-171.000000,-2.714178,1
-170.000000,-2.697176,1
-169.000000,-2.680193,1
-168.000000,-2.663210,1
-167.000000,-2.646257,1
-166.000000,-2.629274,1
-165.000000,-2.612322,1
-164.000000,-2.595289,1
-163.000000,-2.578306,1
-162.000000,-2.561354,1
-161.000000,-2.544370,1
-160.000000,-2.527418,1
-159.000000,-2.510385,1
-158.000000,-2.493402,1
-157.000000,-2.476450,1
-156.000000,-2.459467,1
-155.000000,-2.442514,1
-154.000000,-2.425531,1
-153.000000,-2.408498,1
-152.000000,-2.391546,1
-151.000000,-2.374563,1
-150.000000,-2.357610,1
-149.000000,-2.340627,1
-148.000000,-2.323625,1
-147.000000,-2.306642,1
-146.000000,-2.289659,1
-145.000000,-2.272707,1
-144.000000,-2.255723,1
-143.000000,-2.238721,1
-142.000000,-2.221738,1
-141.000000,-2.204755,1
-140.000000,-2.187803,1
-139.000000,-2.170820,1
-138.000000,-2.153867,1
-137.000000,-2.136834,1
-136.000000,-2.119851,1
-135.000000,-2.102899,1
-134.000000,-2.085916,1
-133.000000,-2.068963,1
-132.000000,-2.051931,1
-131.000000,-2.034947,1
-130.000000,-2.017995,1
-129.000000,-2.001012,1
-128.000000,-1.984059,1
-127.000000,-1.967076,1
-126.000000,-1.950044,1
-125.000000,-1.933091,1
-124.000000,-1.916108,1
-123.000000,-1.899156,1
-122.000000,-1.882172,1
-121.000000,-1.865171,1
-120.000000,-1.848187,1
-119.000000,-1.831173,1
-118.000000,-1.813952,1
-117.000000,-1.796700,1
-116.000000,-1.779431,1
-115.000000,-1.762178,1
-114.000000,-1.744926,1
-113.000000,-1.727706,1
-112.000000,-1.710453,1
-111.000000,-1.693233,1
-110.000000,-1.675932,1
-109.000000,-1.658679,1
-108.000000,-1.641459,1
-107.000000,-1.624207,1
-106.000000,-1.606986,1
-105.000000,-1.589685,1
-104.000000,-1.572433,1
-103.000000,-1.555212,1
-102.000000,-1.537960,1
-101.000000,-1.520739,1
-100.000000,-1.503487,1
-99.000000,-1.486186,1
-98.000000,-1.468965,1
-97.000000,-1.451713,1
-96.000000,-1.435788,1
-95.000000,-1.421383,1
-94.000000,-1.406959,1
-93.000000,-1.392554,1
-92.000000,-1.378149,1
-91.000000,-1.363770,1
-90.000000,-1.349365,1
-89.000000,-1.334942,1
-88.000000,-1.320537,1
-87.000000,-1.306132,1
-86.000000,-1.291752,1
-85.000000,-1.277347,1
-84.000000,-1.262968,1
-83.000000,-1.248519,1
-82.000000,-1.234114,1
-81.000000,-1.219734,1
-80.000000,-1.205329,1
-79.000000,-1.190950,1
-78.000000,-1.176501,1
-77.000000,-1.162096,1
-76.000000,-1.147717,1
-75.000000,-1.133312,1
-74.000000,-1.118932,1
-73.000000,-1.104527,1
-72.000000,-1.090079,1
-71.000000,-1.075699,1
-70.000000,-1.061294,1
-69.000000,-1.046914,1
-68.000000,-1.032509,1
-67.000000,-1.018061,1
-66.000000,-1.003681,1
-65.000000,-0.989276,1
-64.000000,-0.974897,1
-63.000000,-0.960455,1
-62.000000,-0.946011,1
-61.000000,-0.931498,1
-60.000000,-0.917029,1
-59.000000,-0.902586,1
-58.000000,-0.888117,1
-57.000000,-0.873673,1
-56.000000,-0.859160,1
-55.000000,-0.844691,1
-54.000000,-0.830248,1
-53.000000,-0.815779,1
-52.000000,-0.801335,1
-51.000000,-0.786822,1
-50.000000,-0.772353,1
-49.000000,-0.757910,1
-48.000000,-0.743441,1
-47.000000,-0.728998,1
-46.000000,-0.714529,1
-45.000000,-0.700016,1
-44.000000,-0.685572,1
-43.000000,-0.671103,1
-42.000000,-0.656660,1
-41.000000,-0.642191,1
-40.000000,-0.627678,1
-39.000000,-0.613234,1
-38.000000,-0.598765,1
-37.000000,-0.584322,1
-36.000000,-0.569853,1
-35.000000,-0.555384,1
-34.000000,-0.540896,1
-33.000000,-0.526428,1
-32.000000,-0.511984,1
-31.000000,-0.497515,1
-30.000000,-0.483046,1
-29.000000,-0.468559,1
-28.000000,-0.454090,1
-27.000000,-0.439646,1
-26.000000,-0.425177,1
-25.000000,-0.410734,1
-24.000000,-0.396265,1
-23.000000,-0.381752,1
-22.000000,-0.367308,1
-21.000000,-0.352840,1
-20.000000,-0.338396,1
-19.000000,-0.323927,1
-18.000000,-0.309414,1
-17.000000,-0.294971,1
-16.000000,-0.279911,1
-15.000000,-0.262215,1
-14.000000,-0.244487,1
-13.000000,-0.226709,1
-12.000000,-0.209014,1
-11.000000,-0.191285,1
-10.000000,-0.173589,1
-9.000000,-0.155861,1
-8.000000,-0.138132,1
-7.000000,-0.120388,1
-6.000000,-0.102659,1
-5.000000,-0.084963,1
-4.000000,-0.067235,1
-3.000000,-0.049506,1
-2.000000,-0.031762,1
-1.000000,-0.014033,1
0.000000,0.196850,1
1.000000,0.262467,1
2.000000,0.295276,1
3.000000,0.328084,1
4.000000,0.316154,1
5.000000,0.304223,1
6.000000,0.292293,1
7.000000,0.280363,1
8.000000,0.268432,1
9.000000,0.268432,1
10.000000,0.280363,1
11.000000,0.292293,1
12.000000,0.304223,1
13.000000,0.316154,1
14.000000,0.328084,1
15.000000,0.349956,1
16.000000,0.371829,1
17.000000,0.393701,1
18.000000,0.413386,1
19.000000,0.433071,1
20.000000,0.452756,1
21.000000,0.472441,1
22.000000,0.492126,1
23.000000,0.507565,1
24.000000,0.523004,1
25.000000,0.538444,1
26.000000,0.553883,1
27.000000,0.569322,1
28.000000,0.584761,1
29.000000,0.600201,1
30.000000,0.615640,1
31.000000,0.629435,1
32.000000,0.641586,1
33.000000,0.653738,1
34.000000,0.665889,1
35.000000,0.678040,1
36.000000,0.690192,1
37.000000,0.702343,1
38.000000,0.714494,1
39.000000,0.726645,1
40.000000,0.738797,1
41.000000,0.750948,1
42.000000,0.763099,1
43.000000,0.775250,1
44.000000,0.787402,1
45.000000,0.803240,1
46.000000,0.819079,1
47.000000,0.834917,1
48.000000,0.850756,1
49.000000,0.866594,1
50.000000,0.882433,1
51.000000,0.898271,1
52.000000,0.914110,1
53.000000,0.929948,1
54.000000,0.945787,1
55.000000,0.961626,1
56.000000,0.977464,1
57.000000,0.993303,1
58.000000,1.009141,1
59.000000,1.009489,1
60.000000,0.994347,1
61.000000,0.979205,1
62.000000,0.964062,1
63.000000,0.948920,1
64.000000,0.933778,1
65.000000,0.918635,1
66.000000,0.979205,1
67.000000,1.039774,1
68.000000,1.100343,1
69.000000,1.160913,1
70.000000,1.221482,1
71.000000,1.282051,1
72.000000,1.320842,1
73.000000,1.337854,1
74.000000,1.354865,1
75.000000,1.371877,1
76.000000,1.388889,1
77.000000,1.405901,1
78.000000,1.422912,1
79.000000,1.439924,1
80.000000,1.456936,1
81.000000,1.473948,1
82.000000,1.490960,1
83.000000,1.507971,1
84.000000,1.524983,1
85.000000,1.541995,1
86.000000,1.555118,1
87.000000,1.568242,1
88.000000,1.581365,1
89.000000,1.594488,1
90.000000,1.607612,1
91.000000,1.620735,1
92.000000,1.633858,1
93.000000,1.646982,1
94.000000,1.660105,1
95.000000,1.673228,1
96.000000,1.692913,1
97.000000,1.712598,1
98.000000,1.732284,1
99.000000,1.751969,1
100.000000,1.771654,1
101.000000,1.788058,1
102.000000,1.804462,1
103.000000,1.820866,1
104.000000,1.837270,1
105.000000,1.853675,1
106.000000,1.870079,1
107.000000,1.886483,1
108.000000,1.902887,1
109.000000,1.928405,1
110.000000,1.953922,1
111.000000,1.979440,1
112.000000,2.004958,1
113.000000,2.030475,1
114.000000,2.055993,1
115.000000,2.081511,1
116.000000,2.107028,1
117.000000,2.132546,1
118.000000,2.141920,1
119.000000,2.151294,1
120.000000,2.160667,1
121.000000,2.170041,1
122.000000,2.179415,1
123.000000,2.188789,1
124.000000,2.198163,1
125.000000,2.217462,1
126.000000,2.236761,1
127.000000,2.256060,1
128.000000,2.275359,1
129.000000,2.294658,1
130.000000,2.313957,1
131.000000,2.333256,1
132.000000,2.352555,1
133.000000,2.374135,1
134.000000,2.397996,1
135.000000,2.421856,1
136.000000,2.445717,1
137.000000,2.469578,1
138.000000,2.493438,1
139.000000,2.505369,1
140.000000,2.517299,1
141.000000,2.529229,1
142.000000,2.541160,1
143.000000,2.553090,1
144.000000,2.568705,1
145.000000,2.588004,1
146.000000,2.607303,1
147.000000,2.626602,1
148.000000,2.645901,1
149.000000,2.665200,1
150.000000,2.684499,1
151.000000,2.703798,1
152.000000,2.723097,1
153.000000,2.708516,1
154.000000,2.693934,1
155.000000,2.679353,1
156.000000,2.664771,1
157.000000,2.696850,1
158.000000,2.775591,1
159.000000,2.854331,1
160.000000,2.874016,1
161.000000,2.893701,1
162.000000,2.913386,1
163.000000,2.933071,1
164.000000,2.952756,1
165.000000,2.970254,1
166.000000,2.987752,1
167.000000,3.005249,1
168.000000,3.022747,1
169.000000,3.040245,1
170.000000,3.057743,1
171.000000,3.075241,1
172.000000,3.095707,1
173.000000,3.119141,1
174.000000,3.142576,1
175.000000,3.166011,1
176.000000,3.189445,1
177.000000,3.212880,1
178.000000,3.236314,1
179.000000,3.261541,1
180.000000,3.288560,1
181.000000,3.315578,1
182.000000,3.342597,1
183.000000,3.369616,1
184.000000,3.396634,1
185.000000,3.423653,1
186.000000,3.450672,1
187.000000,3.477690,1
188.000000,3.464567,1
189.000000,3.451444,1
190.000000,3.438320,1
191.000000,3.425197,1
192.000000,3.412074,1
193.000000,3.510499,1
194.000000,3.608924,1
195.000000,3.632359,1
196.000000,3.655793,1
197.000000,3.679228,1
198.000000,3.702662,1
199.000000,3.726097,1
200.000000,3.749531,1
201.000000,3.772966,1
202.000000,3.801673,1
203.000000,3.830381,1
204.000000,3.859088,1
205.000000,3.887795,1
206.000000,3.916503,1
207.000000,3.945210,1
208.000000,3.973917,1
209.000000,4.002625,1
210.000000,4.024497,1
211.000000,4.046369,1
212.000000,4.068242,1
213.000000,4.090114,1
214.000000,4.111986,1
215.000000,4.133858,1
216.000000,4.150263,1
217.000000,4.166667,1
218.000000,4.183071,1
219.000000,4.199475,1
220.000000,4.234807,1
221.000000,4.270139,1
222.000000,4.305472,1
223.000000,4.340804,1
224.000000,4.376136,1
225.000000,4.411468,1
226.000000,4.447029,1
227.000000,4.482820,1
228.000000,4.518611,1
229.000000,4.554402,1
230.000000,4.590193,1
231.000000,4.625984,1
232.000000,4.661775,1
233.000000,4.697566,1
234.000000,4.733357,1
235.000000,4.769148,1
236.000000,4.804939,1
237.000000,4.840730,1
238.000000,4.876521,1
239.000000,4.912312,1
240.000000,4.948103,1
241.000000,4.983894,1
242.000000,5.019685,1
243.000000,5.074366,1
244.000000,5.129047,1
245.000000,5.183727,1
246.000000,5.218466,1
247.000000,5.253204,1
248.000000,5.287942,1
249.000000,5.322680,1
250.000000,5.357419,1
251.000000,5.392157,1
252.000000,5.426895,1
253.000000,5.461634,1
254.000000,5.499052,1
255.000000,5.539152,1
256.000000,5.579251,1
257.000000,5.619350,1
258.000000,5.659449,1
259.000000,5.699548,1
260.000000,5.739647,1
261.000000,5.779746,1
262.000000,5.819846,1
263.000000,5.879265,1
264.000000,5.958005,1
265.000000,6.036746,1
266.000000,6.115486,1
267.000000,6.194226,1
268.000000,6.206256,1
269.000000,6.151575,1
270.000000,6.096894,1
271.000000,6.111111,1
272.000000,6.194226,1
273.000000,6.277341,1
274.000000,6.360455,1
275.000000,6.443570,1
276.000000,6.526684,1
277.000000,6.609799,1
278.000000,6.692914,1
279.000000,6.743091,1
280.000000,6.793269,1
281.000000,6.843446,1
282.000000,6.893624,1
283.000000,6.943801,1
284.000000,6.993979,1
285.000000,7.044156,1
286.000000,7.094334,1
287.000000,7.140301,1
288.000000,7.182057,1
289.000000,7.223813,1
290.000000,7.265569,1
291.000000,7.307325,1
292.000000,7.349082,1
293.000000,7.390838,1
294.000000,7.432594,1
295.000000,7.474350,1
296.000000,7.516106,1
297.000000,7.557862,1
298.000000,7.600613,1
299.000000,7.644357,1
300.000000,7.688102,1
301.000000,7.731846,1
302.000000,7.775591,1
303.000000,7.819335,1
304.000000,7.863080,1
305.000000,7.906824,1
306.000000,7.950569,1
307.000000,7.994313,1
308.000000,8.038058,1
309.000000,8.081803,1
310.000000,8.125547,1
311.000000,8.169292,1
312.000000,8.203315,1
313.000000,8.237339,1
314.000000,8.271362,1
315.000000,8.305386,1
316.000000,8.339409,1
317.000000,8.373433,1
318.000000,8.407456,1
319.000000,8.441480,1
320.000000,8.475503,1
321.000000,8.509527,1
322.000000,8.543550,1
323.000000,8.577574,1
324.000000,8.611597,1
325.000000,8.647604,1
326.000000,8.685592,1
327.000000,8.723581,1
328.000000,8.761570,1
329.000000,8.799558,1
330.000000,8.837547,1
331.000000,8.875536,1
332.000000,8.913524,1
333.000000,8.951513,1
334.000000,8.989502,1
335.000000,9.073866,1
336.000000,9.158231,1
337.000000,9.242595,1
338.000000,9.299690,1
339.000000,9.329516,1
340.000000,9.359342,1
341.000000,9.389168,1
342.000000,9.418993,1
343.000000,9.448819,1
344.000000,9.472680,1
345.000000,9.496541,1
346.000000,9.520401,1
347.000000,9.544262,1
348.000000,9.568122,1
349.000000,9.619423,1
350.000000,9.698163,1
351.000000,9.776903,1
352.000000,9.855643,1
353.000000,9.934384,1
354.000000,10.027440,1
355.000000,10.134813,1
356.000000,10.242186,1
357.000000,10.349559,1
358.000000,10.456932,1
359.000000,10.564305,1
360.000000,10.576235,1
361.000000,10.588165,1
362.000000,10.600096,1
363.000000,10.612026,1
364.000000,10.623956,1
365.000000,10.921916,1
366.000000,11.505906,1
367.000000,12.089895,1
368.000000,12.673885,1
369.000000,13.257874,1
370.000000,13.587725,1
