X,Y,Zlidar,STA,SOURCE
-69.90145814,43.78914839,-3.75328096,2,2006FEMA
-69.90145456,43.7891475,-3.75328096,3,2006FEMA
-69.90145097,43.78914661,-3.75328096,4,2006FEMA
-69.90144739,43.78914572,-3.75328096,5,2006FEMA
-69.90144381,43.78914483,-3.75328096,6,2006FEMA
-69.90144022,43.78914394,-999,7,-999
-69.90143664,43.78914305,-999,8,-999
-69.90143306,43.78914216,-999,9,-999
-69.90142947,43.78914127,-999,10,-999
-69.90142589,43.78914038,-999,11,-999
-69.9014223,43.78913949,-999,12,-999
-69.90141872,43.7891386,-999,13,-999
-69.90141514,43.78913771,-999,14,-999
-69.90141155,43.78913682,-999,15,-999
-69.90140797,43.78913593,-999,16,-999
-69.90140439,43.78913504,-999,17,-999
-69.9014008,43.78913415,-999,18,-999
-69.90139722,43.78913326,-999,19,-999
-69.90139364,43.78913237,-999,20,-999
-69.90139005,43.78913149,-999,21,-999
-69.90138647,43.7891306,-999,22,-999
-69.90138289,43.78912971,-999,23,-999
-69.9013793,43.78912882,-999,24,-999
-69.90137572,43.78912793,-999,25,-999
-69.90137214,43.78912704,-999,26,-999
-69.90136855,43.78912615,-999,27,-999
-69.90136497,43.78912526,-999,28,-999
-69.90136138,43.78912437,-999,29,-999
-69.9013578,43.78912348,-999,30,-999
-69.90135422,43.78912259,-999,31,-999
-69.90135063,43.7891217,-999,32,-999
-69.90134705,43.78912081,-999,33,-999
-69.90134347,43.78911992,-999,34,-999
-69.90133988,43.78911903,-999,35,-999
-69.9013363,43.78911814,-999,36,-999
-69.90133272,43.78911725,-999,37,-999
-69.90132913,43.78911636,-999,38,-999
-69.90132555,43.78911547,-999,39,-999
-69.90132197,43.78911458,-999,40,-999
-69.90131838,43.78911369,-999,41,-999
-69.9013148,43.7891128,-999,42,-999
-69.90131121,43.78911191,-999,43,-999
-69.90130763,43.78911102,-999,44,-999
-69.90130405,43.78911014,-999,45,-999
-69.90130046,43.78910925,-999,46,-999
-69.90129688,43.78910836,-999,47,-999
-69.9012933,43.78910747,-999,48,-999
-69.90128971,43.78910658,-999,49,-999
-69.90128613,43.78910569,-999,50,-999
-69.90128255,43.7891048,-999,51,-999
-69.90127896,43.78910391,-999,52,-999
-69.90127538,43.78910302,-999,53,-999
-69.9012718,43.78910213,-999,54,-999
-69.90126821,43.78910124,-999,55,-999
-69.90126463,43.78910035,-999,56,-999
-69.90126105,43.78909946,-999,57,-999
-69.90125746,43.78909857,-999,58,-999
-69.90125388,43.78909768,-999,59,-999
-69.90125029,43.78909679,-999,60,-999
-69.90124671,43.7890959,-999,61,-999
-69.90124313,43.78909501,-999,62,-999
-69.90123954,43.78909412,-999,63,-999
-69.90123596,43.78909323,-999,64,-999
-69.90123238,43.78909234,-999,65,-999
-69.90122879,43.78909145,-999,66,-999
-69.90122521,43.78909056,-999,67,-999
-69.90122163,43.78908967,-999,68,-999
-69.90121804,43.78908879,-999,69,-999
-69.90121446,43.7890879,-999,70,-999
-69.90121088,43.78908701,-999,71,-999
-69.90120729,43.78908612,-999,72,-999
-69.90120371,43.78908523,-999,73,-999
-69.90120013,43.78908434,-999,74,-999
-69.90119654,43.78908345,-999,75,-999
-69.90119296,43.78908256,-999,76,-999
-69.90118937,43.78908167,-999,77,-999
-69.90118579,43.78908078,-999,78,-999
-69.90118221,43.78907989,-999,79,-999
-69.90117862,43.789079,-999,80,-999
-69.90117504,43.78907811,-999,81,-999
-69.90117146,43.78907722,-999,82,-999
-69.90116787,43.78907633,-999,83,-999
-69.90116429,43.78907544,-999,84,-999
-69.90116071,43.78907455,-999,85,-999
-69.90115712,43.78907366,-999,86,-999
-69.90115354,43.78907277,-999,87,-999
-69.90114996,43.78907188,-999,88,-999
-69.90114637,43.78907099,-999,89,-999
-69.90114279,43.7890701,-999,90,-999
-69.90113921,43.78906921,-999,91,-999
-69.90113562,43.78906832,-999,92,-999
-69.90113204,43.78906744,-999,93,-999
-69.90112845,43.78906655,-999,94,-999
-69.90112487,43.78906566,-999,95,-999
-69.90112129,43.78906477,-999,96,-999
-69.9011177,43.78906388,-999,97,-999
-69.90111412,43.78906299,-999,98,-999
-69.90111054,43.7890621,-999,99,-999
-69.90110695,43.78906121,-999,100,-999
-69.90110337,43.78906032,-999,101,-999
-69.90109979,43.78905943,-999,102,-999
-69.9010962,43.78905854,-999,103,-999
-69.90109262,43.78905765,-999,104,-999
-69.90108904,43.78905676,-999,105,-999
-69.90108545,43.78905587,-999,106,-999
-69.90108187,43.78905498,-999,107,-999
-69.90107829,43.78905409,-999,108,-999
-69.9010747,43.7890532,-999,109,-999
-69.90107112,43.78905231,-999,110,-999
-69.90106753,43.78905142,-999,111,-999
-69.90106395,43.78905053,-999,112,-999
-69.90106037,43.78904964,-999,113,-999
-69.90105678,43.78904875,-999,114,-999
-69.9010532,43.78904786,-999,115,-999
-69.90104962,43.78904697,-999,116,-999
-69.90104603,43.78904608,-999,117,-999
-69.90104245,43.7890452,-999,118,-999
-69.90103887,43.78904431,-999,119,-999
-69.90103528,43.78904342,-999,120,-999
-69.9010317,43.78904253,-999,121,-999
-69.90102812,43.78904164,-999,122,-999
-69.90102453,43.78904075,-999,123,-999
-69.90102095,43.78903986,-999,124,-999
-69.90101736,43.78903897,-999,125,-999
-69.90101378,43.78903808,-999,126,-999
-69.9010102,43.78903719,-999,127,-999
-69.90100661,43.7890363,-999,128,-999
-69.90100303,43.78903541,-999,129,-999
-69.90099945,43.78903452,-999,130,-999
-69.90099586,43.78903363,-999,131,-999
-69.90099228,43.78903274,-999,132,-999
-69.9009887,43.78903185,-999,133,-999
-69.90098511,43.78903096,-999,134,-999
-69.90098153,43.78903007,-999,135,-999
-69.90097795,43.78902918,-999,136,-999
-69.90097436,43.78902829,-999,137,-999
-69.90097078,43.7890274,-999,138,-999
-69.9009672,43.78902651,-999,139,-999
-69.90096361,43.78902562,-999,140,-999
-69.90096003,43.78902473,-999,141,-999
-69.90095644,43.78902385,-999,142,-999
-69.90095286,43.78902296,-999,143,-999
-69.90094928,43.78902207,-999,144,-999
-69.90094569,43.78902118,-999,145,-999
-69.90094211,43.78902029,-999,146,-999
-69.90093853,43.7890194,-999,147,-999
-69.90093494,43.78901851,-999,148,-999
-69.90093136,43.78901762,-999,149,-999
-69.90092778,43.78901673,-999,150,-999
-69.90092419,43.78901584,-999,151,-999
-69.90092061,43.78901495,-999,152,-999
-69.90091703,43.78901406,-999,153,-999
-69.90091344,43.78901317,-999,154,-999
-69.90090986,43.78901228,-999,155,-999
-69.90090628,43.78901139,-999,156,-999
-69.90090269,43.7890105,-999,157,-999
-69.90089911,43.78900961,-999,158,-999
-69.90089552,43.78900872,-999,159,-999
-69.90089194,43.78900783,-999,160,-999
-69.90088836,43.78900694,-999,161,-999
-69.90088477,43.78900605,-999,162,-999
-69.90088119,43.78900516,-999,163,-999
-69.90087761,43.78900427,-999,164,-999
-69.90087402,43.78900338,-999,165,-999
-69.90087044,43.78900249,-999,166,-999
-69.90086686,43.78900161,-999,167,-999
-69.90086327,43.78900072,-999,168,-999
-69.90085969,43.78899983,-999,169,-999
-69.90085611,43.78899894,-999,170,-999
-69.90085252,43.78899805,-999,171,-999
-69.90084894,43.78899716,-999,172,-999
-69.90084536,43.78899627,-999,173,-999
-69.90084177,43.78899538,-999,174,-999
-69.90083819,43.78899449,-999,175,-999
-69.9008346,43.7889936,-999,176,-999
-69.90083102,43.78899271,-999,177,-999
-69.90082744,43.78899182,-999,178,-999
-69.90082385,43.78899093,-999,179,-999
-69.90082027,43.78899004,-999,180,-999
-69.90081669,43.78898915,-999,181,-999
-69.9008131,43.78898826,-999,182,-999
-69.90080952,43.78898737,-999,183,-999
-69.90080594,43.78898648,-999,184,-999
-69.90080235,43.78898559,-999,185,-999
-69.90079877,43.7889847,-999,186,-999
-69.90079519,43.78898381,-999,187,-999
-69.9007916,43.78898292,-999,188,-999
-69.90078802,43.78898203,-999,189,-999
-69.90078444,43.78898114,-999,190,-999
-69.90078085,43.78898025,-999,191,-999
-69.90077727,43.78897937,-999,192,-999
-69.90077369,43.78897848,-999,193,-999
-69.9007701,43.78897759,-999,194,-999
-69.90076652,43.7889767,-999,195,-999
-69.90076293,43.78897581,-999,196,-999
-69.90075935,43.78897492,-999,197,-999
-69.90075577,43.78897403,-999,198,-999
-69.90075218,43.78897314,-999,199,-999
-69.9007486,43.78897225,-999,200,-999
-69.90074502,43.78897136,-999,201,-999
-69.90074143,43.78897047,-999,202,-999
-69.90073785,43.78896958,-999,203,-999
-69.90073427,43.78896869,-999,204,-999
-69.90073068,43.7889678,-999,205,-999
-69.9007271,43.78896691,-999,206,-999
-69.90072352,43.78896602,-999,207,-999
-69.90071993,43.78896513,-999,208,-999
-69.90071635,43.78896424,-999,209,-999
-69.90071277,43.78896335,-999,210,-999
-69.90070918,43.78896246,-999,211,-999
-69.9007056,43.78896157,-999,212,-999
-69.90070201,43.78896068,-999,213,-999
-69.90069843,43.78895979,-999,214,-999
-69.90069485,43.7889589,-999,215,-999
-69.90069126,43.78895801,-999,216,-999
-69.90068768,43.78895713,-999,217,-999
-69.9006841,43.78895624,-999,218,-999
-69.90068051,43.78895535,-999,219,-999
-69.90067693,43.78895446,-999,220,-999
-69.90067335,43.78895357,-999,221,-999
-69.90066976,43.78895268,-999,222,-999
-69.90066618,43.78895179,-999,223,-999
-69.9006626,43.7889509,-999,224,-999
-69.90065901,43.78895001,-999,225,-999
-69.90065543,43.78894912,-999,226,-999
-69.90065185,43.78894823,-999,227,-999
-69.90064826,43.78894734,-999,228,-999
-69.90064468,43.78894645,-999,229,-999
-69.90064109,43.78894556,-999,230,-999
-69.90063751,43.78894467,-999,231,-999
-69.90063393,43.78894378,-999,232,-999
-69.90063034,43.78894289,-999,233,-999
-69.90062676,43.788942,-999,234,-999
-69.90062318,43.78894111,-999,235,-999
-69.90061959,43.78894022,-999,236,-999
-69.90061601,43.78893933,-999,237,-999
-69.90061243,43.78893844,-999,238,-999
-69.90060884,43.78893755,-999,239,-999
-69.90060526,43.78893666,-999,240,-999
-69.90060168,43.78893577,-999,241,-999
-69.90059809,43.78893489,-999,242,-999
-69.90059451,43.788934,-999,243,-999
-69.90059093,43.78893311,-999,244,-999
-69.90058734,43.78893222,-999,245,-999
-69.90058376,43.78893133,-999,246,-999
-69.90058017,43.78893044,-999,247,-999
-69.90057659,43.78892955,-999,248,-999
-69.90057301,43.78892866,-999,249,-999
-69.90056942,43.78892777,-999,250,-999
-69.90056584,43.78892688,-999,251,-999
-69.90056226,43.78892599,-999,252,-999
-69.90055867,43.7889251,-999,253,-999
-69.90055509,43.78892421,-999,254,-999
-69.90055151,43.78892332,-999,255,-999
-69.90054792,43.78892243,-999,256,-999
-69.90054434,43.78892154,-999,257,-999
-69.90054076,43.78892065,-999,258,-999
-69.90053717,43.78891976,-999,259,-999
-69.90053359,43.78891887,-999,260,-999
-69.90053001,43.78891798,-999,261,-999
-69.90052642,43.78891709,-999,262,-999
-69.90052284,43.7889162,-999,263,-999
-69.90051926,43.78891531,-999,264,-999
-69.90051567,43.78891442,-999,265,-999
-69.90051209,43.78891353,-999,266,-999
-69.9005085,43.78891265,-999,267,-999
-69.90050492,43.78891176,-999,268,-999
-69.90050134,43.78891087,-999,269,-999
-69.90049775,43.78890998,-999,270,-999
-69.90049417,43.78890909,-999,271,-999
-69.90049059,43.7889082,-999,272,-999
-69.900487,43.78890731,-999,273,-999
-69.90048342,43.78890642,-999,274,-999
-69.90047984,43.78890553,-999,275,-999
-69.90047625,43.78890464,-999,276,-999
-69.90047267,43.78890375,-999,277,-999
-69.90046909,43.78890286,-999,278,-999
-69.9004655,43.78890197,-999,279,-999
-69.90046192,43.78890108,-999,280,-999
-69.90045834,43.78890019,-999,281,-999
-69.90045475,43.7888993,-999,282,-999
-69.90045117,43.78889841,-999,283,-999
-69.90044758,43.78889752,-999,284,-999
-69.900444,43.78889663,-999,285,-999
-69.90044042,43.78889574,-999,286,-999
-69.90043683,43.78889485,-999,287,-999
-69.90043325,43.78889396,-999,288,-999
-69.90042967,43.78889307,-999,289,-999
-69.90042608,43.78889218,-999,290,-999
-69.9004225,43.78889129,-999,291,-999
-69.90041892,43.7888904,-999,292,-999
-69.90041533,43.78888952,-999,293,-999
-69.90041175,43.78888863,-999,294,-999
-69.90040817,43.78888774,-999,295,-999
-69.90040458,43.78888685,-999,296,-999
-69.900401,43.78888596,-999,297,-999
-69.90039742,43.78888507,-999,298,-999
-69.90039383,43.78888418,-999,299,-999
-69.90039025,43.78888329,-999,300,-999
-69.90038667,43.7888824,-999,301,-999
-69.90038308,43.78888151,-999,302,-999
-69.9003795,43.78888062,-999,303,-999
-69.90037591,43.78887973,-999,304,-999
-69.90037233,43.78887884,-999,305,-999
-69.90036875,43.78887795,-999,306,-999
-69.90036516,43.78887706,-999,307,-999
-69.90036158,43.78887617,-999,308,-999
-69.900358,43.78887528,-999,309,-999
-69.90035441,43.78887439,-999,310,-999
-69.90035083,43.7888735,-999,311,-999
-69.90034725,43.78887261,-999,312,-999
-69.90034366,43.78887172,-999,313,-999
-69.90034008,43.78887083,-999,314,-999
-69.9003365,43.78886994,-999,315,-999
-69.90033291,43.78886905,-999,316,-999
-69.90032933,43.78886816,-999,317,-999
-69.90032575,43.78886727,-999,318,-999
-69.90032216,43.78886639,-999,319,-999
-69.90031858,43.7888655,-999,320,-999
-69.90031499,43.78886461,-999,321,-999
-69.90031141,43.78886372,-999,322,-999
-69.90030783,43.78886283,-999,323,-999
-69.90030424,43.78886194,-999,324,-999
-69.90030066,43.78886105,-999,325,-999
-69.90029708,43.78886016,-999,326,-999
-69.90029349,43.78885927,-999,327,-999
-69.90028991,43.78885838,-999,328,-999
-69.90028633,43.78885749,-999,329,-999
-69.90028274,43.7888566,-999,330,-999
-69.90027916,43.78885571,-999,331,-999
-69.90027558,43.78885482,-999,332,-999
-69.90027199,43.78885393,-999,333,-999
-69.90026841,43.78885304,-999,334,-999
-69.90026483,43.78885215,-999,335,-999
-69.90026124,43.78885126,-999,336,-999
-69.90025766,43.78885037,-999,337,-999
-69.90025408,43.78884948,-999,338,-999
-69.90025049,43.78884859,-999,339,-999
-69.90024691,43.7888477,-999,340,-999
-69.90024332,43.78884681,-999,341,-999
-69.90023974,43.78884592,-999,342,-999
-69.90023616,43.78884503,-999,343,-999
-69.90023257,43.78884414,-999,344,-999
-69.90022899,43.78884326,-999,345,-999
-69.90022541,43.78884237,-999,346,-999
-69.90022182,43.78884148,-999,347,-999
-69.90021824,43.78884059,-999,348,-999
-69.90021466,43.7888397,-999,349,-999
-69.90021107,43.78883881,-999,350,-999
-69.90020749,43.78883792,-999,351,-999
-69.90020391,43.78883703,-999,352,-999
-69.90020032,43.78883614,-999,353,-999
-69.90019674,43.78883525,-999,354,-999
-69.90019316,43.78883436,-999,355,-999
-69.90018957,43.78883347,-999,356,-999
-69.90018599,43.78883258,-999,357,-999
-69.9001824,43.78883169,-999,358,-999
-69.90017882,43.7888308,-999,359,-999
-69.90017524,43.78882991,-999,360,-999
-69.90017165,43.78882902,-999,361,-999
-69.90016807,43.78882813,-999,362,-999
-69.90016449,43.78882724,-999,363,-999
-69.9001609,43.78882635,-999,364,-999
-69.90015732,43.78882546,-999,365,-999
-69.90015374,43.78882457,-999,366,-999
-69.90015015,43.78882368,-999,367,-999
-69.90014657,43.78882279,-999,368,-999
-69.90014299,43.7888219,-999,369,-999
-69.9001394,43.78882101,-999,370,-999
-69.90013582,43.78882013,-999,371,-999
-69.90013224,43.78881924,-999,372,-999
-69.90012865,43.78881835,-999,373,-999
-69.90012507,43.78881746,-999,374,-999
-69.90012149,43.78881657,-999,375,-999
-69.9001179,43.78881568,-999,376,-999
-69.90011432,43.78881479,-999,377,-999
-69.90011073,43.7888139,-999,378,-999
-69.90010715,43.78881301,-999,379,-999
-69.90010357,43.78881212,-999,380,-999
-69.90009998,43.78881123,-999,381,-999
-69.9000964,43.78881034,-999,382,-999
-69.90009282,43.78880945,-999,383,-999
-69.90008923,43.78880856,-999,384,-999
-69.90008565,43.78880767,-999,385,-999
-69.90008207,43.78880678,-999,386,-999
-69.90007848,43.78880589,-999,387,-999
-69.9000749,43.788805,-999,388,-999
-69.90007132,43.78880411,-999,389,-999
-69.90006773,43.78880322,-999,390,-999
-69.90006415,43.78880233,-999,391,-999
-69.90006057,43.78880144,-999,392,-999
-69.90005698,43.78880055,-999,393,-999
-69.9000534,43.78879966,-999,394,-999
-69.90004982,43.78879877,-999,395,-999
-69.90004623,43.78879788,-999,396,-999
-69.90004265,43.788797,-999,397,-999
-69.90003906,43.78879611,-999,398,-999
-69.90003548,43.78879522,-999,399,-999
-69.9000319,43.78879433,-999,400,-999
-69.90002831,43.78879344,-999,401,-999
-69.90002473,43.78879255,-999,402,-999
-69.90002115,43.78879166,-999,403,-999
-69.90001756,43.78879077,-999,404,-999
-69.90001398,43.78878988,-999,405,-999
-69.9000104,43.78878899,-999,406,-999
-69.90000681,43.7887881,-999,407,-999
-69.90000323,43.78878721,-999,408,-999
-69.89999965,43.78878632,-999,409,-999
-69.89999606,43.78878543,-999,410,-999
-69.89999248,43.78878454,-999,411,-999
-69.8999889,43.78878365,-999,412,-999
-69.89998531,43.78878276,-999,413,-999
-69.89998173,43.78878187,-999,414,-999
-69.89997815,43.78878098,-999,415,-999
-69.89997456,43.78878009,-999,416,-999
-69.89997098,43.7887792,-999,417,-999
-69.89996739,43.78877831,-999,418,-999
-69.89996381,43.78877742,-999,419,-999
-69.89996023,43.78877653,-999,420,-999
-69.89995664,43.78877564,-999,421,-999
-69.89995306,43.78877475,-999,422,-999
-69.89994948,43.78877386,-999,423,-999
-69.89994589,43.78877298,-999,424,-999
-69.89994231,43.78877209,-999,425,-999
-69.89993873,43.7887712,-999,426,-999
-69.89993514,43.78877031,-999,427,-999
-69.89993156,43.78876942,-999,428,-999
-69.89992798,43.78876853,-999,429,-999
-69.89992439,43.78876764,-999,430,-999
-69.89992081,43.78876675,-999,431,-999
-69.89991723,43.78876586,-999,432,-999
-69.89991364,43.78876497,-999,433,-999
-69.89991006,43.78876408,-999,434,-999
-69.89990648,43.78876319,-999,435,-999
-69.89990289,43.7887623,-999,436,-999
-69.89989931,43.78876141,-999,437,-999
-69.89989572,43.78876052,-999,438,-999
-69.89989214,43.78875963,-999,439,-999
-69.89988856,43.78875874,-999,440,-999
-69.89988497,43.78875785,-999,441,-999
-69.89988139,43.78875696,-999,442,-999
-69.89987781,43.78875607,-999,443,-999
-69.89987422,43.78875518,-999,444,-999
-69.89987064,43.78875429,-999,445,-999
-69.89986706,43.7887534,-999,446,-999
-69.89986347,43.78875251,-999,447,-999
-69.89985989,43.78875162,-999,448,-999
-69.89985631,43.78875073,-999,449,-999
-69.89985272,43.78874984,-999,450,-999
-69.89984914,43.78874896,-999,451,-999
-69.89984556,43.78874807,-999,452,-999
-69.89984197,43.78874718,-999,453,-999
-69.89983839,43.78874629,-999,454,-999
-69.89983481,43.7887454,-999,455,-999
-69.89983122,43.78874451,-999,456,-999
-69.89982764,43.78874362,-999,457,-999
-69.89982405,43.78874273,-999,458,-999
-69.89982047,43.78874184,-999,459,-999
-69.89981689,43.78874095,-999,460,-999
-69.8998133,43.78874006,-999,461,-999
-69.89980972,43.78873917,-999,462,-999
-69.89980614,43.78873828,-999,463,-999
-69.89980255,43.78873739,-999,464,-999
-69.89979897,43.7887365,-999,465,-999
-69.89979539,43.78873561,-999,466,-999
-69.8997918,43.78873472,-999,467,-999
-69.89978822,43.78873383,-999,468,-999
-69.89978464,43.78873294,-999,469,-999
-69.89978105,43.78873205,-999,470,-999
-69.89977747,43.78873116,-999,471,-999
-69.89977389,43.78873027,-999,472,-999
-69.8997703,43.78872938,-999,473,-999
-69.89976672,43.78872849,-999,474,-999
-69.89976314,43.7887276,-999,475,-999
-69.89975955,43.78872671,-999,476,-999
-69.89975597,43.78872582,-999,477,-999
-69.89975238,43.78872494,-999,478,-999
-69.8997488,43.78872405,-999,479,-999
-69.89974522,43.78872316,-999,480,-999
-69.89974163,43.78872227,-999,481,-999
-69.89973805,43.78872138,-999,482,-999
-69.89973447,43.78872049,-999,483,-999
-69.89973088,43.7887196,-999,484,-999
-69.8997273,43.78871871,-999,485,-999
-69.89972372,43.78871782,-999,486,-999
-69.89972013,43.78871693,-999,487,-999
-69.89971655,43.78871604,-999,488,-999
-69.89971297,43.78871515,-999,489,-999
-69.89970938,43.78871426,-999,490,-999
-69.8997058,43.78871337,-999,491,-999
-69.89970222,43.78871248,-999,492,-999
-69.89969863,43.78871159,-999,493,-999
-69.89969505,43.7887107,-999,494,-999
-69.89969147,43.78870981,-999,495,-999
-69.89968788,43.78870892,-999,496,-999
-69.8996843,43.78870803,-999,497,-999
-69.89968071,43.78870714,-999,498,-999
-69.89967713,43.78870625,-999,499,-999
-69.89967355,43.78870536,-999,500,-999
-69.89966996,43.78870447,-999,501,-999
-69.89966638,43.78870358,-999,502,-999
-69.8996628,43.78870269,-999,503,-999
-69.89965921,43.7887018,-999,504,-999
-69.89965563,43.78870092,-999,505,-999
-69.89965205,43.78870003,-999,506,-999
-69.89964846,43.78869914,-999,507,-999
-69.89964488,43.78869825,-999,508,-999
-69.8996413,43.78869736,-999,509,-999
-69.89963771,43.78869647,-999,510,-999
-69.89963413,43.78869558,-999,511,-999
-69.89963055,43.78869469,-999,512,-999
-69.89962696,43.7886938,-999,513,-999
-69.89962338,43.78869291,-999,514,-999
-69.8996198,43.78869202,-999,515,-999
-69.89961621,43.78869113,-999,516,-999
-69.89961263,43.78869024,-999,517,-999
-69.89960905,43.78868935,-999,518,-999
-69.89960546,43.78868846,-999,519,-999
-69.89960188,43.78868757,-999,520,-999
-69.89959829,43.78868668,-999,521,-999
-69.89959471,43.78868579,-999,522,-999
-69.89959113,43.7886849,-999,523,-999
-69.89958754,43.78868401,-999,524,-999
-69.89958396,43.78868312,-999,525,-999
-69.89958038,43.78868223,-999,526,-999
-69.89957679,43.78868134,-999,527,-999
-69.89957321,43.78868045,-999,528,-999
-69.89956963,43.78867956,-999,529,-999
-69.89956604,43.78867867,-999,530,-999
-69.89956246,43.78867778,-999,531,-999
-69.89955888,43.78867689,-999,532,-999
-69.89955529,43.78867601,-999,533,-999
-69.89955171,43.78867512,-999,534,-999
-69.89954813,43.78867423,-999,535,-999
-69.89954454,43.78867334,-999,536,-999
-69.89954096,43.78867245,-999,537,-999
-69.89953738,43.78867156,-999,538,-999
-69.89953379,43.78867067,-999,539,-999
-69.89953021,43.78866978,-999,540,-999
-69.89952662,43.78866889,-999,541,-999
-69.89952304,43.788668,-999,542,-999
-69.89951946,43.78866711,-999,543,-999
-69.89951587,43.78866622,-999,544,-999
-69.89951229,43.78866533,-999,545,-999
-69.89950871,43.78866444,-999,546,-999
-69.89950512,43.78866355,-999,547,-999
-69.89950154,43.78866266,-999,548,-999
-69.89949796,43.78866177,-999,549,-999
-69.89949437,43.78866088,-999,550,-999
-69.89949079,43.78865999,-999,551,-999
-69.89948721,43.7886591,-999,552,-999
-69.89948362,43.78865821,-999,553,-999
-69.89948004,43.78865732,-999,554,-999
-69.89947646,43.78865643,-999,555,-999
-69.89947287,43.78865554,-999,556,-999
-69.89946929,43.78865465,-999,557,-999
-69.89946571,43.78865376,-999,558,-999
-69.89946212,43.78865287,-999,559,-999
-69.89945854,43.78865198,-999,560,-999
-69.89945496,43.7886511,-999,561,-999
-69.89945137,43.78865021,-999,562,-999
-69.89944779,43.78864932,-999,563,-999
-69.8994442,43.78864843,-999,564,-999
-69.89944062,43.78864754,-999,565,-999
-69.89943704,43.78864665,-999,566,-999
-69.89943345,43.78864576,-999,567,-999
-69.89942987,43.78864487,-999,568,-999
-69.89942629,43.78864398,-999,569,-999
-69.8994227,43.78864309,-999,570,-999
-69.89941912,43.7886422,-999,571,-999
-69.89941554,43.78864131,-999,572,-999
-69.89941195,43.78864042,-999,573,-999
-69.89940837,43.78863953,-999,574,-999
-69.89940479,43.78863864,-999,575,-999
-69.8994012,43.78863775,-999,576,-999
-69.89939762,43.78863686,-999,577,-999
-69.89939404,43.78863597,-999,578,-999
-69.89939045,43.78863508,-999,579,-999
-69.89938687,43.78863419,-999,580,-999
-69.89938329,43.7886333,-999,581,-999
-69.8993797,43.78863241,-999,582,-999
-69.89937612,43.78863152,-999,583,-999
-69.89937253,43.78863063,-999,584,-999
-69.89936895,43.78862974,-999,585,-999
-69.89936537,43.78862885,-999,586,-999
-69.89936178,43.78862796,-999,587,-999
-69.8993582,43.78862707,-999,588,-999
-69.89935462,43.78862619,-999,589,-999
-69.89935103,43.7886253,-999,590,-999
-69.89934745,43.78862441,-999,591,-999
-69.89934387,43.78862352,-999,592,-999
-69.89934028,43.78862263,-999,593,-999
-69.8993367,43.78862174,-999,594,-999
-69.89933312,43.78862085,-999,595,-999
-69.89932953,43.78861996,-999,596,-999
-69.89932595,43.78861907,-999,597,-999
-69.89932237,43.78861818,-999,598,-999
-69.89931878,43.78861729,-999,599,-999
-69.8993152,43.7886164,-999,600,-999
-69.89931162,43.78861551,-999,601,-999
-69.89930803,43.78861462,-999,602,-999
-69.89930445,43.78861373,-999,603,-999
-69.89930087,43.78861284,-999,604,-999
-69.89929728,43.78861195,-999,605,-999
-69.8992937,43.78861106,-999,606,-999
-69.89929011,43.78861017,-999,607,-999
-69.89928653,43.78860928,-999,608,-999
-69.89928295,43.78860839,-999,609,-999
-69.89927936,43.7886075,-999,610,-999
-69.89927578,43.78860661,-999,611,-999
-69.8992722,43.78860572,-999,612,-999
-69.89926861,43.78860483,-999,613,-999
-69.89926503,43.78860394,-999,614,-999
-69.89926145,43.78860305,-999,615,-999
-69.89925786,43.78860216,-999,616,-999
-69.89925428,43.78860128,-999,617,-999
-69.8992507,43.78860039,-999,618,-999
-69.89924711,43.7885995,-999,619,-999
-69.89924353,43.78859861,-999,620,-999
-69.89923995,43.78859772,-999,621,-999
-69.89923636,43.78859683,-999,622,-999
-69.89923278,43.78859594,-999,623,-999
-69.8992292,43.78859505,-999,624,-999
-69.89922561,43.78859416,-999,625,-999
-69.89922203,43.78859327,-999,626,-999
-69.89921845,43.78859238,-999,627,-999
-69.89921486,43.78859149,-999,628,-999
-69.89921128,43.7885906,-999,629,-999
-69.89920769,43.78858971,-999,630,-999
-69.89920411,43.78858882,-999,631,-999
-69.89920053,43.78858793,-999,632,-999
-69.89919694,43.78858704,-999,633,-999
-69.89919336,43.78858615,-999,634,-999
-69.89918978,43.78858526,-999,635,-999
-69.89918619,43.78858437,-999,636,-999
-69.89918261,43.78858348,-999,637,-999
-69.89917903,43.78858259,-999,638,-999
-69.89917544,43.7885817,-999,639,-999
-69.89917186,43.78858081,-999,640,-999
-69.89916828,43.78857992,-999,641,-999
-69.89916469,43.78857903,-999,642,-999
-69.89916111,43.78857814,-999,643,-999
-69.89915753,43.78857725,-999,644,-999
-69.89915394,43.78857637,-999,645,-999
-69.89915036,43.78857548,-999,646,-999
-69.89914678,43.78857459,-999,647,-999
-69.89914319,43.7885737,-999,648,-999
-69.89913961,43.78857281,-999,649,-999
-69.89913603,43.78857192,-999,650,-999
-69.89913244,43.78857103,-999,651,-999
-69.89912886,43.78857014,-999,652,-999
-69.89912527,43.78856925,-999,653,-999
-69.89912169,43.78856836,-999,654,-999
-69.89911811,43.78856747,-999,655,-999
-69.89911452,43.78856658,-999,656,-999
-69.89911094,43.78856569,-999,657,-999
-69.89910736,43.7885648,-999,658,-999
-69.89910377,43.78856391,-999,659,-999
-69.89910019,43.78856302,-999,660,-999
-69.89909661,43.78856213,-999,661,-999
-69.89909302,43.78856124,-999,662,-999
-69.89908944,43.78856035,-999,663,-999
-69.89908586,43.78855946,-999,664,-999
-69.89908227,43.78855857,-999,665,-999
-69.89907869,43.78855768,-999,666,-999
-69.89907511,43.78855679,-999,667,-999
-69.89907152,43.7885559,-999,668,-999
-69.89906794,43.78855501,-999,669,-999
-69.89906436,43.78855412,-999,670,-999
-69.89906077,43.78855323,-999,671,-999
-69.89905719,43.78855234,-999,672,-999
-69.89905361,43.78855145,-999,673,-999
-69.89905002,43.78855057,-999,674,-999
-69.89904644,43.78854968,-999,675,-999
-69.89904285,43.78854879,-999,676,-999
-69.89903927,43.7885479,-999,677,-999
-69.89903569,43.78854701,-999,678,-999
-69.8990321,43.78854612,-999,679,-999
-69.89902852,43.78854523,-999,680,-999
-69.89902494,43.78854434,-999,681,-999
-69.89902135,43.78854345,-999,682,-999
-69.89901777,43.78854256,-999,683,-999
-69.89901419,43.78854167,-999,684,-999
-69.8990106,43.78854078,-999,685,-999
-69.89900702,43.78853989,-999,686,-999
-69.89900344,43.788539,-999,687,-999
-69.89899985,43.78853811,-999,688,-999
-69.89899627,43.78853722,-999,689,-999
-69.89899269,43.78853633,-999,690,-999
-69.8989891,43.78853544,-999,691,-999
-69.89898552,43.78853455,-999,692,-999
-69.89898194,43.78853366,-999,693,-999
-69.89897835,43.78853277,-999,694,-999
-69.89897477,43.78853188,-999,695,-999
-69.89897119,43.78853099,-999,696,-999
-69.8989676,43.7885301,-999,697,-999
-69.89896402,43.78852921,-999,698,-999
-69.89896043,43.78852832,-999,699,-999
-69.89895685,43.78852743,-999,700,-999
-69.89895327,43.78852654,-999,701,-999
-69.89894968,43.78852565,-999,702,-999
-69.8989461,43.78852477,-999,703,-999
-69.89894252,43.78852388,-999,704,-999
-69.89893893,43.78852299,-999,705,-999
-69.89893535,43.7885221,-999,706,-999
-69.89893177,43.78852121,-999,707,-999
-69.89892818,43.78852032,-999,708,-999
-69.8989246,43.78851943,-999,709,-999
-69.89892102,43.78851854,-999,710,-999
-69.89891743,43.78851765,-999,711,-999
-69.89891385,43.78851676,-999,712,-999
-69.89891027,43.78851587,-999,713,-999
-69.89890668,43.78851498,-999,714,-999
-69.8989031,43.78851409,-999,715,-999
-69.89889952,43.7885132,-999,716,-999
-69.89889593,43.78851231,-999,717,-999
-69.89889235,43.78851142,-999,718,-999
-69.89888877,43.78851053,-999,719,-999
-69.89888518,43.78850964,-999,720,-999
-69.8988816,43.78850875,-999,721,-999
-69.89887802,43.78850786,-999,722,-999
-69.89887443,43.78850697,-999,723,-999
-69.89887085,43.78850608,-999,724,-999
-69.89886726,43.78850519,-999,725,-999
-69.89886368,43.7885043,-999,726,-999
-69.8988601,43.78850341,-999,727,-999
-69.89885651,43.78850252,-999,728,-999
-69.89885293,43.78850163,-999,729,-999
-69.89884935,43.78850074,-999,730,-999
-69.89884576,43.78849985,-999,731,-999
-69.89884218,43.78849896,-999,732,-999
-69.8988386,43.78849808,-999,733,-999
-69.89883501,43.78849719,-999,734,-999
-69.89883143,43.7884963,-999,735,-999
-69.89882785,43.78849541,-999,736,-999
-69.89882426,43.78849452,-999,737,-999
-69.89882068,43.78849363,-999,738,-999
-69.8988171,43.78849274,-999,739,-999
-69.89881351,43.78849185,-999,740,-999
-69.89880993,43.78849096,-999,741,-999
-69.89880635,43.78849007,-999,742,-999
-69.89880276,43.78848918,-999,743,-999
-69.89879918,43.78848829,-999,744,-999
-69.8987956,43.7884874,-999,745,-999
-69.89879201,43.78848651,-999,746,-999
-69.89878843,43.78848562,-999,747,-999
-69.89878484,43.78848473,-999,748,-999
-69.89878126,43.78848384,-999,749,-999
-69.89877768,43.78848295,-999,750,-999
-69.89877409,43.78848206,-999,751,-999
-69.89877051,43.78848117,-999,752,-999
-69.89876693,43.78848028,-999,753,-999
-69.89876334,43.78847939,-999,754,-999
-69.89875976,43.7884785,-999,755,-999
-69.89875618,43.78847761,-999,756,-999
-69.89875259,43.78847672,-999,757,-999
-69.89874901,43.78847583,-999,758,-999
-69.89874543,43.78847494,-999,759,-999
-69.89874184,43.78847405,-999,760,-999
-69.89873826,43.78847316,-999,761,-999
-69.89873468,43.78847228,-999,762,-999
-69.89873109,43.78847139,-999,763,-999
-69.89872751,43.7884705,-999,764,-999
-69.89872393,43.78846961,-999,765,-999
-69.89872034,43.78846872,-999,766,-999
-69.89871676,43.78846783,-999,767,-999
-69.89871318,43.78846694,-999,768,-999
-69.89870959,43.78846605,-999,769,-999
-69.89870601,43.78846516,-999,770,-999
-69.89870243,43.78846427,-999,771,-999
-69.89869884,43.78846338,-999,772,-999
-69.89869526,43.78846249,-999,773,-999
-69.89869167,43.7884616,-999,774,-999
-69.89868809,43.78846071,-999,775,-999
-69.89868451,43.78845982,-999,776,-999
-69.89868092,43.78845893,-999,777,-999
-69.89867734,43.78845804,-999,778,-999
-69.89867376,43.78845715,-999,779,-999
-69.89867017,43.78845626,-999,780,-999
-69.89866659,43.78845537,-999,781,-999
-69.89866301,43.78845448,-999,782,-999
-69.89865942,43.78845359,-999,783,-999
-69.89865584,43.7884527,-999,784,-999
-69.89865226,43.78845181,-999,785,-999
-69.89864867,43.78845092,-999,786,-999
-69.89864509,43.78845003,-999,787,-999
-69.89864151,43.78844914,-999,788,-999
-69.89863792,43.78844825,-999,789,-999
-69.89863434,43.78844736,-999,790,-999
-69.89863076,43.78844647,-999,791,-999
-69.89862717,43.78844559,-999,792,-999
-69.89862359,43.7884447,-999,793,-999
-69.89862001,43.78844381,-999,794,-999
-69.89861642,43.78844292,-999,795,-999
-69.89861284,43.78844203,-999,796,-999
-69.89860926,43.78844114,-999,797,-999
-69.89860567,43.78844025,-999,798,-999
-69.89860209,43.78843936,-999,799,-999
-69.8985985,43.78843847,-999,800,-999
-69.89859492,43.78843758,-999,801,-999
-69.89859134,43.78843669,-999,802,-999
-69.89858775,43.7884358,-999,803,-999
-69.89858417,43.78843491,-999,804,-999
-69.89858059,43.78843402,-999,805,-999
-69.898577,43.78843313,-999,806,-999
-69.89857342,43.78843224,-999,807,-999
-69.89856984,43.78843135,-999,808,-999
-69.89856625,43.78843046,-999,809,-999
-69.89856267,43.78842957,-999,810,-999
-69.89855909,43.78842868,-999,811,-999
-69.8985555,43.78842779,-3.89763792,812,2006FEMA
-69.89855192,43.7884269,-3.89763792,813,2006FEMA
-69.89854834,43.78842601,-3.89763792,814,2006FEMA
-69.89854475,43.78842512,-3.89763792,815,2006FEMA
-69.89854117,43.78842423,-3.89763792,816,2006FEMA
-69.89853759,43.78842334,-3.89763792,817,2006FEMA
-69.898534,43.78842245,-3.89763792,818,2006FEMA
-69.89853042,43.78842156,-3.89763792,819,2006FEMA
-69.89852684,43.78842067,-3.89763792,820,2006FEMA
-69.89852325,43.78841978,-3.89763792,821,2006FEMA
-69.89851967,43.7884189,-3.89763792,822,2006FEMA
-69.89851609,43.78841801,-3.89763792,823,2006FEMA
-69.8985125,43.78841712,-3.89763792,824,2006FEMA
-69.89850892,43.78841623,-3.89763792,825,2006FEMA
-69.89850533,43.78841534,-3.89763792,826,2006FEMA
-69.89850175,43.78841445,-3.89763792,827,2006FEMA
-69.89849817,43.78841356,-3.89763792,828,2006FEMA
-69.89849458,43.78841267,-3.89763792,829,2006FEMA
-69.898491,43.78841178,-3.89763792,830,2006FEMA
-69.89848742,43.78841089,-3.89763792,831,2006FEMA
-69.89848383,43.78841,-3.89763792,832,2006FEMA
-69.89848025,43.78840911,-3.89763792,833,2006FEMA
-69.89847667,43.78840822,-3.89763792,834,2006FEMA
-69.89847308,43.78840733,-3.89763792,835,2006FEMA
-69.8984695,43.78840644,-3.89763792,836,2006FEMA
-69.89846592,43.78840555,-3.89763792,837,2006FEMA
-69.89846233,43.78840466,-3.89763792,838,2006FEMA
-69.89845875,43.78840377,-3.89763792,839,2006FEMA
-69.89845517,43.78840288,-3.89763792,840,2006FEMA
-69.89845158,43.78840199,-3.89763792,841,2006FEMA
-69.898448,43.7884011,-3.89763792,842,2006FEMA
-69.89844442,43.78840021,-3.89763792,843,2006FEMA
-69.89844083,43.78839932,-3.89763792,844,2006FEMA
-69.89843725,43.78839843,-3.89763792,845,2006FEMA
-69.89843367,43.78839754,-3.89763792,846,2006FEMA
-69.89843008,43.78839665,-3.89763792,847,2006FEMA
-69.8984265,43.78839576,-3.89763792,848,2006FEMA
-69.89842292,43.78839487,-3.89763792,849,2006FEMA
-69.89841933,43.78839398,-3.89763792,850,2006FEMA
-69.89841575,43.78839309,-3.89763792,851,2006FEMA
-69.89841217,43.7883922,-3.89763792,852,2006FEMA
-69.89840858,43.78839132,-3.89763792,853,2006FEMA
-69.898405,43.78839043,-3.89763792,854,2006FEMA
-69.89840141,43.78838954,-3.89763792,855,2006FEMA
-69.89839783,43.78838865,-3.89763792,856,2006FEMA
-69.89839425,43.78838776,-3.89763792,857,2006FEMA
-69.89839066,43.78838687,-999,858,-999
-69.89838708,43.78838598,-999,859,-999
-69.8983835,43.78838509,-999,860,-999
-69.89837991,43.7883842,-999,861,-999
-69.89837633,43.78838331,-999,862,-999
-69.89837275,43.78838242,-999,863,-999
-69.89836916,43.78838153,-999,864,-999
-69.89836558,43.78838064,-999,865,-999
-69.898362,43.78837975,-999,866,-999
-69.89835841,43.78837886,-999,867,-999
-69.89835483,43.78837797,-999,868,-999
-69.89835125,43.78837708,-999,869,-999
-69.89834766,43.78837619,-999,870,-999
-69.89834408,43.7883753,-999,871,-999
-69.8983405,43.78837441,-999,872,-999
-69.89833691,43.78837352,-999,873,-999
-69.89833333,43.78837263,-999,874,-999
-69.89832975,43.78837174,-999,875,-999
-69.89832616,43.78837085,-999,876,-999
-69.89832258,43.78836996,-999,877,-999
-69.898319,43.78836907,-999,878,-999
-69.89831541,43.78836818,-999,879,-999
-69.89831183,43.78836729,-999,880,-999
-69.89830824,43.7883664,-999,881,-999
-69.89830466,43.78836551,-999,882,-999
-69.89830108,43.78836462,-999,883,-999
-69.89829749,43.78836374,-999,884,-999
-69.89829391,43.78836285,-999,885,-999
-69.89829033,43.78836196,-999,886,-999
-69.89828674,43.78836107,-999,887,-999
-69.89828316,43.78836018,-999,888,-999
-69.89827958,43.78835929,-999,889,-999
-69.89827599,43.7883584,-999,890,-999
-69.89827241,43.78835751,-999,891,-999
-69.89826883,43.78835662,-999,892,-999
-69.89826524,43.78835573,-999,893,-999
-69.89826166,43.78835484,-999,894,-999
-69.89825808,43.78835395,-999,895,-999
-69.89825449,43.78835306,-4.12729672,896,2006FEMA
-69.89825091,43.78835217,-4.12729672,897,2006FEMA
-69.89824733,43.78835128,-4.12729672,898,2006FEMA
-69.89824374,43.78835039,-4.12729672,899,2006FEMA
-69.89824016,43.7883495,-4.12729672,900,2006FEMA
-69.89823658,43.78834861,-4.12729672,901,2006FEMA
-69.89823299,43.78834772,-4.12729672,902,2006FEMA
-69.89822941,43.78834683,-4.12729672,903,2006FEMA
-69.89822583,43.78834594,-4.12729672,904,2006FEMA
-69.89822224,43.78834505,-4.12729672,905,2006FEMA
-69.89821866,43.78834416,-4.12729672,906,2006FEMA
-69.89821508,43.78834327,-4.12729672,907,2006FEMA
-69.89821149,43.78834238,-4.12729672,908,2006FEMA
-69.89820791,43.78834149,-4.12729672,909,2006FEMA
-69.89820432,43.7883406,-4.12729672,910,2006FEMA
-69.89820074,43.78833971,-4.12729672,911,2006FEMA
-69.89819716,43.78833882,-4.12729672,912,2006FEMA
-69.89819357,43.78833793,-4.12729672,913,2006FEMA
-69.89818999,43.78833704,-4.12729672,914,2006FEMA
-69.89818641,43.78833616,-4.12729672,915,2006FEMA
-69.89818282,43.78833527,-4.22244108,916,2006FEMA
-69.89817924,43.78833438,-4.22244108,917,2006FEMA
-69.89817566,43.78833349,-4.22244108,918,2006FEMA
-69.89817207,43.7883326,-4.22244108,919,2006FEMA
-69.89816849,43.78833171,-4.22244108,920,2006FEMA
-69.89816491,43.78833082,-4.22244108,921,2006FEMA
-69.89816132,43.78832993,-4.22244108,922,2006FEMA
-69.89815774,43.78832904,-4.22244108,923,2006FEMA
-69.89815416,43.78832815,-4.22244108,924,2006FEMA
-69.89815057,43.78832726,-4.22244108,925,2006FEMA
-69.89814699,43.78832637,-4.22244108,926,2006FEMA
-69.89814341,43.78832548,-4.22244108,927,2006FEMA
-69.89813982,43.78832459,-4.22244108,928,2006FEMA
-69.89813624,43.7883237,-4.22244108,929,2006FEMA
-69.89813266,43.78832281,-4.22244108,930,2006FEMA
-69.89812907,43.78832192,-4.22244108,931,2006FEMA
-69.89812549,43.78832103,-4.22244108,932,2006FEMA
-69.89812191,43.78832014,-4.22244108,933,2006FEMA
-69.89811832,43.78831925,-3.89763792,934,2006FEMA
-69.89811474,43.78831836,-3.89763792,935,2006FEMA
-69.89811116,43.78831747,-3.89763792,936,2006FEMA
-69.89810757,43.78831658,-3.89763792,937,2006FEMA
-69.89810399,43.78831569,-3.89763792,938,2006FEMA
-69.8981004,43.7883148,-3.89763792,939,2006FEMA
-69.89809682,43.78831391,-3.89763792,940,2006FEMA
-69.89809324,43.78831302,-3.89763792,941,2006FEMA
-69.89808965,43.78831213,-3.89763792,942,2006FEMA
-69.89808607,43.78831124,-3.89763792,943,2006FEMA
-69.89808249,43.78831035,-3.89763792,944,2006FEMA
-69.8980789,43.78830946,-3.89763792,945,2006FEMA
-69.89807532,43.78830857,-4.15682428,946,2006FEMA
-69.89807174,43.78830769,-4.15682428,947,2006FEMA
-69.89806815,43.7883068,-4.15682428,948,2006FEMA
-69.89806457,43.78830591,-4.15682428,949,2006FEMA
-69.89806099,43.78830502,-4.15682428,950,2006FEMA
-69.8980574,43.78830413,-4.15682428,951,2006FEMA
-69.89805382,43.78830324,-4.15682428,952,2006FEMA
-69.89805024,43.78830235,-4.15682428,953,2006FEMA
-69.89804665,43.78830146,-4.15682428,954,2006FEMA
-69.89804307,43.78830057,-4.15682428,955,2006FEMA
-69.89803949,43.78829968,-4.15682428,956,2006FEMA
-69.8980359,43.78829879,-4.15682428,957,2006FEMA
-69.89803232,43.7882979,-4.15682428,958,2006FEMA
-69.89802874,43.78829701,-4.15682428,959,2006FEMA
-69.89802515,43.78829612,-4.15682428,960,2006FEMA
-69.89802157,43.78829523,-4.15682428,961,2006FEMA
-69.89801799,43.78829434,-4.09120748,962,2006FEMA
-69.8980144,43.78829345,-4.09120748,963,2006FEMA
-69.89801082,43.78829256,-4.09120748,964,2006FEMA
-69.89800724,43.78829167,-4.09120748,965,2006FEMA
-69.89800365,43.78829078,-4.09120748,966,2006FEMA
-69.89800007,43.78828989,-4.09120748,967,2006FEMA
-69.89799648,43.788289,-4.09120748,968,2006FEMA
-69.8979929,43.78828811,-4.09120748,969,2006FEMA
-69.89798932,43.78828722,-4.09120748,970,2006FEMA
-69.89798573,43.78828633,-4.09120748,971,2006FEMA
-69.89798215,43.78828544,-4.09120748,972,2006FEMA
-69.89797857,43.78828455,-4.09120748,973,2006FEMA
-69.89797498,43.78828366,-4.25853032,974,2006FEMA
-69.8979714,43.78828277,-4.25853032,975,2006FEMA
-69.89796782,43.78828188,-4.25853032,976,2006FEMA
-69.89796423,43.78828099,-4.25853032,977,2006FEMA
-69.89796065,43.7882801,-4.25853032,978,2006FEMA
-69.89795707,43.78827922,-4.25853032,979,2006FEMA
-69.89795348,43.78827833,-4.25853032,980,2006FEMA
-69.8979499,43.78827744,-4.25853032,981,2006FEMA
-69.89794632,43.78827655,-4.25853032,982,2006FEMA
-69.89794273,43.78827566,-4.25853032,983,2006FEMA
-69.89793915,43.78827477,-4.25853032,984,2006FEMA
-69.89793557,43.78827388,-4.25853032,985,2006FEMA
-69.89793198,43.78827299,-4.25853032,986,2006FEMA
-69.8979284,43.7882721,-4.25853032,987,2006FEMA
-69.89792482,43.78827121,-4.25853032,988,2006FEMA
-69.89792123,43.78827032,-4.35695552,989,2006FEMA
-69.89791765,43.78826943,-4.35695552,990,2006FEMA
-69.89791407,43.78826854,-4.35695552,991,2006FEMA
-69.89791048,43.78826765,-4.35695552,992,2006FEMA
-69.8979069,43.78826676,-4.35695552,993,2006FEMA
-69.89790332,43.78826587,-4.35695552,994,2006FEMA
-69.89789973,43.78826498,-4.35695552,995,2006FEMA
-69.89789615,43.78826409,-3.99606312,996,2006FEMA
-69.89789257,43.7882632,-3.99606312,997,2006FEMA
-69.89788898,43.78826231,-3.99606312,998,2006FEMA
-69.8978854,43.78826142,-3.99606312,999,2006FEMA
-69.89788181,43.78826053,-3.99606312,1000,2006FEMA
-69.89787823,43.78825964,-3.99606312,1001,2006FEMA
-69.89787465,43.78825875,-3.99606312,1002,2006FEMA
-69.89787106,43.78825786,-3.99606312,1003,2006FEMA
-69.89786748,43.78825697,-3.99606312,1004,2006FEMA
-69.8978639,43.78825608,-3.99606312,1005,2006FEMA
-69.89786031,43.78825519,-3.99606312,1006,2006FEMA
-69.89785673,43.7882543,-3.99606312,1007,2006FEMA
-69.89785315,43.78825341,-3.99606312,1008,2006FEMA
-69.89784956,43.78825252,-3.99606312,1009,2006FEMA
-69.89784598,43.78825163,-3.99606312,1010,2006FEMA
-69.8978424,43.78825075,-3.99606312,1011,2006FEMA
-69.89783881,43.78824986,-2.28674548,1012,2006FEMA
-69.89783523,43.78824897,-2.28674548,1013,2006FEMA
-69.89783165,43.78824808,-2.28674548,1014,2006FEMA
-69.89782806,43.78824719,-2.28674548,1015,2006FEMA
-69.89782448,43.7882463,-2.28674548,1016,2006FEMA
-69.8978209,43.78824541,-2.28674548,1017,2006FEMA
-69.89781731,43.78824452,-2.28674548,1018,2006FEMA
-69.89781373,43.78824363,-2.28674548,1019,2006FEMA
-69.89781015,43.78824274,-2.28674548,1020,2006FEMA
-69.89780656,43.78824185,-2.28674548,1021,2006FEMA
-69.89780298,43.78824096,-2.28674548,1022,2006FEMA
-69.8977994,43.78824007,-2.28674548,1023,2006FEMA
-69.89779581,43.78823918,-2.28674548,1024,2006FEMA
-69.89779223,43.78823829,-2.28674548,1025,2006FEMA
-69.89778865,43.7882374,-2.28674548,1026,2006FEMA
-69.89778506,43.78823651,-2.28674548,1027,2006FEMA
-69.89778148,43.78823562,-2.28674548,1028,2006FEMA
-69.8977779,43.78823473,-2.28674548,1029,2006FEMA
-69.89777431,43.78823384,-2.28674548,1030,2006FEMA
-69.89777073,43.78823295,-2.28674548,1031,2006FEMA
-69.89776714,43.78823206,-2.28674548,1032,2006FEMA
-69.89776356,43.78823117,-2.28674548,1033,2006FEMA
-69.89775998,43.78823028,-2.28674548,1034,2006FEMA
-69.89775639,43.78822939,-2.28674548,1035,2006FEMA
-69.89775281,43.7882285,-3.60236232,1036,2006FEMA
-69.89774923,43.78822761,-3.60236232,1037,2006FEMA
-69.89774564,43.78822672,-3.60236232,1038,2006FEMA
-69.89774206,43.78822583,-3.60236232,1039,2006FEMA
-69.89773848,43.78822494,-3.60236232,1040,2006FEMA
-69.89773489,43.78822405,-3.60236232,1041,2006FEMA
-69.89773131,43.78822316,-3.60236232,1042,2006FEMA
-69.89772773,43.78822227,-3.60236232,1043,2006FEMA
-69.89772414,43.78822139,-3.60236232,1044,2006FEMA
-69.89772056,43.7882205,-3.60236232,1045,2006FEMA
-69.89771698,43.78821961,-3.60236232,1046,2006FEMA
-69.89771339,43.78821872,-3.60236232,1047,2006FEMA
-69.89770981,43.78821783,-3.54002636,1048,2006FEMA
-69.89770623,43.78821694,-3.54002636,1049,2006FEMA
-69.89770264,43.78821605,-3.54002636,1050,2006FEMA
-69.89769906,43.78821516,-3.54002636,1051,2006FEMA
-69.89769548,43.78821427,-3.54002636,1052,2006FEMA
-69.89769189,43.78821338,-3.54002636,1053,2006FEMA
-69.89768831,43.78821249,-3.54002636,1054,2006FEMA
-69.89768473,43.7882116,-3.54002636,1055,2006FEMA
-69.89768114,43.78821071,-3.54002636,1056,2006FEMA
-69.89767756,43.78820982,-4.29461956,1057,2006FEMA
-69.89767398,43.78820893,-4.29461956,1058,2006FEMA
-69.89767039,43.78820804,-4.29461956,1059,2006FEMA
-69.89766681,43.78820715,-4.29461956,1060,2006FEMA
-69.89766323,43.78820626,-4.29461956,1061,2006FEMA
-69.89765964,43.78820537,-4.29461956,1062,2006FEMA
-69.89765606,43.78820448,-4.29461956,1063,2006FEMA
-69.89765247,43.78820359,-4.29461956,1064,2006FEMA
-69.89764889,43.7882027,-3.8713912,1065,2006FEMA
-69.89764531,43.78820181,-3.8713912,1066,2006FEMA
-69.89764172,43.78820092,-3.8713912,1067,2006FEMA
-69.89763814,43.78820003,-3.8713912,1068,2006FEMA
-69.89763456,43.78819914,-3.8713912,1069,2006FEMA
-69.89763097,43.78819825,-3.8713912,1070,2006FEMA
-69.89762739,43.78819736,-3.8713912,1071,2006FEMA
-69.89762381,43.78819647,-3.8713912,1072,2006FEMA
-69.89762022,43.78819558,-3.8713912,1073,2006FEMA
-69.89761664,43.78819469,-3.8713912,1074,2006FEMA
-69.89761306,43.7881938,-3.8713912,1075,2006FEMA
-69.89760947,43.78819291,-3.8713912,1076,2006FEMA
-69.89760589,43.78819203,-3.8713912,1077,2006FEMA
-69.89760231,43.78819114,-3.8713912,1078,2006FEMA
-69.89759872,43.78819025,-3.8713912,1079,2006FEMA
-69.89759514,43.78818936,-3.8713912,1080,2006FEMA
-69.89759156,43.78818847,-3.8713912,1081,2006FEMA
-69.89758797,43.78818758,-4.1666668,1082,2006FEMA
-69.89758439,43.78818669,-4.1666668,1083,2006FEMA
-69.89758081,43.7881858,-4.1666668,1084,2006FEMA
-69.89757722,43.78818491,-4.1666668,1085,2006FEMA
-69.89757364,43.78818402,-4.1666668,1086,2006FEMA
-69.89757006,43.78818313,-4.1666668,1087,2006FEMA
-69.89756647,43.78818224,-4.1666668,1088,2006FEMA
-69.89756289,43.78818135,-4.1666668,1089,2006FEMA
-69.89755931,43.78818046,-4.1666668,1090,2006FEMA
-69.89755572,43.78817957,-4.1666668,1091,2006FEMA
-69.89755214,43.78817868,-4.1666668,1092,2006FEMA
-69.89754856,43.78817779,-999,1093,-999
-69.89754497,43.7881769,-999,1094,-999
-69.89754139,43.78817601,-999,1095,-999
-69.8975378,43.78817512,-999,1096,-999
-69.89753422,43.78817423,-999,1097,-999
-69.89753064,43.78817334,-999,1098,-999
-69.89752705,43.78817245,-999,1099,-999
-69.89752347,43.78817156,-999,1100,-999
-69.89751989,43.78817067,-999,1101,-999
-69.8975163,43.78816978,-999,1102,-999
-69.89751272,43.78816889,-999,1103,-999
-69.89750914,43.788168,-999,1104,-999
-69.89750555,43.78816711,-999,1105,-999
-69.89750197,43.78816622,-999,1106,-999
-69.89749839,43.78816533,-999,1107,-999
-69.8974948,43.78816444,-999,1108,-999
-69.89749122,43.78816355,-999,1109,-999
-69.89748764,43.78816267,-999,1110,-999
-69.89748405,43.78816178,-999,1111,-999
-69.89748047,43.78816089,-999,1112,-999
-69.89747689,43.78816,-999,1113,-999
-69.8974733,43.78815911,-999,1114,-999
-69.89746972,43.78815822,-999,1115,-999
-69.89746614,43.78815733,-999,1116,-999
-69.89746255,43.78815644,-999,1117,-999
-69.89745897,43.78815555,-999,1118,-999
-69.89745539,43.78815466,-999,1119,-999
-69.8974518,43.78815377,-999,1120,-999
-69.89744822,43.78815288,-999,1121,-999
-69.89744464,43.78815199,-999,1122,-999
-69.89744105,43.7881511,-999,1123,-999
-69.89743747,43.78815021,-999,1124,-999
-69.89743389,43.78814932,-999,1125,-999
-69.8974303,43.78814843,-999,1126,-999
-69.89742672,43.78814754,-999,1127,-999
-69.89742314,43.78814665,-999,1128,-999
-69.89741955,43.78814576,-999,1129,-999
-69.89741597,43.78814487,-999,1130,-999
-69.89741238,43.78814398,-999,1131,-999
-69.8974088,43.78814309,-999,1132,-999
-69.89740522,43.7881422,-999,1133,-999
-69.89740163,43.78814131,-999,1134,-999
-69.89739805,43.78814042,-999,1135,-999
-69.89739447,43.78813953,-999,1136,-999
-69.89739088,43.78813864,-999,1137,-999
-69.8973873,43.78813775,-999,1138,-999
-69.89738372,43.78813686,-999,1139,-999
-69.89738013,43.78813597,-999,1140,-999
-69.89737655,43.78813508,-999,1141,-999
-69.89737297,43.78813419,-999,1142,-999
-69.89736938,43.7881333,-999,1143,-999
-69.8973658,43.78813242,-999,1144,-999
-69.89736222,43.78813153,-999,1145,-999
-69.89735863,43.78813064,-999,1146,-999
-69.89735505,43.78812975,-999,1147,-999
-69.89735147,43.78812886,-999,1148,-999
-69.89734788,43.78812797,-999,1149,-999
-69.8973443,43.78812708,-999,1150,-999
-69.89734072,43.78812619,-999,1151,-999
-69.89733713,43.7881253,-999,1152,-999
-69.89733355,43.78812441,-999,1153,-999
-69.89732997,43.78812352,-999,1154,-999
-69.89732638,43.78812263,-999,1155,-999
-69.8973228,43.78812174,-999,1156,-999
-69.89731922,43.78812085,-999,1157,-999
-69.89731563,43.78811996,-999,1158,-999
-69.89731205,43.78811907,-999,1159,-999
-69.89730847,43.78811818,-999,1160,-999
-69.89730488,43.78811729,-999,1161,-999
-69.8973013,43.7881164,-999,1162,-999
-69.89729772,43.78811551,-999,1163,-999
-69.89729413,43.78811462,-999,1164,-999
-69.89729055,43.78811373,-999,1165,-999
-69.89728697,43.78811284,-999,1166,-999
-69.89728338,43.78811195,-999,1167,-999
-69.8972798,43.78811106,-999,1168,-999
-69.89727621,43.78811017,-999,1169,-999
-69.89727263,43.78810928,-999,1170,-999
-69.89726905,43.78810839,-999,1171,-999
-69.89726546,43.7881075,-999,1172,-999
-69.89726188,43.78810661,-999,1173,-999
-69.8972583,43.78810572,-999,1174,-999
-69.89725471,43.78810483,-999,1175,-999
-69.89725113,43.78810394,-999,1176,-999
-69.89724755,43.78810305,-999,1177,-999
-69.89724396,43.78810216,-999,1178,-999
-69.89724038,43.78810128,-999,1179,-999
-69.8972368,43.78810039,-999,1180,-999
-69.89723321,43.7880995,-999,1181,-999
-69.89722963,43.78809861,-999,1182,-999
-69.89722605,43.78809772,-999,1183,-999
-69.89722246,43.78809683,-999,1184,-999
-69.89721888,43.78809594,-999,1185,-999
-69.8972153,43.78809505,-999,1186,-999
-69.89721171,43.78809416,-999,1187,-999
-69.89720813,43.78809327,-999,1188,-999
-69.89720455,43.78809238,-999,1189,-999
-69.89720096,43.78809149,-999,1190,-999
-69.89719738,43.7880906,-999,1191,-999
-69.8971938,43.78808971,-999,1192,-999
-69.89719021,43.78808882,-999,1193,-999
-69.89718663,43.78808793,-999,1194,-999
-69.89718305,43.78808704,-999,1195,-999
-69.89717946,43.78808615,-999,1196,-999
-69.89717588,43.78808526,-999,1197,-999
-69.8971723,43.78808437,-999,1198,-999
-69.89716871,43.78808348,-999,1199,-999
-69.89716513,43.78808259,-999,1200,-999
-69.89716155,43.7880817,-999,1201,-999
-69.89715796,43.78808081,-999,1202,-999
-69.89715438,43.78807992,-999,1203,-999
-69.8971508,43.78807903,-999,1204,-999
-69.89714721,43.78807814,-999,1205,-999
-69.89714363,43.78807725,-999,1206,-999
-69.89714004,43.78807636,-999,1207,-999
-69.89713646,43.78807547,-999,1208,-999
-69.89713288,43.78807458,-999,1209,-999
-69.89712929,43.78807369,-999,1210,-999
-69.89712571,43.7880728,-999,1211,-999
-69.89712213,43.78807191,-999,1212,-999
-69.89711854,43.78807102,-999,1213,-999
-69.89711496,43.78807014,-999,1214,-999
-69.89711138,43.78806925,-999,1215,-999
-69.89710779,43.78806836,-999,1216,-999
-69.89710421,43.78806747,-999,1217,-999
-69.89710063,43.78806658,-999,1218,-999
-69.89709704,43.78806569,-999,1219,-999
-69.89709346,43.7880648,-999,1220,-999
-69.89708988,43.78806391,-999,1221,-999
-69.89708629,43.78806302,-999,1222,-999
-69.89708271,43.78806213,-999,1223,-999
-69.89707913,43.78806124,-999,1224,-999
-69.89707554,43.78806035,-999,1225,-999
-69.89707196,43.78805946,-999,1226,-999
-69.89706838,43.78805857,-999,1227,-999
-69.89706479,43.78805768,-999,1228,-999
-69.89706121,43.78805679,-999,1229,-999
-69.89705763,43.7880559,-999,1230,-999
-69.89705404,43.78805501,-999,1231,-999
-69.89705046,43.78805412,-999,1232,-999
-69.89704688,43.78805323,-999,1233,-999
-69.89704329,43.78805234,-999,1234,-999
-69.89703971,43.78805145,-999,1235,-999
-69.89703613,43.78805056,-999,1236,-999
-69.89703254,43.78804967,-999,1237,-999
-69.89702896,43.78804878,-999,1238,-999
-69.89702538,43.78804789,-999,1239,-999
-69.89702179,43.788047,-999,1240,-999
-69.89701821,43.78804611,-999,1241,-999
-69.89701463,43.78804522,-999,1242,-999
-69.89701104,43.78804433,-999,1243,-999
-69.89700746,43.78804344,-999,1244,-999
-69.89700388,43.78804255,-999,1245,-999
-69.89700029,43.78804166,-999,1246,-999
-69.89699671,43.78804077,-999,1247,-999
-69.89699312,43.78803988,-999,1248,-999
-69.89698954,43.788039,-999,1249,-999
-69.89698596,43.78803811,-999,1250,-999
-69.89698237,43.78803722,-999,1251,-999
-69.89697879,43.78803633,-999,1252,-999
-69.89697521,43.78803544,-999,1253,-999
-69.89697162,43.78803455,-999,1254,-999
-69.89696804,43.78803366,-999,1255,-999
-69.89696446,43.78803277,-999,1256,-999
-69.89696087,43.78803188,-999,1257,-999
-69.89695729,43.78803099,-999,1258,-999
-69.89695371,43.7880301,-999,1259,-999
-69.89695012,43.78802921,-999,1260,-999
-69.89694654,43.78802832,-999,1261,-999
-69.89694296,43.78802743,-999,1262,-999
-69.89693937,43.78802654,-999,1263,-999
-69.89693579,43.78802565,-999,1264,-999
-69.89693221,43.78802476,-999,1265,-999
-69.89692862,43.78802387,-999,1266,-999
-69.89692504,43.78802298,-999,1267,-999
-69.89692146,43.78802209,-999,1268,-999
-69.89691787,43.7880212,-999,1269,-999
-69.89691429,43.78802031,-999,1270,-999
-69.89691071,43.78801942,-999,1271,-999
-69.89690712,43.78801853,-999,1272,-999
-69.89690354,43.78801764,-999,1273,-999
-69.89689996,43.78801675,-999,1274,-999
-69.89689637,43.78801586,-999,1275,-999
-69.89689279,43.78801497,-999,1276,-999
-69.89688921,43.78801408,-999,1277,-999
-69.89688562,43.78801319,-999,1278,-999
-69.89688204,43.7880123,-999,1279,-999
-69.89687846,43.78801141,-999,1280,-999
-69.89687487,43.78801052,-999,1281,-999
-69.89687129,43.78800963,-999,1282,-999
-69.89686771,43.78800874,-999,1283,-999
-69.89686412,43.78800785,-999,1284,-999
-69.89686054,43.78800697,-999,1285,-999
-69.89685696,43.78800608,-999,1286,-999
-69.89685337,43.78800519,-999,1287,-999
-69.89684979,43.7880043,-999,1288,-999
-69.8968462,43.78800341,-999,1289,-999
-69.89684262,43.78800252,-999,1290,-999
-69.89683904,43.78800163,-999,1291,-999
-69.89683545,43.78800074,-999,1292,-999
-69.89683187,43.78799985,-999,1293,-999
-69.89682829,43.78799896,-999,1294,-999
-69.8968247,43.78799807,-999,1295,-999
-69.89682112,43.78799718,-999,1296,-999
-69.89681754,43.78799629,-999,1297,-999
-69.89681395,43.7879954,-999,1298,-999
-69.89681037,43.78799451,-999,1299,-999
-69.89680679,43.78799362,-999,1300,-999
-69.8968032,43.78799273,-999,1301,-999
-69.89679962,43.78799184,-999,1302,-999
-69.89679604,43.78799095,-999,1303,-999
-69.89679245,43.78799006,-999,1304,-999
-69.89678887,43.78798917,-999,1305,-999
-69.89678529,43.78798828,-999,1306,-999
-69.8967817,43.78798739,-999,1307,-999
-69.89677812,43.7879865,-999,1308,-999
-69.89677454,43.78798561,-999,1309,-999
-69.89677095,43.78798472,-999,1310,-999
-69.89676737,43.78798383,-999,1311,-999
-69.89676379,43.78798294,-999,1312,-999
-69.8967602,43.78798205,-999,1313,-999
-69.89675662,43.78798116,-999,1314,-999
-69.89675304,43.78798027,-999,1315,-999
-69.89674945,43.78797938,-999,1316,-999
-69.89674587,43.78797849,-999,1317,-999
-69.89674229,43.7879776,-999,1318,-999
-69.8967387,43.78797671,-999,1319,-999
-69.89673512,43.78797582,-999,1320,-999
-69.89673154,43.78797494,-999,1321,-999
-69.89672795,43.78797405,-999,1322,-999
-69.89672437,43.78797316,-999,1323,-999
-69.89672079,43.78797227,-999,1324,-999
-69.8967172,43.78797138,-999,1325,-999
-69.89671362,43.78797049,-999,1326,-999
-69.89671004,43.7879696,-999,1327,-999
-69.89670645,43.78796871,-999,1328,-999
-69.89670287,43.78796782,-999,1329,-999
-69.89669929,43.78796693,-999,1330,-999
-69.8966957,43.78796604,-999,1331,-999
-69.89669212,43.78796515,-999,1332,-999
-69.89668853,43.78796426,-999,1333,-999
-69.89668495,43.78796337,-999,1334,-999
-69.89668137,43.78796248,-999,1335,-999
-69.89667778,43.78796159,-999,1336,-999
-69.8966742,43.7879607,-999,1337,-999
-69.89667062,43.78795981,-999,1338,-999
-69.89666703,43.78795892,-999,1339,-999
-69.89666345,43.78795803,-999,1340,-999
-69.89665987,43.78795714,-999,1341,-999
-69.89665628,43.78795625,-999,1342,-999
-69.8966527,43.78795536,-999,1343,-999
-69.89664912,43.78795447,-999,1344,-999
-69.89664553,43.78795358,-999,1345,-999
-69.89664195,43.78795269,-999,1346,-999
-69.89663837,43.7879518,-999,1347,-999
-69.89663478,43.78795091,-999,1348,-999
-69.8966312,43.78795002,-999,1349,-999
-69.89662762,43.78794913,-999,1350,-999
-69.89662403,43.78794824,-999,1351,-999
-69.89662045,43.78794735,-999,1352,-999
-69.89661687,43.78794646,-999,1353,-999
-69.89661328,43.78794557,-999,1354,-999
-69.8966097,43.78794468,-999,1355,-999
-69.89660612,43.78794379,-999,1356,-999
-69.89660253,43.7879429,-999,1357,-999
-69.89659895,43.78794202,-999,1358,-999
-69.89659537,43.78794113,-999,1359,-999
-69.89659178,43.78794024,-999,1360,-999
-69.8965882,43.78793935,-999,1361,-999
-69.89658462,43.78793846,-999,1362,-999
-69.89658103,43.78793757,-999,1363,-999
-69.89657745,43.78793668,-999,1364,-999
-69.89657387,43.78793579,-999,1365,-999
-69.89657028,43.7879349,-999,1366,-999
-69.8965667,43.78793401,-999,1367,-999
-69.89656312,43.78793312,-999,1368,-999
-69.89655953,43.78793223,-999,1369,-999
-69.89655595,43.78793134,-999,1370,-999
-69.89655237,43.78793045,-999,1371,-999
-69.89654878,43.78792956,-999,1372,-999
-69.8965452,43.78792867,-999,1373,-999
-69.89654162,43.78792778,-999,1374,-999
-69.89653803,43.78792689,-999,1375,-999
-69.89653445,43.787926,-999,1376,-999
-69.89653087,43.78792511,-999,1377,-999
-69.89652728,43.78792422,-999,1378,-999
-69.8965237,43.78792333,-999,1379,-999
-69.89652012,43.78792244,-999,1380,-999
-69.89651653,43.78792155,-999,1381,-999
-69.89651295,43.78792066,-999,1382,-999
-69.89650936,43.78791977,-999,1383,-999
-69.89650578,43.78791888,-999,1384,-999
-69.8965022,43.78791799,-999,1385,-999
-69.89649861,43.7879171,-999,1386,-999
-69.89649503,43.78791621,-999,1387,-999
-69.89649145,43.78791532,-999,1388,-999
-69.89648786,43.78791443,-999,1389,-999
-69.89648428,43.78791354,-999,1390,-999
-69.8964807,43.78791265,-999,1391,-999
-69.89647711,43.78791176,-999,1392,-999
-69.89647353,43.78791087,-999,1393,-999
-69.89646995,43.78790998,-999,1394,-999
-69.89646636,43.78790909,-999,1395,-999
-69.89646278,43.78790821,-999,1396,-999
-69.8964592,43.78790732,-999,1397,-999
-69.89645561,43.78790643,-999,1398,-999
-69.89645203,43.78790554,-999,1399,-999
-69.89644845,43.78790465,-999,1400,-999
-69.89644486,43.78790376,-999,1401,-999
-69.89644128,43.78790287,-999,1402,-999
-69.8964377,43.78790198,-999,1403,-999
-69.89643411,43.78790109,-999,1404,-999
-69.89643053,43.7879002,-999,1405,-999
-69.89642695,43.78789931,-999,1406,-999
-69.89642336,43.78789842,-999,1407,-999
-69.89641978,43.78789753,-999,1408,-999
-69.8964162,43.78789664,-999,1409,-999
-69.89641261,43.78789575,-999,1410,-999
-69.89640903,43.78789486,-999,1411,-999
-69.89640545,43.78789397,-999,1412,-999
-69.89640186,43.78789308,-999,1413,-999
-69.89639828,43.78789219,-999,1414,-999
-69.8963947,43.7878913,-999,1415,-999
-69.89639111,43.78789041,-999,1416,-999
-69.89638753,43.78788952,-999,1417,-999
-69.89638395,43.78788863,-999,1418,-999
-69.89638036,43.78788774,-999,1419,-999
-69.89637678,43.78788685,-999,1420,-999
-69.8963732,43.78788596,-999,1421,-999
-69.89636961,43.78788507,-999,1422,-999
-69.89636603,43.78788418,-999,1423,-999
-69.89636245,43.78788329,-999,1424,-999
-69.89635886,43.7878824,-999,1425,-999
-69.89635528,43.78788151,-999,1426,-999
-69.8963517,43.78788062,-999,1427,-999
-69.89634811,43.78787973,-999,1428,-999
-69.89634453,43.78787884,-999,1429,-999
-69.89634095,43.78787795,-999,1430,-999
-69.89633736,43.78787706,-999,1431,-999
-69.89633378,43.78787617,-999,1432,-999
-69.89633019,43.78787528,-999,1433,-999
-69.89632661,43.7878744,-999,1434,-999
-69.89632303,43.78787351,-999,1435,-999
-69.89631944,43.78787262,-999,1436,-999
-69.89631586,43.78787173,-999,1437,-999
-69.89631228,43.78787084,-999,1438,-999
-69.89630869,43.78786995,-999,1439,-999
-69.89630511,43.78786906,-999,1440,-999
-69.89630153,43.78786817,-999,1441,-999
-69.89629794,43.78786728,-999,1442,-999
-69.89629436,43.78786639,-999,1443,-999
-69.89629078,43.7878655,-999,1444,-999
-69.89628719,43.78786461,-999,1445,-999
-69.89628361,43.78786372,-999,1446,-999
-69.89628003,43.78786283,-999,1447,-999
-69.89627644,43.78786194,-999,1448,-999
-69.89627286,43.78786105,-999,1449,-999
-69.89626928,43.78786016,-999,1450,-999
-69.89626569,43.78785927,-999,1451,-999
-69.89626211,43.78785838,-999,1452,-999
-69.89625853,43.78785749,-999,1453,-999
-69.89625494,43.7878566,-999,1454,-999
-69.89625136,43.78785571,-999,1455,-999
-69.89624778,43.78785482,-999,1456,-999
-69.89624419,43.78785393,-999,1457,-999
-69.89624061,43.78785304,-999,1458,-999
-69.89623703,43.78785215,-999,1459,-999
-69.89623344,43.78785126,-999,1460,-999
-69.89622986,43.78785037,-999,1461,-999
-69.89622628,43.78784948,-999,1462,-999
-69.89622269,43.78784859,-999,1463,-999
-69.89621911,43.7878477,-999,1464,-999
-69.89621553,43.78784681,-999,1465,-999
-69.89621194,43.78784592,-999,1466,-999
-69.89620836,43.78784503,-999,1467,-999
-69.89620478,43.78784414,-999,1468,-999
-69.89620119,43.78784325,-999,1469,-999
-69.89619761,43.78784236,-999,1470,-999
-69.89619403,43.78784147,-999,1471,-999
-69.89619044,43.78784058,-999,1472,-999
-69.89618686,43.7878397,-999,1473,-999
-69.89618328,43.78783881,-999,1474,-999
-69.89617969,43.78783792,-999,1475,-999
-69.89617611,43.78783703,-999,1476,-999
-69.89617253,43.78783614,-999,1477,-999
-69.89616894,43.78783525,-999,1478,-999
-69.89616536,43.78783436,-999,1479,-999
-69.89616178,43.78783347,-999,1480,-999
-69.89615819,43.78783258,-999,1481,-999
-69.89615461,43.78783169,-999,1482,-999
-69.89615103,43.7878308,-999,1483,-999
-69.89614744,43.78782991,-999,1484,-999
-69.89614386,43.78782902,-999,1485,-999
-69.89614028,43.78782813,-4.0026248,1486,2006FEMA
-69.89613669,43.78782724,-4.0026248,1487,2006FEMA
-69.89613311,43.78782635,-4.0026248,1488,2006FEMA
-69.89612953,43.78782546,-4.0026248,1489,2006FEMA
-69.89612594,43.78782457,-4.0026248,1490,2006FEMA
-69.89612236,43.78782368,-4.0026248,1491,2006FEMA
-69.89611877,43.78782279,-4.0026248,1492,2006FEMA
-69.89611519,43.7878219,-4.0026248,1493,2006FEMA
-69.89611161,43.78782101,-4.0026248,1494,2006FEMA
-69.89610802,43.78782012,-4.0026248,1495,2006FEMA
-69.89610444,43.78781923,-4.0026248,1496,2006FEMA
-69.89610086,43.78781834,-4.0026248,1497,2006FEMA
-69.89609727,43.78781745,-4.0026248,1498,2006FEMA
-69.89609369,43.78781656,-4.0026248,1499,2006FEMA
-69.89609011,43.78781567,-4.0026248,1500,2006FEMA
-69.89608652,43.78781478,-4.0026248,1501,2006FEMA
-69.89608294,43.78781389,-4.0026248,1502,2006FEMA
-69.89607936,43.787813,-4.0026248,1503,2006FEMA
-69.89607577,43.78781211,-4.0026248,1504,2006FEMA
-69.89607219,43.78781122,-4.0026248,1505,2006FEMA
-69.89606861,43.78781033,-4.0026248,1506,2006FEMA
-69.89606502,43.78780944,-4.0026248,1507,2006FEMA
-69.89606144,43.78780855,-4.0026248,1508,2006FEMA
-69.89605786,43.78780766,-4.0026248,1509,2006FEMA
-69.89605427,43.78780677,-4.0026248,1510,2006FEMA
-69.89605069,43.78780588,-4.0026248,1511,2006FEMA
-69.89604711,43.78780499,-4.0026248,1512,2006FEMA
-69.89604352,43.78780411,-4.0026248,1513,2006FEMA
-69.89603994,43.78780322,-4.0026248,1514,2006FEMA
-69.89603636,43.78780233,-4.0026248,1515,2006FEMA
-69.89603277,43.78780144,-4.3635172,1516,2006FEMA
-69.89602919,43.78780055,-4.3635172,1517,2006FEMA
-69.89602561,43.78779966,-4.3635172,1518,2006FEMA
-69.89602202,43.78779877,-4.3635172,1519,2006FEMA
-69.89601844,43.78779788,-4.3635172,1520,2006FEMA
-69.89601486,43.78779699,-4.3635172,1521,2006FEMA
-69.89601127,43.7877961,-4.3635172,1522,2006FEMA
-69.89600769,43.78779521,-4.3635172,1523,2006FEMA
-69.89600411,43.78779432,-4.3635172,1524,2006FEMA
-69.89600052,43.78779343,-4.3635172,1525,2006FEMA
-69.89599694,43.78779254,-4.3635172,1526,2006FEMA
-69.89599336,43.78779165,-4.0682416,1527,2006FEMA
-69.89598977,43.78779076,-4.0682416,1528,2006FEMA
-69.89598619,43.78778987,-4.0682416,1529,2006FEMA
-69.89598261,43.78778898,-4.0682416,1530,2006FEMA
-69.89597902,43.78778809,-4.0682416,1531,2006FEMA
-69.89597544,43.7877872,-4.0682416,1532,2006FEMA
-69.89597186,43.78778631,-4.0682416,1533,2006FEMA
-69.89596827,43.78778542,-4.0682416,1534,2006FEMA
-69.89596469,43.78778453,-3.84186364,1535,2006FEMA
-69.89596111,43.78778364,-3.84186364,1536,2006FEMA
-69.89595752,43.78778275,-3.84186364,1537,2006FEMA
-69.89595394,43.78778186,-3.84186364,1538,2006FEMA
-69.89595036,43.78778097,-3.84186364,1539,2006FEMA
-69.89594677,43.78778008,-3.84186364,1540,2006FEMA
-69.89594319,43.78777919,-3.84186364,1541,2006FEMA
-69.89593961,43.7877783,-3.84186364,1542,2006FEMA
-69.89593602,43.78777741,-3.84186364,1543,2006FEMA
-69.89593244,43.78777652,-4.00590564,1544,2006FEMA
-69.89592886,43.78777563,-4.00590564,1545,2006FEMA
-69.89592527,43.78777474,-4.00590564,1546,2006FEMA
-69.89592169,43.78777385,-4.00590564,1547,2006FEMA
-69.89591811,43.78777296,-4.2322836,1548,2006FEMA
-69.89591452,43.78777207,-4.2322836,1549,2006FEMA
-69.89591094,43.78777118,-4.2322836,1550,2006FEMA
-69.89590736,43.78777029,-4.2322836,1551,2006FEMA
-69.89590377,43.7877694,-4.2322836,1552,2006FEMA
-69.89590019,43.78776852,-4.2322836,1553,2006FEMA
-69.8958966,43.78776763,-4.2322836,1554,2006FEMA
-69.89589302,43.78776674,-4.2322836,1555,2006FEMA
-69.89588944,43.78776585,-4.00590564,1556,2006FEMA
-69.89588585,43.78776496,-4.00590564,1557,2006FEMA
-69.89588227,43.78776407,-4.00590564,1558,2006FEMA
-69.89587869,43.78776318,-4.00590564,1559,2006FEMA
-69.8958751,43.78776229,-4.00590564,1560,2006FEMA
-69.89587152,43.7877614,-4.00590564,1561,2006FEMA
-69.89586794,43.78776051,-4.00590564,1562,2006FEMA
-69.89586435,43.78775962,-3.71063004,1563,2006FEMA
-69.89586077,43.78775873,-3.71063004,1564,2006FEMA
-69.89585719,43.78775784,-3.77624684,1565,2006FEMA
-69.8958536,43.78775695,-3.77624684,1566,2006FEMA
-69.89585002,43.78775606,-3.77624684,1567,2006FEMA
-69.89584644,43.78775517,-3.77624684,1568,2006FEMA
-69.89584285,43.78775428,-3.77624684,1569,2006FEMA
-69.89583927,43.78775339,-3.77624684,1570,2006FEMA
-69.89583569,43.7877525,-3.77624684,1571,2006FEMA
-69.8958321,43.78775161,-3.77624684,1572,2006FEMA
-69.89582852,43.78775072,-3.77624684,1573,2006FEMA
-69.89582494,43.78774983,-3.77624684,1574,2006FEMA
-69.89582135,43.78774894,-3.77624684,1575,2006FEMA
-69.89581777,43.78774805,-3.77624684,1576,2006FEMA
-69.89581419,43.78774716,-3.77624684,1577,2006FEMA
-69.8958106,43.78774627,-3.77624684,1578,2006FEMA
-69.89580702,43.78774538,-3.77624684,1579,2006FEMA
-69.89580344,43.78774449,-3.77624684,1580,2006FEMA
-69.89579985,43.7877436,-3.77624684,1581,2006FEMA
-69.89579627,43.78774271,-3.77624684,1582,2006FEMA
-69.89579269,43.78774182,-3.77624684,1583,2006FEMA
-69.8957891,43.78774093,-3.77624684,1584,2006FEMA
-69.89578552,43.78774004,-3.77624684,1585,2006FEMA
-69.89578194,43.78773915,-3.77624684,1586,2006FEMA
-69.89577835,43.78773826,-3.77624684,1587,2006FEMA
-69.89577477,43.78773737,-3.77624684,1588,2006FEMA
-69.89577119,43.78773648,-3.77624684,1589,2006FEMA
-69.8957676,43.78773559,-3.77624684,1590,2006FEMA
-69.89576402,43.7877347,-3.77624684,1591,2006FEMA
-69.89576044,43.78773381,-3.77624684,1592,2006FEMA
-69.89575685,43.78773292,-3.77624684,1593,2006FEMA
-69.89575327,43.78773204,-3.77624684,1594,2006FEMA
-69.89574969,43.78773115,-3.77624684,1595,2006FEMA
-69.8957461,43.78773026,-3.77624684,1596,2006FEMA
-69.89574252,43.78772937,-3.77624684,1597,2006FEMA
-69.89573894,43.78772848,-3.77624684,1598,2006FEMA
-69.89573535,43.78772759,-3.77624684,1599,2006FEMA
-69.89573177,43.7877267,-3.54658804,1600,2006FEMA
-69.89572819,43.78772581,-3.54658804,1601,2006FEMA
-69.8957246,43.78772492,-3.54658804,1602,2006FEMA
-69.89572102,43.78772403,-3.54658804,1603,2006FEMA
-69.89571744,43.78772314,-3.54658804,1604,2006FEMA
-69.89571385,43.78772225,-3.54658804,1605,2006FEMA
-69.89571027,43.78772136,-3.54658804,1606,2006FEMA
-69.89570669,43.78772047,-3.54658804,1607,2006FEMA
-69.8957031,43.78771958,-3.54658804,1608,2006FEMA
-69.89569952,43.78771869,-3.54658804,1609,2006FEMA
-69.89569594,43.7877178,-3.54658804,1610,2006FEMA
-69.89569235,43.78771691,-3.54658804,1611,2006FEMA
-69.89568877,43.78771602,-3.54658804,1612,2006FEMA
-69.89568519,43.78771513,-3.54658804,1613,2006FEMA
-69.8956816,43.78771424,-3.54658804,1614,2006FEMA
-69.89567802,43.78771335,-3.54658804,1615,2006FEMA
-69.89567444,43.78771246,-3.54658804,1616,2006FEMA
-69.89567085,43.78771157,-3.54658804,1617,2006FEMA
-69.89566727,43.78771068,-3.54658804,1618,2006FEMA
-69.89566369,43.78770979,-3.54658804,1619,2006FEMA
-69.8956601,43.7877089,-3.54658804,1620,2006FEMA
-69.89565652,43.78770801,-3.54658804,1621,2006FEMA
-69.89565294,43.78770712,-3.54658804,1622,2006FEMA
-69.89564935,43.78770623,-3.54658804,1623,2006FEMA
-69.89564577,43.78770534,-3.54658804,1624,2006FEMA
-69.89564219,43.78770445,-3.54658804,1625,2006FEMA
-69.8956386,43.78770356,-3.54658804,1626,2006FEMA
-69.89563502,43.78770267,-3.54658804,1627,2006FEMA
-69.89563143,43.78770178,-3.54658804,1628,2006FEMA
-69.89562785,43.78770089,-3.54658804,1629,2006FEMA
-69.89562427,43.7877,-3.54658804,1630,2006FEMA
-69.89562068,43.78769911,-3.54658804,1631,2006FEMA
-69.8956171,43.78769822,-3.54658804,1632,2006FEMA
-69.89561352,43.78769733,-3.54658804,1633,2006FEMA
-69.89560993,43.78769644,-3.6417324,1634,2006FEMA
-69.89560635,43.78769555,-3.6417324,1635,2006FEMA
-69.89560277,43.78769467,-3.6417324,1636,2006FEMA
-69.89559918,43.78769378,-3.6417324,1637,2006FEMA
-69.8955956,43.78769289,-3.6417324,1638,2006FEMA
-69.89559202,43.787692,-3.6417324,1639,2006FEMA
-69.89558843,43.78769111,-3.6417324,1640,2006FEMA
-69.89558485,43.78769022,-3.6417324,1641,2006FEMA
-69.89558127,43.78768933,-3.6417324,1642,2006FEMA
-69.89557768,43.78768844,-3.38254604,1643,2006FEMA
-69.8955741,43.78768755,-3.38254604,1644,2006FEMA
-69.89557052,43.78768666,-3.38254604,1645,2006FEMA
-69.89556693,43.78768577,-3.38254604,1646,2006FEMA
-69.89556335,43.78768488,-3.38254604,1647,2006FEMA
-69.89555977,43.78768399,-3.38254604,1648,2006FEMA
-69.89555618,43.7876831,-3.38254604,1649,2006FEMA
-69.8955526,43.78768221,-3.38254604,1650,2006FEMA
-69.89554902,43.78768132,-3.38254604,1651,2006FEMA
-69.89554543,43.78768043,-3.38254604,1652,2006FEMA
-69.89554185,43.78767954,-3.38254604,1653,2006FEMA
-69.89553827,43.78767865,-3.38254604,1654,2006FEMA
-69.89553468,43.78767776,-3.28084,1655,2006FEMA
-69.8955311,43.78767687,-3.28084,1656,2006FEMA
-69.89552752,43.78767598,-3.28084,1657,2006FEMA
-69.89552393,43.78767509,-3.28084,1658,2006FEMA
-69.89552035,43.7876742,-3.28084,1659,2006FEMA
-69.89551677,43.78767331,-3.28084,1660,2006FEMA
-69.89551318,43.78767242,-3.28084,1661,2006FEMA
-69.8955096,43.78767153,-3.28084,1662,2006FEMA
-69.89550602,43.78767064,-3.28084,1663,2006FEMA
-69.89550243,43.78766975,-3.3464568,1664,2006FEMA
-69.89549885,43.78766886,-3.3464568,1665,2006FEMA
-69.89549527,43.78766797,-3.3464568,1666,2006FEMA
-69.89549168,43.78766708,-3.3464568,1667,2006FEMA
-69.8954881,43.78766619,-3.3464568,1668,2006FEMA
-69.89548452,43.7876653,-3.3464568,1669,2006FEMA
-69.89548093,43.78766441,-3.3464568,1670,2006FEMA
-69.89547735,43.78766352,-3.3464568,1671,2006FEMA
-69.89547377,43.78766263,-3.3464568,1672,2006FEMA
-69.89547018,43.78766174,-3.3464568,1673,2006FEMA
-69.8954666,43.78766085,-3.3464568,1674,2006FEMA
-69.89546302,43.78765996,-3.4120736,1675,2006FEMA
-69.89545943,43.78765907,-3.4120736,1676,2006FEMA
-69.89545585,43.78765818,-3.4120736,1677,2006FEMA
-69.89545227,43.78765729,-3.38254604,1678,2006FEMA
-69.89544868,43.78765641,-3.38254604,1679,2006FEMA
-69.8954451,43.78765552,-3.38254604,1680,2006FEMA
-69.89544152,43.78765463,-3.38254604,1681,2006FEMA
-69.89543793,43.78765374,-3.38254604,1682,2006FEMA
-69.89543435,43.78765285,-3.38254604,1683,2006FEMA
-69.89543077,43.78765196,-3.38254604,1684,2006FEMA
-69.89542718,43.78765107,-3.38254604,1685,2006FEMA
-69.8954236,43.78765018,-3.38254604,1686,2006FEMA
-69.89542002,43.78764929,-3.38254604,1687,2006FEMA
-69.89541643,43.7876484,-3.38254604,1688,2006FEMA
-69.89541285,43.78764751,-3.38254604,1689,2006FEMA
-69.89540927,43.78764662,-3.38254604,1690,2006FEMA
-69.89540568,43.78764573,-3.38254604,1691,2006FEMA
-69.8954021,43.78764484,-3.116798,1692,2006FEMA
-69.89539852,43.78764395,-3.116798,1693,2006FEMA
-69.89539493,43.78764306,-3.116798,1694,2006FEMA
-69.89539135,43.78764217,-3.116798,1695,2006FEMA
-69.89538777,43.78764128,-3.116798,1696,2006FEMA
-69.89538418,43.78764039,-3.116798,1697,2006FEMA
-69.8953806,43.7876395,-3.116798,1698,2006FEMA
-69.89537702,43.78763861,-3.116798,1699,2006FEMA
-69.89537343,43.78763772,-3.116798,1700,2006FEMA
-69.89536985,43.78763683,-3.116798,1701,2006FEMA
-69.89536627,43.78763594,-3.116798,1702,2006FEMA
-69.89536268,43.78763505,-3.116798,1703,2006FEMA
-69.8953591,43.78763416,-3.28084,1704,2006FEMA
-69.89535552,43.78763327,-3.28084,1705,2006FEMA
-69.89535193,43.78763238,-3.28084,1706,2006FEMA
-69.89534835,43.78763149,-3.28084,1707,2006FEMA
-69.89534477,43.7876306,-3.28084,1708,2006FEMA
-69.89534118,43.78762971,-3.28084,1709,2006FEMA
-69.8953376,43.78762882,-3.31692924,1710,2006FEMA
-69.89533402,43.78762793,-3.31692924,1711,2006FEMA
-69.89533043,43.78762704,-3.31692924,1712,2006FEMA
-69.89532685,43.78762615,-3.31692924,1713,2006FEMA
-69.89532327,43.78762526,-3.31692924,1714,2006FEMA
-69.89531968,43.78762437,-3.31692924,1715,2006FEMA
-69.8953161,43.78762348,-3.31692924,1716,2006FEMA
-69.89531252,43.78762259,-3.31692924,1717,2006FEMA
-69.89530893,43.7876217,-3.31692924,1718,2006FEMA
-69.89530535,43.78762081,-3.31692924,1719,2006FEMA
-69.89530176,43.78761992,-3.31692924,1720,2006FEMA
-69.89529818,43.78761903,-3.31692924,1721,2006FEMA
-69.8952946,43.78761815,-3.31692924,1722,2006FEMA
-69.89529101,43.78761726,-3.31692924,1723,2006FEMA
-69.89528743,43.78761637,-3.31692924,1724,2006FEMA
-69.89528385,43.78761548,-3.31692924,1725,2006FEMA
-69.89528026,43.78761459,-3.31692924,1726,2006FEMA
-69.89527668,43.7876137,-3.31692924,1727,2006FEMA
-69.8952731,43.78761281,-3.2152232,1728,2006FEMA
-69.89526951,43.78761192,-3.2152232,1729,2006FEMA
-69.89526593,43.78761103,-3.2152232,1730,2006FEMA
-69.89526235,43.78761014,-3.2152232,1731,2006FEMA
-69.89525876,43.78760925,-3.2152232,1732,2006FEMA
-69.89525518,43.78760836,-3.2152232,1733,2006FEMA
-69.8952516,43.78760747,-3.2152232,1734,2006FEMA
-69.89524801,43.78760658,-3.2152232,1735,2006FEMA
-69.89524443,43.78760569,-3.2152232,1736,2006FEMA
-69.89524085,43.7876048,-3.2152232,1737,2006FEMA
-69.89523726,43.78760391,-3.2152232,1738,2006FEMA
-69.89523368,43.78760302,-3.2152232,1739,2006FEMA
-69.8952301,43.78760213,-3.2152232,1740,2006FEMA
-69.89522651,43.78760124,-3.2152232,1741,2006FEMA
-69.89522293,43.78760035,-3.2152232,1742,2006FEMA
-69.89521935,43.78759946,-3.2152232,1743,2006FEMA
-69.89521576,43.78759857,-2.95603684,1744,2006FEMA
-69.89521218,43.78759768,-2.95603684,1745,2006FEMA
-69.8952086,43.78759679,-2.95603684,1746,2006FEMA
-69.89520501,43.7875959,-2.95603684,1747,2006FEMA
-69.89520143,43.78759501,-2.95603684,1748,2006FEMA
-69.89519785,43.78759412,-2.95603684,1749,2006FEMA
-69.89519426,43.78759323,-2.9199476,1750,2006FEMA
-69.89519068,43.78759234,-3.2152232,1751,2006FEMA
-69.8951871,43.78759145,-3.2152232,1752,2006FEMA
-69.89518351,43.78759056,-3.2152232,1753,2006FEMA
-69.89517993,43.78758967,-3.2152232,1754,2006FEMA
-69.89517635,43.78758878,-3.2152232,1755,2006FEMA
-69.89517276,43.78758789,-3.2152232,1756,2006FEMA
-69.89516918,43.787587,-3.2152232,1757,2006FEMA
-69.8951656,43.78758611,-3.2152232,1758,2006FEMA
-69.89516201,43.78758522,-3.2152232,1759,2006FEMA
-69.89515843,43.78758433,-3.2152232,1760,2006FEMA
-69.89515485,43.78758344,-3.2152232,1761,2006FEMA
-69.89515126,43.78758255,-3.2152232,1762,2006FEMA
-69.89514768,43.78758166,-3.2152232,1763,2006FEMA
-69.8951441,43.78758077,-3.2152232,1764,2006FEMA
-69.89514051,43.78757988,-3.2152232,1765,2006FEMA
-69.89513693,43.78757899,-3.2152232,1766,2006FEMA
-69.89513335,43.78757811,-3.2152232,1767,2006FEMA
-69.89512976,43.78757722,-3.2152232,1768,2006FEMA
-69.89512618,43.78757633,-3.2152232,1769,2006FEMA
-69.8951226,43.78757544,-3.2152232,1770,2006FEMA
-69.89511901,43.78757455,-3.15288724,1771,2006FEMA
-69.89511543,43.78757366,-2.92322844,1772,2006FEMA
-69.89511185,43.78757277,-2.92322844,1773,2006FEMA
-69.89510826,43.78757188,-2.92322844,1774,2006FEMA
-69.89510468,43.78757099,-2.92322844,1775,2006FEMA
-69.8951011,43.7875701,-2.92322844,1776,2006FEMA
-69.89509751,43.78756921,-2.92322844,1777,2006FEMA
-69.89509393,43.78756832,-2.92322844,1778,2006FEMA
-69.89509035,43.78756743,-2.92322844,1779,2006FEMA
-69.89508676,43.78756654,-2.92322844,1780,2006FEMA
-69.89508318,43.78756565,-2.92322844,1781,2006FEMA
-69.8950796,43.78756476,-2.92322844,1782,2006FEMA
-69.89507601,43.78756387,-2.92322844,1783,2006FEMA
-69.89507243,43.78756298,-2.92322844,1784,2006FEMA
-69.89506885,43.78756209,-2.92322844,1785,2006FEMA
-69.89506526,43.7875612,-2.82480324,1786,2006FEMA
-69.89506168,43.78756031,-2.82480324,1787,2006FEMA
-69.8950581,43.78755942,-2.82480324,1788,2006FEMA
-69.89505451,43.78755853,-2.82480324,1789,2006FEMA
-69.89505093,43.78755764,-2.82480324,1790,2006FEMA
-69.89504735,43.78755675,-2.82480324,1791,2006FEMA
-69.89504376,43.78755586,-2.82480324,1792,2006FEMA
-69.89504018,43.78755497,-2.82480324,1793,2006FEMA
-69.8950366,43.78755408,-2.82480324,1794,2006FEMA
-69.89503301,43.78755319,-2.82480324,1795,2006FEMA
-69.89502943,43.7875523,-2.79527568,1796,2006FEMA
-69.89502585,43.78755141,-2.79527568,1797,2006FEMA
-69.89502226,43.78755052,-2.79527568,1798,2006FEMA
-69.89501868,43.78754963,-2.79527568,1799,2006FEMA
-69.8950151,43.78754874,-2.79527568,1800,2006FEMA
-69.89501151,43.78754785,-2.79527568,1801,2006FEMA
-69.89500793,43.78754696,-2.79527568,1802,2006FEMA
-69.89500435,43.78754607,-2.79527568,1803,2006FEMA
-69.89500076,43.78754518,-2.79527568,1804,2006FEMA
-69.89499718,43.78754429,-2.79527568,1805,2006FEMA
-69.8949936,43.7875434,-2.79527568,1806,2006FEMA
-69.89499001,43.78754251,-2.79527568,1807,2006FEMA
-69.89498643,43.78754162,-2.79527568,1808,2006FEMA
-69.89498285,43.78754073,-2.79527568,1809,2006FEMA
-69.89497926,43.78753984,-2.82480324,1810,2006FEMA
-69.89497568,43.78753895,-2.82480324,1811,2006FEMA
-69.8949721,43.78753807,-2.82480324,1812,2006FEMA
-69.89496851,43.78753718,-2.82480324,1813,2006FEMA
-69.89496493,43.78753629,-2.82480324,1814,2006FEMA
-69.89496135,43.7875354,-2.82480324,1815,2006FEMA
-69.89495776,43.78753451,-2.82480324,1816,2006FEMA
-69.89495418,43.78753362,-2.59842528,1817,2006FEMA
-69.8949506,43.78753273,-2.59842528,1818,2006FEMA
-69.89494701,43.78753184,-2.59842528,1819,2006FEMA
-69.89494343,43.78753095,-2.59842528,1820,2006FEMA
-69.89493985,43.78753006,-2.59842528,1821,2006FEMA
-69.89493626,43.78752917,-2.59842528,1822,2006FEMA
-69.89493268,43.78752828,-2.59842528,1823,2006FEMA
-69.8949291,43.78752739,-2.59842528,1824,2006FEMA
-69.89492551,43.7875265,-2.59842528,1825,2006FEMA
-69.89492193,43.78752561,-2.59842528,1826,2006FEMA
-69.89491835,43.78752472,-2.59842528,1827,2006FEMA
-69.89491476,43.78752383,-2.59842528,1828,2006FEMA
-69.89491118,43.78752294,-2.59842528,1829,2006FEMA
-69.8949076,43.78752205,-2.59842528,1830,2006FEMA
-69.89490401,43.78752116,-2.59842528,1831,2006FEMA
-69.89490043,43.78752027,-2.59842528,1832,2006FEMA
-69.89489685,43.78751938,-2.59842528,1833,2006FEMA
-69.89489326,43.78751849,-2.59842528,1834,2006FEMA
-69.89488968,43.7875176,-2.27034128,1835,2006FEMA
-69.8948861,43.78751671,-2.27034128,1836,2006FEMA
-69.89488251,43.78751582,-2.27034128,1837,2006FEMA
-69.89487893,43.78751493,-2.27034128,1838,2006FEMA
-69.89487535,43.78751404,-2.27034128,1839,2006FEMA
-69.89487176,43.78751315,-2.27034128,1840,2006FEMA
-69.89486818,43.78751226,-2.27034128,1841,2006FEMA
-69.8948646,43.78751137,-2.27034128,1842,2006FEMA
-69.89486101,43.78751048,-2.27034128,1843,2006FEMA
-69.89485743,43.78750959,-2.27034128,1844,2006FEMA
-69.89485385,43.7875087,-2.27034128,1845,2006FEMA
-69.89485026,43.78750781,-2.27034128,1846,2006FEMA
-69.89484668,43.78750692,-2.27034128,1847,2006FEMA
-69.8948431,43.78750603,-2.27034128,1848,2006FEMA
-69.89483951,43.78750514,-2.27034128,1849,2006FEMA
-69.89483593,43.78750425,-2.27034128,1850,2006FEMA
-69.89483235,43.78750336,-2.27034128,1851,2006FEMA
-69.89482876,43.78750247,-2.27034128,1852,2006FEMA
-69.89482518,43.78750158,-2.27034128,1853,2006FEMA
-69.8948216,43.78750069,-1.70931764,1854,2006FEMA
-69.89481801,43.7874998,-1.70931764,1855,2006FEMA
-69.89481443,43.78749891,-1.70931764,1856,2006FEMA
-69.89481084,43.78749802,-1.70931764,1857,2006FEMA
-69.89480726,43.78749713,-1.70931764,1858,2006FEMA
-69.89480368,43.78749625,-1.70931764,1859,2006FEMA
-69.89480009,43.78749536,-1.70931764,1860,2006FEMA
-69.89479651,43.78749447,-1.70931764,1861,2006FEMA
-69.89479293,43.78749358,-1.70931764,1862,2006FEMA
-69.89478934,43.78749269,-1.70931764,1863,2006FEMA
-69.89478576,43.7874918,-1.70931764,1864,2006FEMA
-69.89478218,43.78749091,-1.70931764,1865,2006FEMA
-69.89477859,43.78749002,-1.70931764,1866,2006FEMA
-69.89477501,43.78748913,-1.70931764,1867,2006FEMA
-69.89477143,43.78748824,-1.70931764,1868,2006FEMA
-69.89476784,43.78748735,-1.70931764,1869,2006FEMA
-69.89476426,43.78748646,-1.70931764,1870,2006FEMA
-69.89476068,43.78748557,-1.70931764,1871,2006FEMA
-69.89475709,43.78748468,-1.70931764,1872,2006FEMA
-69.89475351,43.78748379,0.97440948,1873,2006FEMA
-69.89474993,43.7874829,0.97440948,1874,2006FEMA
-69.89474634,43.78748201,0.97440948,1875,2006FEMA
-69.89474276,43.78748112,0.97440948,1876,2006FEMA
-69.89473918,43.78748023,0.97440948,1877,2006FEMA
-69.89473559,43.78747934,0.97440948,1878,2006FEMA
-69.89473201,43.78747845,0.97440948,1879,2006FEMA
-69.89472843,43.78747756,0.97440948,1880,2006FEMA
-69.89472484,43.78747667,0.97440948,1881,2006FEMA
-69.89472126,43.78747578,0.97440948,1882,2006FEMA
-69.89471768,43.78747489,0.97440948,1883,2006FEMA
-69.89471409,43.787474,0.97440948,1884,2006FEMA
-69.89471051,43.78747311,0.97440948,1885,2006FEMA
-69.89470693,43.78747222,0.97440948,1886,2006FEMA
-69.89470334,43.78747133,0.97440948,1887,2006FEMA
-69.89469976,43.78747044,0.97440948,1888,2006FEMA
-69.89469618,43.78746955,0.97440948,1889,2006FEMA
-69.89469259,43.78746866,0.97440948,1890,2006FEMA
-69.89468901,43.78746777,0.97440948,1891,2006FEMA
-69.89468543,43.78746688,0.97440948,1892,2006FEMA
-69.89468184,43.78746599,0.97440948,1893,2006FEMA
-69.89467826,43.7874651,0.97440948,1894,2006FEMA
-69.89467468,43.78746421,14.65551228,1895,2006FEMA
-69.89467109,43.78746332,14.65551228,1896,2006FEMA
-69.89466751,43.78746243,14.65551228,1897,2006FEMA
-69.89466393,43.78746154,14.65551228,1898,2006FEMA
-69.89466034,43.78746065,14.65551228,1899,2006FEMA
-69.89465676,43.78745976,14.65551228,1900,2006FEMA
-69.89465318,43.78745887,14.65551228,1901,2006FEMA
-69.89464959,43.78745798,14.65551228,1902,2006FEMA
-69.89464601,43.78745709,14.65551228,1903,2006FEMA
-69.89464243,43.7874562,14.65551228,1904,2006FEMA
-69.89463884,43.78745531,14.65551228,1905,2006FEMA
-69.89463526,43.78745442,14.65551228,1906,2006FEMA
-69.89463168,43.78745354,14.65551228,1907,2006FEMA
-69.89462809,43.78745265,14.65551228,1908,2006FEMA
-69.89462451,43.78745176,14.65551228,1909,2006FEMA
-69.89462093,43.78745087,14.65551228,1910,2006FEMA
-69.89461734,43.78744998,14.65551228,1911,2006FEMA
-69.89461376,43.78744909,14.65551228,1912,2006FEMA
-69.89461018,43.7874482,14.62270388,1913,2006FEMA
-69.89460659,43.78744731,14.62270388,1914,2006FEMA
-69.89460301,43.78744642,14.62270388,1915,2006FEMA
-69.89459943,43.78744553,14.62270388,1916,2006FEMA
-69.89459584,43.78744464,14.62270388,1917,2006FEMA
-69.89459226,43.78744375,14.62270388,1918,2006FEMA
-69.89458868,43.78744286,16.03018424,1919,2006FEMA
-69.89458509,43.78744197,16.03018424,1920,2006FEMA
-69.89458151,43.78744108,16.03018424,1921,2006FEMA
-69.89457793,43.78744019,16.03018424,1922,2006FEMA
-69.89457434,43.7874393,16.03018424,1923,2006FEMA
-69.89457076,43.78743841,17.44094544,1924,2006FEMA
-69.89456718,43.78743752,17.44094544,1925,2006FEMA
-69.89456359,43.78743663,17.44094544,1926,2006FEMA
-69.89456001,43.78743574,17.44094544,1927,2006FEMA
-69.89455643,43.78743485,17.44094544,1928,2006FEMA
-69.89455284,43.78743396,17.44094544,1929,2006FEMA
-69.89454926,43.78743307,17.44094544,1930,2006FEMA
-69.89454568,43.78743218,17.44094544,1931,2006FEMA
-69.89454209,43.78743129,17.44094544,1932,2006FEMA
-69.89453851,43.7874304,17.44094544,1933,2006FEMA
-69.89453493,43.78742951,17.44094544,1934,2006FEMA
-69.89453134,43.78742862,17.44094544,1935,2006FEMA
-69.89452776,43.78742773,17.44094544,1936,2006FEMA
-69.89452418,43.78742684,19.54396388,1937,2006FEMA
-69.89452059,43.78742595,19.54396388,1938,2006FEMA
-69.89451701,43.78742506,19.54396388,1939,2006FEMA
-69.89451343,43.78742417,19.54396388,1940,2006FEMA
-69.89450984,43.78742328,19.54396388,1941,2006FEMA
-69.89450626,43.78742239,19.54396388,1942,2006FEMA
-69.89450268,43.7874215,19.54396388,1943,2006FEMA
-69.89449909,43.78742061,19.54396388,1944,2006FEMA
-69.89449551,43.78741972,19.54396388,1945,2006FEMA
-69.89449193,43.78741883,19.54396388,1946,2006FEMA
-69.89448834,43.78741794,19.54396388,1947,2006FEMA
-69.89448476,43.78741705,19.54396388,1948,2006FEMA
-69.89448118,43.78741616,19.54396388,1949,2006FEMA
-69.89447759,43.78741527,19.54396388,1950,2006FEMA
-69.89447401,43.78741438,20.19685104,1951,2006FEMA
-69.89447043,43.78741349,20.19685104,1952,2006FEMA
-69.89446684,43.7874126,20.19685104,1953,2006FEMA
-69.89446326,43.78741171,20.19685104,1954,2006FEMA
-69.89445968,43.78741082,20.19685104,1955,2006FEMA
-69.89445609,43.78740994,20.69225788,1956,2006FEMA
-69.89445251,43.78740905,20.69225788,1957,2006FEMA
-69.89444893,43.78740816,20.69225788,1958,2006FEMA
-69.89444534,43.78740727,20.69225788,1959,2006FEMA
-69.89444176,43.78740638,20.69225788,1960,2006FEMA
-69.89443818,43.78740549,20.69225788,1961,2006FEMA
-69.89443459,43.7874046,20.69225788,1962,2006FEMA
-69.89443101,43.78740371,20.69225788,1963,2006FEMA
-69.89442743,43.78740282,20.69225788,1964,2006FEMA
-69.89442384,43.78740193,20.69225788,1965,2006FEMA
-69.89442026,43.78740104,20.69225788,1966,2006FEMA
-69.89441668,43.78740015,20.69225788,1967,2006FEMA
-69.89441309,43.78739926,20.69225788,1968,2006FEMA
-69.89440951,43.78739837,20.69225788,1969,2006FEMA
-69.89440593,43.78739748,19.80315024,1970,2006FEMA
-69.89440234,43.78739659,19.80315024,1971,2006FEMA
-69.89439876,43.7873957,19.80315024,1972,2006FEMA
-69.89439518,43.78739481,19.80315024,1973,2006FEMA
-69.89439159,43.78739392,19.80315024,1974,2006FEMA
-69.89438801,43.78739303,19.80315024,1975,2006FEMA
-69.89438443,43.78739214,19.80315024,1976,2006FEMA
-69.89438084,43.78739125,19.80315024,1977,2006FEMA
-69.89437726,43.78739036,19.80315024,1978,2006FEMA
-69.89437368,43.78738947,19.80315024,1979,2006FEMA
-69.89437009,43.78738858,20.23294028,1980,2006FEMA
-69.89436651,43.78738769,20.23294028,1981,2006FEMA
