type,station-ft,x-ft,y-ft,lon,lat,elev-ft,SWL-ft,Hc-ft,CrestElev-ft,Tp
IE,0,386426.334,4806221.6516,-70.4025296848925,43.4002772246683,-3.521,9.022,9.62,15.76,15.23
OF,1,386426.39634076,4806221.94995724,-70.4025289772317,43.4002799198476,-3.509,9.022,9.61,15.75,15.23
OF,2,386426.45868152,4806222.24831448,-70.4025282695708,43.4002826150269,-3.497,9.022,9.61,15.75,15.23
OF,3.3,386426.539724508,4806222.63617888,-70.4025273496115,43.40028611876,-3.481,9.023,9.59,15.74,15.23
OF,6.6,386426.745449016,4806223.62075777,-70.4025250143298,43.4002950128516,-3.441,9.024,9.56,15.72,15.23
OF,9.8,386426.944939448,4806224.57550093,-70.4025227498136,43.4003036374252,-3.400,9.026,9.53,15.70,15.23
OF,13.1,386427.150663956,4806225.56007981,-70.4025204145306,43.4003125315167,-3.360,9.027,9.51,15.68,15.23
OF,16.4,386427.356388464,4806226.5446587,-70.402518079247,43.4003214256082,-3.318,9.028,9.47,15.66,15.23
OF,19.7,386427.562112972,4806227.52923758,-70.4025157439628,43.4003303196996,-3.253,9.029,9.43,15.63,15.23
OF,23,386427.76783748,4806228.51381647,-70.4025134086778,43.4003392137909,-3.184,9.030,9.37,15.59,15.23
OF,26.2,386427.967327912,4806229.46855963,-70.4025111441585,43.4003478383643,-3.116,9.031,9.32,15.56,15.23
OF,29.5,386428.17305242,4806230.45313851,-70.4025088088723,43.4003567324556,-3.047,9.032,9.27,15.52,15.23
OF,32.8,386428.378776928,4806231.4377174,-70.4025064735855,43.4003656265468,-2.978,9.034,9.22,15.49,15.23
OF,36.1,386428.584501436,4806232.42229628,-70.402504138298,43.4003745206379,-2.910,9.035,9.17,15.46,15.23
OF,39.4,386428.790225944,4806233.40687517,-70.4025018030098,43.400383414729,-2.841,9.036,9.12,15.42,15.23
OF,42.7,386428.995950452,4806234.39145405,-70.402499467721,43.4003923088201,-2.770,9.037,9.07,15.38,15.23
OF,45.9,386429.195440884,4806235.34619721,-70.4024972031979,43.4004009333932,-2.695,9.039,9.01,15.35,15.23
OF,49.2,386429.401165392,4806236.33077609,-70.4024948679078,43.4004098274841,-2.621,9.040,8.96,15.31,15.23
OF,52.5,386429.6068899,4806237.31535498,-70.4024925326171,43.400418721575,-2.546,9.042,8.90,15.27,15.23
OF,55.8,386429.812614408,4806238.29993386,-70.4024901973257,43.4004276156658,-2.471,9.043,8.85,15.23,15.23
OF,59.1,386430.018338916,4806239.28451275,-70.4024878620337,43.4004365097566,-2.396,9.045,8.79,15.20,15.23
OF,62.3,386430.217829348,4806240.23925591,-70.4024855975075,43.4004451343294,-2.322,9.047,8.74,15.16,15.23
OF,65.6,386430.423553856,4806241.22383479,-70.4024832622141,43.4004540284201,-2.247,9.048,8.68,15.12,15.23
OF,68.9,386430.629278363,4806242.20841368,-70.4024809269202,43.4004629225108,-2.172,9.050,8.62,15.09,15.23
OF,72.2,386430.835002871,4806243.19299256,-70.4024785916255,43.4004718166013,-2.097,9.052,8.57,15.05,15.23
OF,75.5,386431.040727379,4806244.17757145,-70.4024762563303,43.4004807106919,-2.022,9.054,8.51,15.01,15.23
OF,78.7,386431.240217811,4806245.13231461,-70.4024739918009,43.4004893352645,-1.947,9.056,8.46,14.98,15.23
OF,82,386431.445942319,4806246.11689349,-70.4024716565043,43.4004982293549,-1.872,9.059,8.40,14.94,15.23
OF,85.3,386431.651666827,4806247.10147237,-70.4024693212071,43.4005071234453,-1.798,9.062,8.35,14.91,15.23
OF,88.6,386431.857391335,4806248.08605126,-70.4024669859093,43.4005160175356,-1.723,9.066,8.30,14.87,15.23
OF,91.9,386432.063115843,4806249.07063014,-70.4024646506108,43.4005249116259,-1.648,9.068,8.24,14.84,15.23
OF,95.1,386432.262606275,4806250.0253733,-70.4024623860783,43.4005335361982,-1.573,9.071,8.19,14.80,15.23
OF,98.4,386432.468330783,4806251.00995219,-70.4024600507785,43.4005424302884,-1.498,9.074,8.13,14.77,15.23
OF,101.7,386432.674055291,4806251.99453107,-70.402457715478,43.4005513243785,-1.424,9.077,8.08,14.73,15.23
OF,105,386432.879779799,4806252.97910996,-70.4024553801769,43.4005602184685,-1.359,9.080,8.03,14.70,15.23
OF,108.3,386433.085504307,4806253.96368884,-70.4024530448752,43.4005691125586,-1.304,9.084,7.99,14.68,15.23
OF,111.5,386433.284994739,4806254.918432,-70.4024507803395,43.4005777371307,-1.249,9.087,7.95,14.65,15.23
OF,114.8,386433.490719247,4806255.90301089,-70.4024484450365,43.4005866312206,-1.194,9.089,7.91,14.63,15.23
OF,118.1,386433.696443755,4806256.88758977,-70.4024461097328,43.4005955253104,-1.140,9.092,7.87,14.60,15.23
OF,121.4,386433.902168263,4806257.87216865,-70.4024437744285,43.4006044194002,-1.083,9.095,7.83,14.58,15.23
OF,124.7,386434.107892771,4806258.85674754,-70.4024414391235,43.40061331349,-1.024,9.097,7.79,14.55,15.23
OF,128,386434.313617279,4806259.84132642,-70.4024391038179,43.4006222075797,-0.965,9.100,7.75,14.52,15.23
OF,131.2,386434.513107711,4806260.79606958,-70.4024368392785,43.4006308321515,-0.906,9.104,7.71,14.50,15.23
OF,134.5,386434.718832219,4806261.78064847,-70.4024345039716,43.4006397262411,-0.847,9.107,7.66,14.47,15.23
OF,137.8,386434.924556727,4806262.76522735,-70.402432168664,43.4006486203306,-0.789,9.110,7.62,14.44,15.23
OF,141.1,386435.130281235,4806263.74980624,-70.4024298333558,43.4006575144202,-0.730,9.113,7.58,14.42,15.23
OF,144.4,386435.336005743,4806264.73438512,-70.4024274980469,43.4006664085096,-0.671,9.116,7.54,14.39,15.23
OF,147.6,386435.535496175,4806265.68912828,-70.4024252335044,43.4006750330811,-0.612,9.119,7.49,14.36,15.23
OF,150.9,386435.741220683,4806266.67370717,-70.4024228981943,43.4006839271705,-0.553,9.122,7.45,14.34,15.23
OF,154.2,386435.946945191,4806267.65828605,-70.4024205628835,43.4006928212598,-0.494,9.124,7.41,14.31,15.23
OF,157.5,386436.152669699,4806268.64286494,-70.402418227572,43.400701715349,-0.435,9.127,7.36,14.28,15.23
OF,160.8,386436.358394207,4806269.62744382,-70.4024158922599,43.4007106094382,-0.376,9.130,7.32,14.26,15.23
OF,164,386436.557884639,4806270.58218698,-70.4024136277142,43.4007192340095,-0.317,9.133,7.28,14.23,15.23
OF,167.3,386436.763609147,4806271.56676586,-70.4024112924009,43.4007281280986,-0.259,9.136,7.24,14.20,15.23
OF,170.6,386436.969333655,4806272.55134475,-70.4024089570868,43.4007370221876,-0.200,9.139,7.20,14.18,15.23
OF,173.9,386437.175058163,4806273.53592363,-70.4024066217721,43.4007459162766,-0.141,9.141,7.15,14.15,15.23
OF,177.2,386437.380782671,4806274.52050252,-70.4024042864568,43.4007548103656,-0.082,9.144,7.11,14.12,15.23
OF,180.4,386437.580273103,4806275.47524568,-70.402402021908,43.4007634349366,-0.023,9.147,7.07,14.09,15.23
OF,183.7,386437.785997611,4806276.45982456,-70.4023996865914,43.4007723290254,-0.092,9.152,7.08,14.11,15.23
IF,187,386437.991722119,4806277.44440345,-70.4023973512741,43.4007812231142,0.085,9.153,6.99,14.05,15.23
IF,190.3,386438.197446627,4806278.42898233,-70.4023950159562,43.4007901172029,0.153,9.155,6.94,14.01,15.23
IF,193.6,386438.403171135,4806279.41356122,-70.4023926806376,43.4007990112916,0.164,9.159,6.93,14.01,15.23
IF,196.8,386438.602661567,4806280.36830438,-70.4023904160856,43.4008076358624,0.187,9.162,6.92,14.00,15.23
IF,200.1,386438.808386074,4806281.35288326,-70.4023880807658,43.400816529951,0.379,9.163,6.77,13.90,15.23
IF,203.4,386439.014110582,4806282.33746214,-70.4023857454453,43.4008254240395,0.124,9.170,6.85,13.96,15.23
IF,206.7,386439.21983509,4806283.32204103,-70.4023834101241,43.400834318128,0.071,9.174,6.86,13.98,15.23
IF,210,386439.425559598,4806284.30661991,-70.4023810748023,43.4008432122164,0.259,9.175,6.81,13.95,15.23
IF,213.3,386439.631284106,4806285.2911988,-70.4023787394799,43.4008521063048,0.434,9.175,6.74,13.89,15.23
IF,216.5,386439.830774538,4806286.24594196,-70.4023764749241,43.4008607308753,0.452,9.179,6.73,13.89,15.23
IF,219.8,386440.036499046,4806287.23052084,-70.4023741396004,43.4008696249635,0.472,9.182,6.72,13.88,15.23
IF,223.1,386440.242223554,4806288.21509973,-70.402371804276,43.4008785190518,0.496,9.185,6.70,13.88,15.23
IF,226.4,386440.447948062,4806289.19967861,-70.402369468951,43.4008874131399,0.553,9.187,6.66,13.85,15.23
IF,229.7,386440.65367257,4806290.1842575,-70.4023671336253,43.400896307228,0.614,9.189,6.61,13.82,15.23
IF,232.9,386440.853163002,4806291.13900066,-70.4023648690664,43.4009049317983,0.673,9.192,6.57,13.79,15.23
IF,236.2,386441.05888751,4806292.12357954,-70.4023625337394,43.4009138258863,0.730,9.194,6.53,13.76,15.23
IF,239.5,386441.264612018,4806293.10815842,-70.4023601984118,43.4009227199742,0.762,9.197,6.51,13.75,15.23
IF,242.8,386441.470336526,4806294.09273731,-70.4023578630835,43.4009316140621,0.763,9.200,6.51,13.76,15.23
IF,246.1,386441.676061034,4806295.07731619,-70.4023555277546,43.40094050815,0.764,9.204,6.51,13.76,15.23
IF,249.3,386441.875551466,4806296.03205935,-70.4023532631926,43.40094913272,0.716,9.207,6.53,13.78,15.23
IF,252.6,386442.081275974,4806297.01663824,-70.4023509278624,43.4009580268077,0.649,9.211,6.55,13.79,15.23
IF,255.9,386442.287000482,4806298.00121712,-70.4023485925315,43.4009669208954,0.642,9.213,6.55,13.80,15.23
IF,259.2,386442.49272499,4806298.98579601,-70.4023462572,43.4009758149831,0.791,9.214,6.50,13.76,15.23
IF,262.5,386442.698449498,4806299.97037489,-70.4023439218679,43.4009847090707,0.946,9.214,6.38,13.68,15.23
IF,265.7,386442.89793993,4806300.92511805,-70.4023416573027,43.4009933336404,1.119,9.215,6.25,13.59,15.23
IF,269,386443.103664438,4806301.90969694,-70.4023393219693,43.4010022277279,1.229,9.217,6.17,13.53,15.23
IF,272.3,386443.309388946,4806302.89427582,-70.4023369866352,43.4010111218154,1.244,9.220,6.16,13.53,15.23
IF,275.6,386443.515113454,4806303.87885471,-70.4023346513004,43.4010200159027,1.226,9.224,6.16,13.54,15.23
IF,278.9,386443.720837962,4806304.86343359,-70.402332315965,43.4010289099901,1.155,9.228,6.19,13.56,15.23
IF,282.2,386443.92656247,4806305.84801247,-70.402329980629,43.4010378040774,1.128,9.231,6.20,13.57,15.23
IF,285.4,386444.126052902,4806306.80275563,-70.4023277160601,43.4010464286468,1.244,9.232,6.17,13.55,15.23
IF,288.7,386444.33177741,4806307.78733452,-70.4023253807228,43.401055322734,1.201,9.235,6.18,13.56,15.23
IF,292,386444.537501918,4806308.7719134,-70.4023230453848,43.4010642168211,1.226,9.238,6.18,13.56,15.23
IF,295.3,386444.743226426,4806309.75649229,-70.4023207100461,43.4010731109082,1.272,9.239,6.15,13.54,15.23
IF,298.6,386444.948950934,4806310.74107117,-70.4023183747069,43.4010820049952,1.253,9.242,6.16,13.55,15.23
IF,301.8,386445.148441366,4806311.69581433,-70.4023161101348,43.4010906295644,1.194,9.245,6.18,13.57,15.23
IF,305.1,386445.354165874,4806312.68039322,-70.4023137747942,43.4010995236514,1.143,9.248,6.19,13.58,15.23
IF,308.4,386445.559890382,4806313.6649721,-70.402311439453,43.4011084177382,1.092,9.251,6.21,13.60,15.23
IF,311.7,386445.76561489,4806314.64955099,-70.4023091041112,43.4011173118251,1.091,9.253,6.21,13.60,15.23
IF,315,386445.971339398,4806315.63412987,-70.4023067687686,43.4011262059118,1.177,9.253,6.19,13.59,15.23
IF,318.2,386446.17082983,4806316.58887303,-70.4023045041935,43.4011348304808,1.263,9.255,6.17,13.57,15.23
IF,321.5,386446.376554338,4806317.57345191,-70.4023021688497,43.4011437245675,1.349,9.255,6.10,13.53,15.23
IF,324.8,386446.582278846,4806318.5580308,-70.4022998335052,43.4011526186541,1.417,9.257,6.05,13.49,15.23
IF,328.1,386446.788003354,4806319.54260968,-70.4022974981601,43.4011615127406,1.471,9.258,6.01,13.47,15.23
IF,331.4,386446.993727862,4806320.52718857,-70.4022951628143,43.4011704068272,1.525,9.260,5.97,13.44,15.23
IF,334.6,386447.193218293,4806321.48193173,-70.402292898236,43.4011790313958,1.579,9.261,5.93,13.41,15.23
IF,337.9,386447.398942801,4806322.46651061,-70.402290562889,43.4011879254823,1.604,9.263,5.91,13.40,15.23
IF,341.2,386447.604667309,4806323.4510895,-70.4022882275413,43.4011968195686,1.557,9.266,5.93,13.42,15.23
IF,344.5,386447.810391817,4806324.43566838,-70.402285892193,43.4012057136549,1.510,9.268,5.94,13.43,15.23
IF,347.8,386448.016116325,4806325.42024727,-70.402283556844,43.4012146077412,1.463,9.270,5.96,13.44,15.23
IF,351,386448.215606757,4806326.37499043,-70.4022812922625,43.4012232323096,1.416,9.273,5.97,13.45,15.23
IF,354.3,386448.421331265,4806327.35956931,-70.4022789569122,43.4012321263958,1.449,9.274,5.97,13.45,15.23
IF,357.6,386448.627055773,4806328.34414819,-70.4022766215613,43.4012410204819,1.600,9.274,5.93,13.42,15.23
IF,360.9,386448.832780281,4806329.32872708,-70.4022742862097,43.4012499145679,1.750,9.274,5.81,13.34,15.23
IF,364.2,386449.038504789,4806330.31330596,-70.4022719508575,43.4012588086539,1.794,9.275,5.78,13.32,15.23
IF,367.5,386449.244229297,4806331.29788485,-70.4022696155046,43.4012677027399,1.781,9.278,5.78,13.33,15.23
IF,370.7,386449.443719729,4806332.25262801,-70.4022673509194,43.401276327308,1.934,9.278,5.67,13.25,15.23
IF,374,386449.649444237,4806333.23720689,-70.4022650155652,43.4012852213939,2.035,9.278,5.60,13.19,15.23
IF,377.3,386449.855168745,4806334.22178578,-70.4022626802104,43.4012941154797,2.017,9.281,5.60,13.20,15.23
IF,380.6,386450.060893253,4806335.20636466,-70.402260344855,43.4013030095654,1.999,9.283,5.61,13.21,15.23
IF,383.9,386450.266617761,4806336.19094355,-70.4022580094989,43.4013119036511,1.981,9.286,5.62,13.22,15.23
IF,387.1,386450.466108193,4806337.14568671,-70.4022557449105,43.401320528219,1.957,9.288,5.63,13.23,15.23
IF,390.4,386450.671832701,4806338.13026559,-70.4022534095531,43.4013294223046,1.931,9.290,5.63,13.23,15.23
IF,393.7,386450.877557209,4806339.11484447,-70.4022510741951,43.4013383163901,1.932,9.292,5.64,13.24,15.23
IF,397,386451.083281717,4806340.09942336,-70.4022487388364,43.4013472104756,2.040,9.292,5.60,13.21,15.23
IF,400.3,386451.289006225,4806341.08400224,-70.402246403477,43.4013561045611,2.142,9.293,5.53,13.16,15.23
IF,403.5,386451.488496657,4806342.0387454,-70.4022441388855,43.4013647291287,2.181,9.294,5.50,13.14,15.23
IF,406.8,386451.694221165,4806343.02332429,-70.4022418035249,43.401373623214,2.214,9.296,5.47,13.13,15.23
IF,410.1,386451.899945673,4806344.00790317,-70.4022394681636,43.4013825172993,2.237,9.297,5.46,13.12,15.23
IF,413.4,386452.105670181,4806344.99248206,-70.4022371328017,43.4013914113845,2.259,9.299,5.44,13.11,15.23
IF,416.7,386452.311394689,4806345.97706094,-70.4022347974391,43.4014003054697,2.262,9.301,5.44,13.11,15.23
IF,419.9,386452.510885121,4806346.9318041,-70.4022325328445,43.4014089300371,2.245,9.303,5.45,13.12,15.23
IF,423.2,386452.716609629,4806347.91638299,-70.4022301974806,43.4014178241222,2.229,9.305,5.45,13.12,15.23
IF,426.5,386452.922334137,4806348.90096187,-70.4022278621161,43.4014267182072,2.212,9.307,5.46,13.13,15.23
IF,429.8,386453.128058645,4806349.88554076,-70.4022255267509,43.4014356122922,2.259,9.307,5.45,13.12,15.23
IF,433.1,386453.333783153,4806350.87011964,-70.4022231913851,43.4014445063771,2.358,9.308,5.37,13.07,15.23
IF,436.4,386453.539507661,4806351.85469852,-70.4022208560186,43.401453400462,2.304,9.310,5.39,13.08,15.23
IF,439.6,386453.738998093,4806352.80944168,-70.4022185914202,43.4014620250291,2.260,9.312,5.40,13.09,15.23
IF,442.9,386453.944722601,4806353.79402057,-70.4022162560525,43.4014709191138,2.247,9.313,5.41,13.10,15.23
IF,446.2,386454.150447109,4806354.77859945,-70.4022139206841,43.4014798131986,2.301,9.314,5.39,13.09,15.23
IF,449.5,386454.356171617,4806355.76317834,-70.402211585315,43.4014887072832,2.603,9.312,5.19,12.94,15.23
IF,452.8,386454.561896125,4806356.74775722,-70.4022092499453,43.4014976013678,2.904,9.310,4.95,12.78,15.23
IF,456,386454.761386557,4806357.70250038,-70.4022069853438,43.4015062259347,3.240,9.308,4.70,12.59,15.23
IF,459.3,386454.967111065,4806358.68707927,-70.4022046499728,43.4015151200192,3.753,9.305,4.30,12.31,15.23
IF,462.6,386455.172835573,4806359.67165815,-70.4022023146011,43.4015240141037,4.181,9.303,3.97,12.08,15.23
IF,465.9,386455.378560081,4806360.65623704,-70.4021999792289,43.401532908188,4.224,9.310,3.94,12.07,15.23
IF,469.2,386455.584284589,4806361.64081592,-70.4021976438559,43.4015418022724,4.588,9.311,3.66,11.87,15.23
IF,472.4,386455.783775021,4806362.59555908,-70.4021953792512,43.401550426839,5.119,9.311,3.25,11.59,15.23
IF,475.7,386455.989499528,4806363.58013796,-70.402193043877,43.4015593209233,5.921,9.308,2.63,11.15,15.23
IF,479,386456.195224036,4806364.56471685,-70.4021907085021,43.4015682150074,7.178,9.382,1.71,10.58,15.23
IF,482.3,386456.400948544,4806365.54929573,-70.4021883731266,43.4015771090916,8.436,9.718,1.00,10.42,15.23
IF,484,386456.506927836,4806366.05650304,-70.4021871700541,43.4015816908925,9.094,9.718,0.49,10.06,15.23
IF,490,386456.880972396,4806367.84664646,-70.4021829239145,43.4015978619544,9.521,9.718,0.15,9.83,15.23
IF,490.3,386456.899674624,4806367.93615363,-70.4021827116075,43.4015986705075,9.718,9.718,0.01,9.72,15.23
AS,622.2,386465.122420867,4806407.28947328,-70.4020893667594,43.4019541643083,9.157,9.157,0.00,9.16,0.00
IF,623,386465.172293475,4806407.52815907,-70.4020888006009,43.4019563204494,9.062,9.157,0.02,9.17,0.15
IF,634.5,386465.889212215,4806410.95926731,-70.4020806620693,43.4019873149769,8.766,9.157,0.08,9.21,0.33
IF,642.5,386466.387938295,4806413.34612521,-70.4020750004773,43.4020088763871,9.094,9.157,0.04,9.19,0.38
IF,651.5,386466.949005135,4806416.03134035,-70.4020686311819,43.4020331329731,8.832,9.157,0.13,9.25,0.43
IF,662.5,386467.634753495,4806419.31326996,-70.4020608464808,43.402062779911,8.799,9.157,0.15,9.27,0.48
IF,671.2,386468.177118107,4806421.90897793,-70.4020546894849,43.4020862279433,9.157,9.157,0.01,9.16,0.51
AS,843.3,386478.905962902,4806473.25625854,-70.4019328932669,43.4025500676812,9.157,9.157,0.00,9.16,0.00
IF,844,386478.949601434,4806473.4651086,-70.401932397869,43.4025519543039,9.131,9.157,0.01,9.17,0.14
IF,846,386479.074282954,4806474.06182308,-70.4019309824464,43.4025573446545,9.157,9.157,0.01,9.16,0.20
AS,852.4,386479.473263818,4806475.9713094,-70.4019264530922,43.4025745937762,9.157,9.157,0.00,9.16,0.00
IF,858.5,386479.853542454,4806477.79128855,-70.4019221360493,43.4025910343451,8.639,9.157,0.05,9.19,0.26
IF,863.5,386480.165246254,4806479.28307474,-70.4019185974878,43.4026045102211,8.143,9.157,0.07,9.21,0.32
IF,875.5,386480.913335374,4806482.86336159,-70.4019101049342,43.4026368523231,8.310,9.157,0.12,9.24,0.40
IF,882.4,386481.343486617,4806484.92202653,-70.401905221712,43.4026554490314,9.157,9.157,0.01,9.16,0.44
AS,923.6,386483.911925929,4806497.21434472,-70.4018760638621,43.4027664902417,9.122,9.122,0.00,9.12,0.00
IF,928,386484.186225273,4806498.52711657,-70.401872949911,43.4027783490112,8.963,9.122,0.04,9.15,0.24
IF,936.5,386484.716121733,4806501.06315309,-70.4018669343203,43.4028012579976,8.537,9.122,0.08,9.18,0.33
IF,942,386485.058995913,4806502.70411789,-70.4018630418769,43.4028160814592,8.045,9.122,0.10,9.19,0.37
IF,947.5,386485.401870093,4806504.3450827,-70.4018591494318,43.4028309049206,7.881,9.122,0.12,9.21,0.41
IF,956.5,386485.962936933,4806507.03029784,-70.4018527799722,43.4028551614936,7.913,9.122,0.15,9.23,0.45
IF,966,386486.555174153,4806509.8646916,-70.4018460566485,43.4028807656535,6.896,9.122,0.18,9.25,0.49
IF,976,386487.178581753,4806512.84826398,-70.4018389794598,43.4029077174004,5.551,9.122,0.20,9.26,0.53
IF,986,386487.801989353,4806515.83183635,-70.4018319022651,43.4029346691467,6.535,9.122,0.23,9.28,0.56
IF,993,386488.238374673,4806517.92033702,-70.4018269482253,43.4029535353689,6.929,9.122,0.24,9.29,0.58
IF,1008.5,386489.204656453,4806522.5448742,-70.4018159785553,43.4029953105743,5.518,9.122,0.28,9.32,0.62
IF,1023.5,386490.139767852,4806527.02023277,-70.4018053627319,43.4030357381913,6.306,9.122,0.31,9.34,0.65
IF,1032.5,386490.700834692,4806529.7054479,-70.4017989932314,43.403059994761,4.928,9.122,0.33,9.35,0.67
OF,1041,386491.230731152,4806532.24148443,-70.4017929775876,43.4030829037432,-0.034,9.122,0.35,9.36,0.69
OF,1042,386491.293071912,4806532.53984166,-70.4017922698645,43.4030855989175,-0.153,9.122,0.35,9.37,0.69
OF,1043,386491.355412672,4806532.8381989,-70.4017915621414,43.4030882940919,-0.272,9.122,0.35,9.37,0.69
OF,1044,386491.417753432,4806533.13655614,-70.4017908544182,43.4030909892662,-0.391,9.122,0.35,9.37,0.69
OF,1045,386491.480094192,4806533.43491338,-70.4017901466949,43.4030936844405,-0.510,9.122,0.35,9.37,0.69
OF,1046,386491.542434952,4806533.73327061,-70.4017894389716,43.4030963796149,-0.629,9.122,0.36,9.37,0.70
OF,1047,386491.604775712,4806534.03162785,-70.4017887312482,43.4030990747892,-0.748,9.122,0.36,9.37,0.70
OF,1048,386491.667116472,4806534.32998509,-70.4017880235248,43.4031017699635,-0.867,9.122,0.36,9.37,0.70
OF,1049,386491.729457232,4806534.62834233,-70.4017873158012,43.4031044651378,-0.986,9.122,0.36,9.37,0.70
OF,1050,386491.791797992,4806534.92669956,-70.4017866080777,43.4031071603121,-1.105,9.122,0.36,9.38,0.70
OF,1051,386491.854138752,4806535.2250568,-70.4017859003541,43.4031098554864,-1.224,9.122,0.36,9.38,0.71
OF,1052,386491.916479512,4806535.52341404,-70.4017851926304,43.4031125506607,-1.343,9.122,0.37,9.38,0.71
OF,1053,386491.978820272,4806535.82177128,-70.4017844849066,43.403115245835,-1.462,9.122,0.37,9.38,0.71
OF,1054,386492.041161032,4806536.12012851,-70.4017837771828,43.4031179410093,-1.581,9.122,0.37,9.38,0.71
OF,1055,386492.103501792,4806536.41848575,-70.401783069459,43.4031206361836,-1.700,9.121,0.37,9.38,0.71
OF,1056,386492.165842552,4806536.71684299,-70.4017823617351,43.4031233313579,-1.819,9.121,0.37,9.38,0.72
OF,1057,386492.228183312,4806537.01520023,-70.4017816540111,43.4031260265322,-1.938,9.121,0.38,9.38,0.72
OF,1058,386492.290524072,4806537.31355747,-70.401780946287,43.4031287217065,-2.057,9.121,0.38,9.39,0.72
OF,1059,386492.352864832,4806537.6119147,-70.4017802385629,43.4031314168807,-2.176,9.121,0.38,9.39,0.72
OF,1060,386492.415205592,4806537.91027194,-70.4017795308388,43.403134112055,-2.295,9.121,0.38,9.39,0.72
OF,1061,386492.477546352,4806538.20862918,-70.4017788231146,43.4031368072292,-2.414,9.121,0.38,9.39,0.72
OF,1062,386492.539887112,4806538.50698642,-70.4017781153903,43.4031395024035,-2.533,9.121,0.39,9.39,0.73
OF,1063,386492.602227872,4806538.80534365,-70.4017774076659,43.4031421975777,-2.652,9.121,0.39,9.39,0.73
OF,1064,386492.664568632,4806539.10370089,-70.4017766999415,43.403144892752,-2.771,9.121,0.39,9.39,0.73
OF,1065,386492.726909392,4806539.40205813,-70.4017759922171,43.4031475879262,-2.890,9.121,0.39,9.39,0.73
OF,1066,386492.789250152,4806539.70041537,-70.4017752844926,43.4031502831004,-3.009,9.121,0.39,9.40,0.73
OF,1067,386492.851590912,4806539.9987726,-70.401774576768,43.4031529782747,-3.128,9.121,0.39,9.40,0.73
OF,1068,386492.913931672,4806540.29712984,-70.4017738690434,43.4031556734489,-3.247,9.121,0.40,9.40,0.74
OF,1069,386492.976272432,4806540.59548708,-70.4017731613186,43.4031583686231,-3.366,9.121,0.40,9.40,0.74
OF,1070,386493.038613192,4806540.89384432,-70.4017724535939,43.4031610637973,-3.485,9.121,0.40,9.40,0.74
OF,1071,386493.100953952,4806541.19220155,-70.4017717458691,43.4031637589715,-3.604,9.121,0.40,9.40,0.74
OF,1072,386493.163294712,4806541.49055879,-70.4017710381442,43.4031664541458,-3.723,9.121,0.40,9.40,0.74
OF,1073,386493.225635472,4806541.78891603,-70.4017703304193,43.40316914932,-3.842,9.121,0.41,9.40,0.74
OF,1074,386493.287976232,4806542.08727327,-70.4017696226943,43.4031718444941,-3.961,9.121,0.41,9.41,0.75
OF,1075,386493.350316992,4806542.38563051,-70.4017689149692,43.4031745396683,-4.081,9.121,0.41,9.41,0.75
OF,1076,386493.412657752,4806542.68398774,-70.4017682072441,43.4031772348425,-4.199,9.121,0.41,9.41,0.75
OF,1077,386493.474998512,4806542.98234498,-70.4017674995189,43.4031799300167,-4.318,9.121,0.41,9.41,0.75
OF,1078,386493.537339272,4806543.28070222,-70.4017667917937,43.4031826251909,-4.437,9.121,0.41,9.41,0.75
OF,1079,386493.599680032,4806543.57905946,-70.4017660840684,43.403185320365,-4.556,9.121,0.42,9.41,0.75
OF,1080,386493.662020792,4806543.87741669,-70.401765376343,43.4031880155392,-4.675,9.121,0.42,9.41,0.76
OF,1081,386493.724361552,4806544.17577393,-70.4017646686176,43.4031907107134,-4.794,9.121,0.42,9.41,0.76
OF,1082,386493.786702312,4806544.47413117,-70.4017639608921,43.4031934058875,-4.914,9.121,0.42,9.42,0.76
OF,1083,386493.849043072,4806544.77248841,-70.4017632531666,43.4031961010617,-5.032,9.121,0.42,9.42,0.76
OF,1084,386493.911383832,4806545.07084564,-70.401762545441,43.4031987962358,-5.152,9.121,0.43,9.42,0.76
OF,1085,386493.973724592,4806545.36920288,-70.4017618377153,43.40320149141,-5.270,9.121,0.43,9.42,0.76
OF,1086,386494.036065352,4806545.66756012,-70.4017611299896,43.4032041865841,-5.390,9.121,0.43,9.42,0.77
OF,1087,386494.098406112,4806545.96591736,-70.4017604222639,43.4032068817583,-5.509,9.121,0.43,9.42,0.77
OF,1088,386494.160746872,4806546.2642746,-70.401759714538,43.4032095769324,-5.628,9.121,0.43,9.42,0.77
OF,1089,386494.223087632,4806546.56263183,-70.4017590068121,43.4032122721065,-5.747,9.121,0.43,9.42,0.77
OF,1090,386494.285428392,4806546.86098907,-70.4017582990862,43.4032149672806,-5.865,9.121,0.44,9.43,0.77
OF,1091,386494.347769152,4806547.15934631,-70.4017575913602,43.4032176624547,-5.930,9.121,0.44,9.43,0.77
OF,1092,386494.410109912,4806547.45770355,-70.4017568836341,43.4032203576288,-5.930,9.121,0.44,9.43,0.77
OF,1093,386494.472450672,4806547.75606078,-70.4017561759079,43.4032230528029,-5.930,9.121,0.44,9.43,0.78
OF,1094,386494.534791432,4806548.05441802,-70.4017554681818,43.4032257479771,-5.930,9.121,0.44,9.43,0.78
OF,1095,386494.597132192,4806548.35277526,-70.4017547604555,43.4032284431511,-5.930,9.121,0.44,9.43,0.78
OF,1096,386494.659472952,4806548.6511325,-70.4017540527292,43.4032311383252,-5.930,9.121,0.45,9.43,0.78
OF,1097,386494.721813712,4806548.94948974,-70.4017533450028,43.4032338334993,-5.930,9.121,0.45,9.43,0.78
OF,1098,386494.784154472,4806549.24784697,-70.4017526372764,43.4032365286734,-5.930,9.121,0.45,9.44,0.78
OF,1099,386494.846495232,4806549.54620421,-70.4017519295499,43.4032392238475,-5.930,9.121,0.45,9.44,0.79
OF,1100,386494.908835992,4806549.84456145,-70.4017512218233,43.4032419190215,-5.930,9.121,0.45,9.44,0.79
OF,1101,386494.971176752,4806550.14291869,-70.4017505140967,43.4032446141956,-5.930,9.121,0.45,9.44,0.79
OF,1102,386495.033517512,4806550.44127592,-70.4017498063701,43.4032473093697,-5.930,9.121,0.46,9.44,0.79
OF,1103,386495.095858272,4806550.73963316,-70.4017490986433,43.4032500045438,-5.930,9.121,0.46,9.44,0.79
OF,1104,386495.158199032,4806551.0379904,-70.4017483909165,43.4032526997178,-5.930,9.121,0.46,9.44,0.79
OF,1105,386495.220539792,4806551.33634764,-70.4017476831897,43.4032553948919,-5.930,9.121,0.46,9.44,0.79
OF,1106,386495.282880552,4806551.63470487,-70.4017469754628,43.4032580900659,-5.929,9.121,0.46,9.45,0.80
OF,1107,386495.345221312,4806551.93306211,-70.4017462677358,43.4032607852399,-5.929,9.121,0.46,9.45,0.80
OF,1108,386495.407562072,4806552.23141935,-70.4017455600088,43.403263480414,-5.929,9.121,0.47,9.45,0.80
OF,1109,386495.469902832,4806552.52977659,-70.4017448522817,43.403266175588,-5.929,9.121,0.47,9.45,0.80
OF,1110,386495.532243592,4806552.82813382,-70.4017441445545,43.403268870762,-5.929,9.121,0.47,9.45,0.80
OF,1111,386495.594584352,4806553.12649106,-70.4017434368273,43.403271565936,-5.929,9.121,0.47,9.45,0.80
OF,1112,386495.656925112,4806553.4248483,-70.4017427291001,43.40327426111,-5.928,9.121,0.47,9.45,0.80
OF,1113,386495.719265872,4806553.72320554,-70.4017420213727,43.4032769562841,-5.928,9.121,0.48,9.45,0.81
OF,1114,386495.781606632,4806554.02156278,-70.4017413136453,43.4032796514581,-5.928,9.121,0.48,9.45,0.81
OF,1115,386495.843947392,4806554.31992001,-70.4017406059179,43.4032823466321,-5.928,9.121,0.48,9.46,0.81
OF,1116,386495.906288152,4806554.61827725,-70.4017398981904,43.4032850418061,-5.928,9.121,0.48,9.46,0.81
OF,1117,386495.968628912,4806554.91663449,-70.4017391904628,43.4032877369801,-5.928,9.121,0.48,9.46,0.81
OF,1118,386496.030969672,4806555.21499173,-70.4017384827352,43.4032904321541,-5.928,9.121,0.48,9.46,0.81
OF,1119,386496.093310432,4806555.51334896,-70.4017377750075,43.403293127328,-5.927,9.121,0.48,9.46,0.81
OF,1120,386496.155651192,4806555.8117062,-70.4017370672798,43.403295822502,-5.927,9.121,0.49,9.46,0.82
OF,1121,386496.217991952,4806556.11006344,-70.4017363595519,43.403298517676,-5.927,9.121,0.49,9.46,0.82
OF,1122,386496.280332712,4806556.40842068,-70.4017356518241,43.4033012128499,-5.927,9.121,0.49,9.46,0.82
OF,1123,386496.342673472,4806556.70677791,-70.4017349440961,43.4033039080239,-5.927,9.121,0.49,9.47,0.82
OF,1124,386496.405014232,4806557.00513515,-70.4017342363682,43.4033066031979,-5.927,9.121,0.49,9.47,0.82
OF,1125,386496.467354992,4806557.30349239,-70.4017335286401,43.4033092983718,-5.927,9.121,0.49,9.47,0.82
OF,1126,386496.529695752,4806557.60184963,-70.401732820912,43.4033119935458,-5.927,9.121,0.50,9.47,0.82
OF,1127,386496.592036512,4806557.90020686,-70.4017321131839,43.4033146887197,-5.927,9.121,0.50,9.47,0.82
OF,1128,386496.654377272,4806558.1985641,-70.4017314054556,43.4033173838936,-5.927,9.121,0.50,9.47,0.83
OF,1129,386496.716718032,4806558.49692134,-70.4017306977273,43.4033200790676,-5.927,9.121,0.50,9.47,0.83
OF,1130,386496.779058792,4806558.79527858,-70.401729989999,43.4033227742415,-5.926,9.121,0.50,9.47,0.83
OF,1131,386496.841399552,4806559.09363582,-70.4017292822706,43.4033254694154,-5.926,9.121,0.50,9.47,0.83
OF,1132,386496.903740312,4806559.39199305,-70.4017285745421,43.4033281645893,-5.926,9.121,0.51,9.48,0.83
OF,1133,386496.966081072,4806559.69035029,-70.4017278668136,43.4033308597633,-5.926,9.121,0.51,9.48,0.83
OF,1134,386497.028421832,4806559.98870753,-70.401727159085,43.4033335549372,-5.926,9.121,0.51,9.48,0.83
OF,1135,386497.090762592,4806560.28706477,-70.4017264513564,43.4033362501111,-5.926,9.121,0.51,9.48,0.84
OF,1136,386497.153103352,4806560.585422,-70.4017257436277,43.403338945285,-5.926,9.121,0.51,9.48,0.84
OF,1137,386497.215444112,4806560.88377924,-70.4017250358989,43.4033416404589,-5.926,9.121,0.51,9.48,0.84
OF,1138,386497.277784872,4806561.18213648,-70.4017243281701,43.4033443356328,-5.926,9.121,0.52,9.48,0.84
OF,1139,386497.340125632,4806561.48049372,-70.4017236204412,43.4033470308067,-5.926,9.121,0.52,9.48,0.84
OF,1140,386497.402466392,4806561.77885095,-70.4017229127123,43.4033497259805,-5.926,9.121,0.52,9.48,0.84
OF,1141,386497.464807152,4806562.07720819,-70.4017222049832,43.4033524211544,-5.925,9.121,0.52,9.49,0.84
OF,1142,386497.527147912,4806562.37556543,-70.4017214972542,43.4033551163283,-5.925,9.121,0.52,9.49,0.84
OF,1143,386497.589488672,4806562.67392267,-70.4017207895251,43.4033578115022,-5.925,9.121,0.52,9.49,0.85
OF,1144,386497.651829432,4806562.97227991,-70.4017200817959,43.403360506676,-5.925,9.121,0.53,9.49,0.85
OF,1145,386497.714170192,4806563.27063714,-70.4017193740666,43.4033632018499,-5.925,9.121,0.53,9.49,0.85
OF,1146,386497.776510952,4806563.56899438,-70.4017186663373,43.4033658970237,-5.925,9.121,0.53,9.49,0.85
OF,1147,386497.838851712,4806563.86735162,-70.401717958608,43.4033685921976,-5.925,9.121,0.53,9.49,0.85
OF,1148,386497.901192472,4806564.16570886,-70.4017172508785,43.4033712873714,-5.925,9.121,0.53,9.49,0.85
OF,1149,386497.963533232,4806564.46406609,-70.4017165431491,43.4033739825453,-5.925,9.121,0.53,9.49,0.85
OF,1150,386498.025873991,4806564.76242333,-70.4017158354195,43.4033766777191,-5.925,9.121,0.53,9.50,0.85
OF,1151,386498.088214752,4806565.06078057,-70.4017151276899,43.4033793728929,-5.925,9.121,0.54,9.50,0.86
OF,1152,386498.150555511,4806565.35913781,-70.4017144199603,43.4033820680667,-5.925,9.121,0.54,9.50,0.86
OF,1153,386498.212896271,4806565.65749505,-70.4017137122305,43.4033847632406,-5.924,9.121,0.54,9.50,0.86
OF,1154,386498.275237031,4806565.95585228,-70.4017130045008,43.4033874584144,-5.924,9.121,0.54,9.50,0.86
OF,1155,386498.337577791,4806566.25420952,-70.4017122967709,43.4033901535882,-5.924,9.121,0.54,9.50,0.86
OF,1156,386498.399918551,4806566.55256676,-70.401711589041,43.403392848762,-5.924,9.121,0.54,9.50,0.86
OF,1157,386498.462259311,4806566.850924,-70.4017108813111,43.4033955439358,-5.924,9.121,0.55,9.50,0.86
OF,1158,386498.524600071,4806567.14928123,-70.401710173581,43.4033982391096,-5.924,9.121,0.55,9.50,0.86
OF,1159,386498.586940831,4806567.44763847,-70.401709465851,43.4034009342834,-5.924,9.121,0.55,9.51,0.87
OF,1160,386498.649281591,4806567.74599571,-70.4017087581208,43.4034036294572,-5.924,9.121,0.55,9.51,0.87
OF,1161,386498.711622351,4806568.04435295,-70.4017080503906,43.403406324631,-5.924,9.121,0.55,9.51,0.87
OF,1162,386498.773963111,4806568.34271018,-70.4017073426604,43.4034090198047,-5.924,9.121,0.55,9.51,0.87
OF,1163,386498.836303871,4806568.64106742,-70.4017066349301,43.4034117149785,-5.924,9.121,0.56,9.51,0.87
OF,1164,386498.898644631,4806568.93942466,-70.4017059271997,43.4034144101523,-5.924,9.121,0.56,9.51,0.87
OF,1165,386498.960985391,4806569.2377819,-70.4017052194692,43.403417105326,-5.923,9.121,0.56,9.51,0.87
OF,1166,386499.023326151,4806569.53613913,-70.4017045117387,43.4034198004998,-5.923,9.121,0.56,9.51,0.87
OF,1167,386499.085666911,4806569.83449637,-70.4017038040082,43.4034224956735,-5.923,9.121,0.56,9.51,0.88
OF,1168,386499.148007671,4806570.13285361,-70.4017030962776,43.4034251908473,-5.923,9.121,0.56,9.51,0.88
OF,1169,386499.210348431,4806570.43121085,-70.4017023885469,43.4034278860211,-5.923,9.121,0.56,9.52,0.88
OF,1170,386499.272689191,4806570.72956809,-70.4017016808161,43.4034305811948,-5.923,9.121,0.57,9.52,0.88
OF,1171,386499.335029951,4806571.02792532,-70.4017009730854,43.4034332763685,-5.923,9.121,0.57,9.52,0.88
OF,1172,386499.397370711,4806571.32628256,-70.4017002653545,43.4034359715422,-5.923,9.121,0.57,9.52,0.88
OF,1173,386499.459711471,4806571.6246398,-70.4016995576236,43.403438666716,-5.923,9.121,0.57,9.52,0.88
OF,1174,386499.522052231,4806571.92299704,-70.4016988498926,43.4034413618897,-5.923,9.121,0.57,9.52,0.88
OF,1175,386499.584392991,4806572.22135427,-70.4016981421616,43.4034440570634,-5.923,9.121,0.57,9.52,0.89
OF,1176,386499.646733751,4806572.51971151,-70.4016974344305,43.4034467522371,-5.922,9.121,0.58,9.52,0.89
OF,1177,386499.709074511,4806572.81806875,-70.4016967266993,43.4034494474108,-5.922,9.121,0.58,9.52,0.89
OF,1178,386499.771415271,4806573.11642599,-70.4016960189681,43.4034521425845,-5.922,9.121,0.58,9.53,0.89
OF,1179,386499.833756031,4806573.41478322,-70.4016953112368,43.4034548377582,-5.922,9.121,0.58,9.53,0.89
OF,1180,386499.896096791,4806573.71314046,-70.4016946035055,43.4034575329319,-5.922,9.121,0.58,9.53,0.89
OF,1181,386499.958437551,4806574.0114977,-70.4016938957741,43.4034602281056,-5.922,9.121,0.58,9.53,0.89
OF,1182,386500.020778311,4806574.30985494,-70.4016931880426,43.4034629232793,-5.922,9.121,0.58,9.53,0.89
OF,1183,386500.083119071,4806574.60821217,-70.4016924803111,43.4034656184529,-5.922,9.121,0.59,9.53,0.89
OF,1184,386500.145459831,4806574.90656941,-70.4016917725796,43.4034683136266,-5.922,9.121,0.59,9.53,0.90
OF,1185,386500.207800591,4806575.20492665,-70.4016910648479,43.4034710088003,-5.922,9.121,0.59,9.53,0.90
OF,1186,386500.270141351,4806575.50328389,-70.4016903571162,43.403473703974,-5.922,9.121,0.59,9.53,0.90
OF,1187,386500.332482111,4806575.80164113,-70.4016896493845,43.4034763991476,-5.922,9.121,0.59,9.54,0.90
OF,1188,386500.394822871,4806576.09999836,-70.4016889416527,43.4034790943213,-5.921,9.121,0.59,9.54,0.90
OF,1189,386500.457163631,4806576.3983556,-70.4016882339208,43.4034817894949,-5.921,9.121,0.59,9.54,0.90
OF,1190,386500.519504391,4806576.69671284,-70.4016875261889,43.4034844846686,-5.921,9.121,0.60,9.54,0.90
OF,1191,386500.581845151,4806576.99507008,-70.4016868184569,43.4034871798422,-5.921,9.121,0.60,9.54,0.90
OF,1192,386500.644185911,4806577.29342731,-70.4016861107248,43.4034898750159,-5.812,9.121,0.60,9.54,0.90
OF,1193,386500.706526671,4806577.59178455,-70.4016854029927,43.4034925701895,-5.691,9.121,0.60,9.54,0.91
OF,1194,386500.768867431,4806577.89014179,-70.4016846952605,43.4034952653631,-5.570,9.121,0.60,9.54,0.91
OF,1195,386500.831208191,4806578.18849903,-70.4016839875283,43.4034979605367,-5.448,9.121,0.60,9.54,0.91
OF,1196,386500.893548951,4806578.48685626,-70.401683279796,43.4035006557103,-5.327,9.121,0.60,9.54,0.91
OF,1197,386500.955889711,4806578.7852135,-70.4016825720636,43.4035033508839,-5.206,9.121,0.61,9.55,0.91
OF,1198,386501.018230471,4806579.08357074,-70.4016818643312,43.4035060460575,-5.084,9.120,0.61,9.55,0.91
OF,1199,386501.080571231,4806579.38192798,-70.4016811565988,43.4035087412311,-4.963,9.120,0.61,9.55,0.91
OF,1200,386501.142911991,4806579.68028522,-70.4016804488662,43.4035114364047,-4.841,9.120,0.61,9.55,0.91
OF,1201,386501.205252751,4806579.97864245,-70.4016797411336,43.4035141315783,-4.720,9.120,0.61,9.55,0.91
OF,1202,386501.267593511,4806580.27699969,-70.401679033401,43.4035168267519,-4.599,9.120,0.61,9.55,0.92
OF,1203,386501.329934271,4806580.57535693,-70.4016783256683,43.4035195219255,-4.478,9.120,0.62,9.55,0.92
OF,1204,386501.392275031,4806580.87371417,-70.4016776179355,43.4035222170991,-4.356,9.120,0.62,9.55,0.92
OF,1205,386501.454615791,4806581.1720714,-70.4016769102027,43.4035249122727,-4.235,9.120,0.62,9.55,0.92
OF,1206,386501.516956551,4806581.47042864,-70.4016762024698,43.4035276074462,-4.114,9.120,0.62,9.55,0.92
OF,1207,386501.579297311,4806581.76878588,-70.4016754947368,43.4035303026198,-3.992,9.120,0.62,9.55,0.92
OF,1208,386501.641638071,4806582.06714312,-70.4016747870038,43.4035329977933,-3.871,9.120,0.62,9.56,0.92
OF,1209,386501.703978831,4806582.36550036,-70.4016740792708,43.4035356929669,-3.750,9.120,0.62,9.56,0.92
OF,1210,386501.766319591,4806582.66385759,-70.4016733715376,43.4035383881404,-3.628,9.120,0.63,9.56,0.92
OF,1211,386501.828660351,4806582.96221483,-70.4016726638044,43.403541083314,-3.507,9.120,0.63,9.56,0.93
OF,1212,386501.891001111,4806583.26057207,-70.4016719560712,43.4035437784875,-3.386,9.120,0.63,9.56,0.93
OF,1213,386501.953341871,4806583.55892931,-70.4016712483379,43.4035464736611,-3.264,9.120,0.63,9.56,0.93
OF,1214,386502.015682631,4806583.85728654,-70.4016705406045,43.4035491688346,-3.143,9.120,0.63,9.56,0.93
OF,1215,386502.078023391,4806584.15564378,-70.4016698328711,43.4035518640081,-3.022,9.120,0.63,9.56,0.93
OF,1216,386502.140364151,4806584.45400102,-70.4016691251376,43.4035545591816,-2.901,9.120,0.63,9.56,0.93
OF,1217,386502.202704911,4806584.75235826,-70.4016684174041,43.4035572543551,-2.779,9.120,0.64,9.56,0.93
OF,1218,386502.265045671,4806585.05071549,-70.4016677096705,43.4035599495287,-2.658,9.120,0.64,9.57,0.93
OF,1219,386502.327386431,4806585.34907273,-70.4016670019368,43.4035626447022,-2.536,9.120,0.64,9.57,0.93
OF,1220,386502.389727191,4806585.64742997,-70.4016662942031,43.4035653398757,-2.415,9.120,0.64,9.57,0.93
OF,1221,386502.452067951,4806585.94578721,-70.4016655864693,43.4035680350492,-2.294,9.120,0.64,9.57,0.94
OF,1222,386502.514408711,4806586.24414444,-70.4016648787354,43.4035707302227,-2.173,9.120,0.64,9.57,0.94
OF,1223,386502.576749471,4806586.54250168,-70.4016641710015,43.4035734253962,-2.051,9.120,0.64,9.57,0.94
OF,1224,386502.639090231,4806586.84085892,-70.4016634632676,43.4035761205696,-1.930,9.120,0.65,9.57,0.94
OF,1225,386502.701430991,4806587.13921616,-70.4016627555335,43.4035788157431,-1.809,9.120,0.65,9.57,0.94
OF,1226,386502.763771751,4806587.4375734,-70.4016620477994,43.4035815109166,-1.688,9.120,0.65,9.57,0.94
OF,1227,386502.826112511,4806587.73593063,-70.4016613400653,43.4035842060901,-1.567,9.120,0.65,9.57,0.94
OF,1228,386502.888453271,4806588.03428787,-70.4016606323311,43.4035869012635,-1.446,9.120,0.65,9.58,0.94
OF,1229,386502.950794031,4806588.33264511,-70.4016599245968,43.403589596437,-1.324,9.120,0.65,9.58,0.94
OF,1230,386503.013134791,4806588.63100235,-70.4016592168625,43.4035922916104,-1.203,9.120,0.65,9.58,0.95
OF,1231,386503.075475551,4806588.92935958,-70.4016585091281,43.4035949867839,-1.082,9.120,0.66,9.58,0.95
OF,1232,386503.137816311,4806589.22771682,-70.4016578013937,43.4035976819573,-0.960,9.120,0.66,9.58,0.95
OF,1233,386503.200157071,4806589.52607406,-70.4016570936592,43.4036003771308,-0.839,9.120,0.66,9.58,0.95
OF,1234,386503.262497831,4806589.8244313,-70.4016563859246,43.4036030723042,-0.718,9.120,0.66,9.58,0.95
OF,1235,386503.324838591,4806590.12278853,-70.40165567819,43.4036057674776,-0.597,9.120,0.66,9.58,0.95
OF,1236,386503.387179351,4806590.42114577,-70.4016549704553,43.4036084626511,-0.475,9.120,0.66,9.58,0.95
OF,1237,386503.449520111,4806590.71950301,-70.4016542627206,43.4036111578245,-0.354,9.120,0.66,9.58,0.95
OF,1238,386503.511860871,4806591.01786025,-70.4016535549858,43.4036138529979,-0.233,9.120,0.67,9.59,0.95
OF,1239,386503.574201631,4806591.31621748,-70.4016528472509,43.4036165481713,-0.112,9.120,0.67,9.59,0.95
IF,1240,386503.636542391,4806591.61457472,-70.401652139516,43.4036192433447,5.059,9.120,0.67,9.59,0.96
IF,1246.5,386504.041757331,4806593.55389677,-70.4016475392375,43.4036367619717,4.600,9.120,0.68,9.59,0.96
IF,1258,386504.758676071,4806596.985005,-70.4016394002771,43.4036677564652,4.993,9.120,0.69,9.61,0.97
IF,1267.5,386505.350913291,4806599.81939876,-70.4016326767822,43.4036933606115,4.600,9.120,0.71,9.61,0.98
IF,1277.5,386505.974320891,4806602.80297114,-70.4016255994132,43.403720312344,4.961,9.120,0.72,9.62,0.99
IF,1286.5,386506.535387731,4806605.48818627,-70.401619229776,43.4037445689028,5.026,9.120,0.73,9.63,1.00
IF,1293.5,386506.97177305,4806607.57668694,-70.4016142756105,43.403763435115,5.125,9.119,0.74,9.64,1.01
IF,1302,386507.50166951,4806610.11272346,-70.401608259834,43.4037863440866,5.682,9.119,0.75,9.64,1.01
IF,1315.5,386508.34326977,4806614.14054617,-70.4015987053566,43.4038227289232,6.404,9.119,0.76,9.65,1.03
IF,1329.5,386509.21604041,4806618.3175475,-70.4015887969983,43.4038604613453,7.848,9.119,0.65,9.57,1.04
IF,1339.5,386509.83944801,4806621.30111987,-70.4015817195922,43.4038874130749,8.766,9.119,0.25,9.29,1.05
IF,1343.5,386510.08881105,4806622.49454882,-70.4015788886281,43.4038981937665,9.119,9.119,0.01,9.12,1.05
