-69.90146172,43.78914928,1
-69.90145814,43.78914839,2
-69.90145456,43.7891475,3
-69.90145097,43.78914661,4
-69.90144739,43.78914572,5
-69.90144381,43.78914483,6
-69.90144022,43.78914394,7
-69.90143664,43.78914305,8
-69.90143306,43.78914216,9
-69.90142947,43.78914127,10
-69.90142589,43.78914038,11
-69.9014223,43.78913949,12
-69.90141872,43.7891386,13
-69.90141514,43.78913771,14
-69.90141155,43.78913682,15
-69.90140797,43.78913593,16
-69.90140439,43.78913504,17
-69.9014008,43.78913415,18
-69.90139722,43.78913326,19
-69.90139364,43.78913237,20
-69.90139005,43.78913149,21
-69.90138647,43.7891306,22
-69.90138289,43.78912971,23
-69.9013793,43.78912882,24
-69.90137572,43.78912793,25
-69.90137214,43.78912704,26
-69.90136855,43.78912615,27
-69.90136497,43.78912526,28
-69.90136138,43.78912437,29
-69.9013578,43.78912348,30
-69.90135422,43.78912259,31
-69.90135063,43.7891217,32
-69.90134705,43.78912081,33
-69.90134347,43.78911992,34
-69.90133988,43.78911903,35
-69.9013363,43.78911814,36
-69.90133272,43.78911725,37
-69.90132913,43.78911636,38
-69.90132555,43.78911547,39
-69.90132197,43.78911458,40
-69.90131838,43.78911369,41
-69.9013148,43.7891128,42
-69.90131121,43.78911191,43
-69.90130763,43.78911102,44
-69.90130405,43.78911014,45
-69.90130046,43.78910925,46
-69.90129688,43.78910836,47
-69.9012933,43.78910747,48
-69.90128971,43.78910658,49
-69.90128613,43.78910569,50
-69.90128255,43.7891048,51
-69.90127896,43.78910391,52
-69.90127538,43.78910302,53
-69.9012718,43.78910213,54
-69.90126821,43.78910124,55
-69.90126463,43.78910035,56
-69.90126105,43.78909946,57
-69.90125746,43.78909857,58
-69.90125388,43.78909768,59
-69.90125029,43.78909679,60
-69.90124671,43.7890959,61
-69.90124313,43.78909501,62
-69.90123954,43.78909412,63
-69.90123596,43.78909323,64
-69.90123238,43.78909234,65
-69.90122879,43.78909145,66
-69.90122521,43.78909056,67
-69.90122163,43.78908967,68
-69.90121804,43.78908879,69
-69.90121446,43.7890879,70
-69.90121088,43.78908701,71
-69.90120729,43.78908612,72
-69.90120371,43.78908523,73
-69.90120013,43.78908434,74
-69.90119654,43.78908345,75
-69.90119296,43.78908256,76
-69.90118937,43.78908167,77
-69.90118579,43.78908078,78
-69.90118221,43.78907989,79
-69.90117862,43.789079,80
-69.90117504,43.78907811,81
-69.90117146,43.78907722,82
-69.90116787,43.78907633,83
-69.90116429,43.78907544,84
-69.90116071,43.78907455,85
-69.90115712,43.78907366,86
-69.90115354,43.78907277,87
-69.90114996,43.78907188,88
-69.90114637,43.78907099,89
-69.90114279,43.7890701,90
-69.90113921,43.78906921,91
-69.90113562,43.78906832,92
-69.90113204,43.78906744,93
-69.90112845,43.78906655,94
-69.90112487,43.78906566,95
-69.90112129,43.78906477,96
-69.9011177,43.78906388,97
-69.90111412,43.78906299,98
-69.90111054,43.7890621,99
-69.90110695,43.78906121,100
-69.90110337,43.78906032,101
-69.90109979,43.78905943,102
-69.9010962,43.78905854,103
-69.90109262,43.78905765,104
-69.90108904,43.78905676,105
-69.90108545,43.78905587,106
-69.90108187,43.78905498,107
-69.90107829,43.78905409,108
-69.9010747,43.7890532,109
-69.90107112,43.78905231,110
-69.90106753,43.78905142,111
-69.90106395,43.78905053,112
-69.90106037,43.78904964,113
-69.90105678,43.78904875,114
-69.9010532,43.78904786,115
-69.90104962,43.78904697,116
-69.90104603,43.78904608,117
-69.90104245,43.7890452,118
-69.90103887,43.78904431,119
-69.90103528,43.78904342,120
-69.9010317,43.78904253,121
-69.90102812,43.78904164,122
-69.90102453,43.78904075,123
-69.90102095,43.78903986,124
-69.90101736,43.78903897,125
-69.90101378,43.78903808,126
-69.9010102,43.78903719,127
-69.90100661,43.7890363,128
-69.90100303,43.78903541,129
-69.90099945,43.78903452,130
-69.90099586,43.78903363,131
-69.90099228,43.78903274,132
-69.9009887,43.78903185,133
-69.90098511,43.78903096,134
-69.90098153,43.78903007,135
-69.90097795,43.78902918,136
-69.90097436,43.78902829,137
-69.90097078,43.7890274,138
-69.9009672,43.78902651,139
-69.90096361,43.78902562,140
-69.90096003,43.78902473,141
-69.90095644,43.78902385,142
-69.90095286,43.78902296,143
-69.90094928,43.78902207,144
-69.90094569,43.78902118,145
-69.90094211,43.78902029,146
-69.90093853,43.7890194,147
-69.90093494,43.78901851,148
-69.90093136,43.78901762,149
-69.90092778,43.78901673,150
-69.90092419,43.78901584,151
-69.90092061,43.78901495,152
-69.90091703,43.78901406,153
-69.90091344,43.78901317,154
-69.90090986,43.78901228,155
-69.90090628,43.78901139,156
-69.90090269,43.7890105,157
-69.90089911,43.78900961,158
-69.90089552,43.78900872,159
-69.90089194,43.78900783,160
-69.90088836,43.78900694,161
-69.90088477,43.78900605,162
-69.90088119,43.78900516,163
-69.90087761,43.78900427,164
-69.90087402,43.78900338,165
-69.90087044,43.78900249,166
-69.90086686,43.78900161,167
-69.90086327,43.78900072,168
-69.90085969,43.78899983,169
-69.90085611,43.78899894,170
-69.90085252,43.78899805,171
-69.90084894,43.78899716,172
-69.90084536,43.78899627,173
-69.90084177,43.78899538,174
-69.90083819,43.78899449,175
-69.9008346,43.7889936,176
-69.90083102,43.78899271,177
-69.90082744,43.78899182,178
-69.90082385,43.78899093,179
-69.90082027,43.78899004,180
-69.90081669,43.78898915,181
-69.9008131,43.78898826,182
-69.90080952,43.78898737,183
-69.90080594,43.78898648,184
-69.90080235,43.78898559,185
-69.90079877,43.7889847,186
-69.90079519,43.78898381,187
-69.9007916,43.78898292,188
-69.90078802,43.78898203,189
-69.90078444,43.78898114,190
-69.90078085,43.78898025,191
-69.90077727,43.78897937,192
-69.90077369,43.78897848,193
-69.9007701,43.78897759,194
-69.90076652,43.7889767,195
-69.90076293,43.78897581,196
-69.90075935,43.78897492,197
-69.90075577,43.78897403,198
-69.90075218,43.78897314,199
-69.9007486,43.78897225,200
-69.90074502,43.78897136,201
-69.90074143,43.78897047,202
-69.90073785,43.78896958,203
-69.90073427,43.78896869,204
-69.90073068,43.7889678,205
-69.9007271,43.78896691,206
-69.90072352,43.78896602,207
-69.90071993,43.78896513,208
-69.90071635,43.78896424,209
-69.90071277,43.78896335,210
-69.90070918,43.78896246,211
-69.9007056,43.78896157,212
-69.90070201,43.78896068,213
-69.90069843,43.78895979,214
-69.90069485,43.7889589,215
-69.90069126,43.78895801,216
-69.90068768,43.78895713,217
-69.9006841,43.78895624,218
-69.90068051,43.78895535,219
-69.90067693,43.78895446,220
-69.90067335,43.78895357,221
-69.90066976,43.78895268,222
-69.90066618,43.78895179,223
-69.9006626,43.7889509,224
-69.90065901,43.78895001,225
-69.90065543,43.78894912,226
-69.90065185,43.78894823,227
-69.90064826,43.78894734,228
-69.90064468,43.78894645,229
-69.90064109,43.78894556,230
-69.90063751,43.78894467,231
-69.90063393,43.78894378,232
-69.90063034,43.78894289,233
-69.90062676,43.788942,234
-69.90062318,43.78894111,235
-69.90061959,43.78894022,236
-69.90061601,43.78893933,237
-69.90061243,43.78893844,238
-69.90060884,43.78893755,239
-69.90060526,43.78893666,240
-69.90060168,43.78893577,241
-69.90059809,43.78893489,242
-69.90059451,43.788934,243
-69.90059093,43.78893311,244
-69.90058734,43.78893222,245
-69.90058376,43.78893133,246
-69.90058017,43.78893044,247
-69.90057659,43.78892955,248
-69.90057301,43.78892866,249
-69.90056942,43.78892777,250
-69.90056584,43.78892688,251
-69.90056226,43.78892599,252
-69.90055867,43.7889251,253
-69.90055509,43.78892421,254
-69.90055151,43.78892332,255
-69.90054792,43.78892243,256
-69.90054434,43.78892154,257
-69.90054076,43.78892065,258
-69.90053717,43.78891976,259
-69.90053359,43.78891887,260
-69.90053001,43.78891798,261
-69.90052642,43.78891709,262
-69.90052284,43.7889162,263
-69.90051926,43.78891531,264
-69.90051567,43.78891442,265
-69.90051209,43.78891353,266
-69.9005085,43.78891265,267
-69.90050492,43.78891176,268
-69.90050134,43.78891087,269
-69.90049775,43.78890998,270
-69.90049417,43.78890909,271
-69.90049059,43.7889082,272
-69.900487,43.78890731,273
-69.90048342,43.78890642,274
-69.90047984,43.78890553,275
-69.90047625,43.78890464,276
-69.90047267,43.78890375,277
-69.90046909,43.78890286,278
-69.9004655,43.78890197,279
-69.90046192,43.78890108,280
-69.90045834,43.78890019,281
-69.90045475,43.7888993,282
-69.90045117,43.78889841,283
-69.90044758,43.78889752,284
-69.900444,43.78889663,285
-69.90044042,43.78889574,286
-69.90043683,43.78889485,287
-69.90043325,43.78889396,288
-69.90042967,43.78889307,289
-69.90042608,43.78889218,290
-69.9004225,43.78889129,291
-69.90041892,43.7888904,292
-69.90041533,43.78888952,293
-69.90041175,43.78888863,294
-69.90040817,43.78888774,295
-69.90040458,43.78888685,296
-69.900401,43.78888596,297
-69.90039742,43.78888507,298
-69.90039383,43.78888418,299
-69.90039025,43.78888329,300
-69.90038667,43.7888824,301
-69.90038308,43.78888151,302
-69.9003795,43.78888062,303
-69.90037591,43.78887973,304
-69.90037233,43.78887884,305
-69.90036875,43.78887795,306
-69.90036516,43.78887706,307
-69.90036158,43.78887617,308
-69.900358,43.78887528,309
-69.90035441,43.78887439,310
-69.90035083,43.7888735,311
-69.90034725,43.78887261,312
-69.90034366,43.78887172,313
-69.90034008,43.78887083,314
-69.9003365,43.78886994,315
-69.90033291,43.78886905,316
-69.90032933,43.78886816,317
-69.90032575,43.78886727,318
-69.90032216,43.78886639,319
-69.90031858,43.7888655,320
-69.90031499,43.78886461,321
-69.90031141,43.78886372,322
-69.90030783,43.78886283,323
-69.90030424,43.78886194,324
-69.90030066,43.78886105,325
-69.90029708,43.78886016,326
-69.90029349,43.78885927,327
-69.90028991,43.78885838,328
-69.90028633,43.78885749,329
-69.90028274,43.7888566,330
-69.90027916,43.78885571,331
-69.90027558,43.78885482,332
-69.90027199,43.78885393,333
-69.90026841,43.78885304,334
-69.90026483,43.78885215,335
-69.90026124,43.78885126,336
-69.90025766,43.78885037,337
-69.90025408,43.78884948,338
-69.90025049,43.78884859,339
-69.90024691,43.7888477,340
-69.90024332,43.78884681,341
-69.90023974,43.78884592,342
-69.90023616,43.78884503,343
-69.90023257,43.78884414,344
-69.90022899,43.78884326,345
-69.90022541,43.78884237,346
-69.90022182,43.78884148,347
-69.90021824,43.78884059,348
-69.90021466,43.7888397,349
-69.90021107,43.78883881,350
-69.90020749,43.78883792,351
-69.90020391,43.78883703,352
-69.90020032,43.78883614,353
-69.90019674,43.78883525,354
-69.90019316,43.78883436,355
-69.90018957,43.78883347,356
-69.90018599,43.78883258,357
-69.9001824,43.78883169,358
-69.90017882,43.7888308,359
-69.90017524,43.78882991,360
-69.90017165,43.78882902,361
-69.90016807,43.78882813,362
-69.90016449,43.78882724,363
-69.9001609,43.78882635,364
-69.90015732,43.78882546,365
-69.90015374,43.78882457,366
-69.90015015,43.78882368,367
-69.90014657,43.78882279,368
-69.90014299,43.7888219,369
-69.9001394,43.78882101,370
-69.90013582,43.78882013,371
-69.90013224,43.78881924,372
-69.90012865,43.78881835,373
-69.90012507,43.78881746,374
-69.90012149,43.78881657,375
-69.9001179,43.78881568,376
-69.90011432,43.78881479,377
-69.90011073,43.7888139,378
-69.90010715,43.78881301,379
-69.90010357,43.78881212,380
-69.90009998,43.78881123,381
-69.9000964,43.78881034,382
-69.90009282,43.78880945,383
-69.90008923,43.78880856,384
-69.90008565,43.78880767,385
-69.90008207,43.78880678,386
-69.90007848,43.78880589,387
-69.9000749,43.788805,388
-69.90007132,43.78880411,389
-69.90006773,43.78880322,390
-69.90006415,43.78880233,391
-69.90006057,43.78880144,392
-69.90005698,43.78880055,393
-69.9000534,43.78879966,394
-69.90004982,43.78879877,395
-69.90004623,43.78879788,396
-69.90004265,43.788797,397
-69.90003906,43.78879611,398
-69.90003548,43.78879522,399
-69.9000319,43.78879433,400
-69.90002831,43.78879344,401
-69.90002473,43.78879255,402
-69.90002115,43.78879166,403
-69.90001756,43.78879077,404
-69.90001398,43.78878988,405
-69.9000104,43.78878899,406
-69.90000681,43.7887881,407
-69.90000323,43.78878721,408
-69.89999965,43.78878632,409
-69.89999606,43.78878543,410
-69.89999248,43.78878454,411
-69.8999889,43.78878365,412
-69.89998531,43.78878276,413
-69.89998173,43.78878187,414
-69.89997815,43.78878098,415
-69.89997456,43.78878009,416
-69.89997098,43.7887792,417
-69.89996739,43.78877831,418
-69.89996381,43.78877742,419
-69.89996023,43.78877653,420
-69.89995664,43.78877564,421
-69.89995306,43.78877475,422
-69.89994948,43.78877386,423
-69.89994589,43.78877298,424
-69.89994231,43.78877209,425
-69.89993873,43.7887712,426
-69.89993514,43.78877031,427
-69.89993156,43.78876942,428
-69.89992798,43.78876853,429
-69.89992439,43.78876764,430
-69.89992081,43.78876675,431
-69.89991723,43.78876586,432
-69.89991364,43.78876497,433
-69.89991006,43.78876408,434
-69.89990648,43.78876319,435
-69.89990289,43.7887623,436
-69.89989931,43.78876141,437
-69.89989572,43.78876052,438
-69.89989214,43.78875963,439
-69.89988856,43.78875874,440
-69.89988497,43.78875785,441
-69.89988139,43.78875696,442
-69.89987781,43.78875607,443
-69.89987422,43.78875518,444
-69.89987064,43.78875429,445
-69.89986706,43.7887534,446
-69.89986347,43.78875251,447
-69.89985989,43.78875162,448
-69.89985631,43.78875073,449
-69.89985272,43.78874984,450
-69.89984914,43.78874896,451
-69.89984556,43.78874807,452
-69.89984197,43.78874718,453
-69.89983839,43.78874629,454
-69.89983481,43.7887454,455
-69.89983122,43.78874451,456
-69.89982764,43.78874362,457
-69.89982405,43.78874273,458
-69.89982047,43.78874184,459
-69.89981689,43.78874095,460
-69.8998133,43.78874006,461
-69.89980972,43.78873917,462
-69.89980614,43.78873828,463
-69.89980255,43.78873739,464
-69.89979897,43.7887365,465
-69.89979539,43.78873561,466
-69.8997918,43.78873472,467
-69.89978822,43.78873383,468
-69.89978464,43.78873294,469
-69.89978105,43.78873205,470
-69.89977747,43.78873116,471
-69.89977389,43.78873027,472
-69.8997703,43.78872938,473
-69.89976672,43.78872849,474
-69.89976314,43.7887276,475
-69.89975955,43.78872671,476
-69.89975597,43.78872582,477
-69.89975238,43.78872494,478
-69.8997488,43.78872405,479
-69.89974522,43.78872316,480
-69.89974163,43.78872227,481
-69.89973805,43.78872138,482
-69.89973447,43.78872049,483
-69.89973088,43.7887196,484
-69.8997273,43.78871871,485
-69.89972372,43.78871782,486
-69.89972013,43.78871693,487
-69.89971655,43.78871604,488
-69.89971297,43.78871515,489
-69.89970938,43.78871426,490
-69.8997058,43.78871337,491
-69.89970222,43.78871248,492
-69.89969863,43.78871159,493
-69.89969505,43.7887107,494
-69.89969147,43.78870981,495
-69.89968788,43.78870892,496
-69.8996843,43.78870803,497
-69.89968071,43.78870714,498
-69.89967713,43.78870625,499
-69.89967355,43.78870536,500
-69.89966996,43.78870447,501
-69.89966638,43.78870358,502
-69.8996628,43.78870269,503
-69.89965921,43.7887018,504
-69.89965563,43.78870092,505
-69.89965205,43.78870003,506
-69.89964846,43.78869914,507
-69.89964488,43.78869825,508
-69.8996413,43.78869736,509
-69.89963771,43.78869647,510
-69.89963413,43.78869558,511
-69.89963055,43.78869469,512
-69.89962696,43.7886938,513
-69.89962338,43.78869291,514
-69.8996198,43.78869202,515
-69.89961621,43.78869113,516
-69.89961263,43.78869024,517
-69.89960905,43.78868935,518
-69.89960546,43.78868846,519
-69.89960188,43.78868757,520
-69.89959829,43.78868668,521
-69.89959471,43.78868579,522
-69.89959113,43.7886849,523
-69.89958754,43.78868401,524
-69.89958396,43.78868312,525
-69.89958038,43.78868223,526
-69.89957679,43.78868134,527
-69.89957321,43.78868045,528
-69.89956963,43.78867956,529
-69.89956604,43.78867867,530
-69.89956246,43.78867778,531
-69.89955888,43.78867689,532
-69.89955529,43.78867601,533
-69.89955171,43.78867512,534
-69.89954813,43.78867423,535
-69.89954454,43.78867334,536
-69.89954096,43.78867245,537
-69.89953738,43.78867156,538
-69.89953379,43.78867067,539
-69.89953021,43.78866978,540
-69.89952662,43.78866889,541
-69.89952304,43.788668,542
-69.89951946,43.78866711,543
-69.89951587,43.78866622,544
-69.89951229,43.78866533,545
-69.89950871,43.78866444,546
-69.89950512,43.78866355,547
-69.89950154,43.78866266,548
-69.89949796,43.78866177,549
-69.89949437,43.78866088,550
-69.89949079,43.78865999,551
-69.89948721,43.7886591,552
-69.89948362,43.78865821,553
-69.89948004,43.78865732,554
-69.89947646,43.78865643,555
-69.89947287,43.78865554,556
-69.89946929,43.78865465,557
-69.89946571,43.78865376,558
-69.89946212,43.78865287,559
-69.89945854,43.78865198,560
-69.89945496,43.7886511,561
-69.89945137,43.78865021,562
-69.89944779,43.78864932,563
-69.8994442,43.78864843,564
-69.89944062,43.78864754,565
-69.89943704,43.78864665,566
-69.89943345,43.78864576,567
-69.89942987,43.78864487,568
-69.89942629,43.78864398,569
-69.8994227,43.78864309,570
-69.89941912,43.7886422,571
-69.89941554,43.78864131,572
-69.89941195,43.78864042,573
-69.89940837,43.78863953,574
-69.89940479,43.78863864,575
-69.8994012,43.78863775,576
-69.89939762,43.78863686,577
-69.89939404,43.78863597,578
-69.89939045,43.78863508,579
-69.89938687,43.78863419,580
-69.89938329,43.7886333,581
-69.8993797,43.78863241,582
-69.89937612,43.78863152,583
-69.89937253,43.78863063,584
-69.89936895,43.78862974,585
-69.89936537,43.78862885,586
-69.89936178,43.78862796,587
-69.8993582,43.78862707,588
-69.89935462,43.78862619,589
-69.89935103,43.7886253,590
-69.89934745,43.78862441,591
-69.89934387,43.78862352,592
-69.89934028,43.78862263,593
-69.8993367,43.78862174,594
-69.89933312,43.78862085,595
-69.89932953,43.78861996,596
-69.89932595,43.78861907,597
-69.89932237,43.78861818,598
-69.89931878,43.78861729,599
-69.8993152,43.7886164,600
-69.89931162,43.78861551,601
-69.89930803,43.78861462,602
-69.89930445,43.78861373,603
-69.89930087,43.78861284,604
-69.89929728,43.78861195,605
-69.8992937,43.78861106,606
-69.89929011,43.78861017,607
-69.89928653,43.78860928,608
-69.89928295,43.78860839,609
-69.89927936,43.7886075,610
-69.89927578,43.78860661,611
-69.8992722,43.78860572,612
-69.89926861,43.78860483,613
-69.89926503,43.78860394,614
-69.89926145,43.78860305,615
-69.89925786,43.78860216,616
-69.89925428,43.78860128,617
-69.8992507,43.78860039,618
-69.89924711,43.7885995,619
-69.89924353,43.78859861,620
-69.89923995,43.78859772,621
-69.89923636,43.78859683,622
-69.89923278,43.78859594,623
-69.8992292,43.78859505,624
-69.89922561,43.78859416,625
-69.89922203,43.78859327,626
-69.89921845,43.78859238,627
-69.89921486,43.78859149,628
-69.89921128,43.7885906,629
-69.89920769,43.78858971,630
-69.89920411,43.78858882,631
-69.89920053,43.78858793,632
-69.89919694,43.78858704,633
-69.89919336,43.78858615,634
-69.89918978,43.78858526,635
-69.89918619,43.78858437,636
-69.89918261,43.78858348,637
-69.89917903,43.78858259,638
-69.89917544,43.7885817,639
-69.89917186,43.78858081,640
-69.89916828,43.78857992,641
-69.89916469,43.78857903,642
-69.89916111,43.78857814,643
-69.89915753,43.78857725,644
-69.89915394,43.78857637,645
-69.89915036,43.78857548,646
-69.89914678,43.78857459,647
-69.89914319,43.7885737,648
-69.89913961,43.78857281,649
-69.89913603,43.78857192,650
-69.89913244,43.78857103,651
-69.89912886,43.78857014,652
-69.89912527,43.78856925,653
-69.89912169,43.78856836,654
-69.89911811,43.78856747,655
-69.89911452,43.78856658,656
-69.89911094,43.78856569,657
-69.89910736,43.7885648,658
-69.89910377,43.78856391,659
-69.89910019,43.78856302,660
-69.89909661,43.78856213,661
-69.89909302,43.78856124,662
-69.89908944,43.78856035,663
-69.89908586,43.78855946,664
-69.89908227,43.78855857,665
-69.89907869,43.78855768,666
-69.89907511,43.78855679,667
-69.89907152,43.7885559,668
-69.89906794,43.78855501,669
-69.89906436,43.78855412,670
-69.89906077,43.78855323,671
-69.89905719,43.78855234,672
-69.89905361,43.78855145,673
-69.89905002,43.78855057,674
-69.89904644,43.78854968,675
-69.89904285,43.78854879,676
-69.89903927,43.7885479,677
-69.89903569,43.78854701,678
-69.8990321,43.78854612,679
-69.89902852,43.78854523,680
-69.89902494,43.78854434,681
-69.89902135,43.78854345,682
-69.89901777,43.78854256,683
-69.89901419,43.78854167,684
-69.8990106,43.78854078,685
-69.89900702,43.78853989,686
-69.89900344,43.788539,687
-69.89899985,43.78853811,688
-69.89899627,43.78853722,689
-69.89899269,43.78853633,690
-69.8989891,43.78853544,691
-69.89898552,43.78853455,692
-69.89898194,43.78853366,693
-69.89897835,43.78853277,694
-69.89897477,43.78853188,695
-69.89897119,43.78853099,696
-69.8989676,43.7885301,697
-69.89896402,43.78852921,698
-69.89896043,43.78852832,699
-69.89895685,43.78852743,700
-69.89895327,43.78852654,701
-69.89894968,43.78852565,702
-69.8989461,43.78852477,703
-69.89894252,43.78852388,704
-69.89893893,43.78852299,705
-69.89893535,43.7885221,706
-69.89893177,43.78852121,707
-69.89892818,43.78852032,708
-69.8989246,43.78851943,709
-69.89892102,43.78851854,710
-69.89891743,43.78851765,711
-69.89891385,43.78851676,712
-69.89891027,43.78851587,713
-69.89890668,43.78851498,714
-69.8989031,43.78851409,715
-69.89889952,43.7885132,716
-69.89889593,43.78851231,717
-69.89889235,43.78851142,718
-69.89888877,43.78851053,719
-69.89888518,43.78850964,720
-69.8988816,43.78850875,721
-69.89887802,43.78850786,722
-69.89887443,43.78850697,723
-69.89887085,43.78850608,724
-69.89886726,43.78850519,725
-69.89886368,43.7885043,726
-69.8988601,43.78850341,727
-69.89885651,43.78850252,728
-69.89885293,43.78850163,729
-69.89884935,43.78850074,730
-69.89884576,43.78849985,731
-69.89884218,43.78849896,732
-69.8988386,43.78849808,733
-69.89883501,43.78849719,734
-69.89883143,43.7884963,735
-69.89882785,43.78849541,736
-69.89882426,43.78849452,737
-69.89882068,43.78849363,738
-69.8988171,43.78849274,739
-69.89881351,43.78849185,740
-69.89880993,43.78849096,741
-69.89880635,43.78849007,742
-69.89880276,43.78848918,743
-69.89879918,43.78848829,744
-69.8987956,43.7884874,745
-69.89879201,43.78848651,746
-69.89878843,43.78848562,747
-69.89878484,43.78848473,748
-69.89878126,43.78848384,749
-69.89877768,43.78848295,750
-69.89877409,43.78848206,751
-69.89877051,43.78848117,752
-69.89876693,43.78848028,753
-69.89876334,43.78847939,754
-69.89875976,43.7884785,755
-69.89875618,43.78847761,756
-69.89875259,43.78847672,757
-69.89874901,43.78847583,758
-69.89874543,43.78847494,759
-69.89874184,43.78847405,760
-69.89873826,43.78847316,761
-69.89873468,43.78847228,762
-69.89873109,43.78847139,763
-69.89872751,43.7884705,764
-69.89872393,43.78846961,765
-69.89872034,43.78846872,766
-69.89871676,43.78846783,767
-69.89871318,43.78846694,768
-69.89870959,43.78846605,769
-69.89870601,43.78846516,770
-69.89870243,43.78846427,771
-69.89869884,43.78846338,772
-69.89869526,43.78846249,773
-69.89869167,43.7884616,774
-69.89868809,43.78846071,775
-69.89868451,43.78845982,776
-69.89868092,43.78845893,777
-69.89867734,43.78845804,778
-69.89867376,43.78845715,779
-69.89867017,43.78845626,780
-69.89866659,43.78845537,781
-69.89866301,43.78845448,782
-69.89865942,43.78845359,783
-69.89865584,43.7884527,784
-69.89865226,43.78845181,785
-69.89864867,43.78845092,786
-69.89864509,43.78845003,787
-69.89864151,43.78844914,788
-69.89863792,43.78844825,789
-69.89863434,43.78844736,790
-69.89863076,43.78844647,791
-69.89862717,43.78844559,792
-69.89862359,43.7884447,793
-69.89862001,43.78844381,794
-69.89861642,43.78844292,795
-69.89861284,43.78844203,796
-69.89860926,43.78844114,797
-69.89860567,43.78844025,798
-69.89860209,43.78843936,799
-69.8985985,43.78843847,800
-69.89859492,43.78843758,801
-69.89859134,43.78843669,802
-69.89858775,43.7884358,803
-69.89858417,43.78843491,804
-69.89858059,43.78843402,805
-69.898577,43.78843313,806
-69.89857342,43.78843224,807
-69.89856984,43.78843135,808
-69.89856625,43.78843046,809
-69.89856267,43.78842957,810
-69.89855909,43.78842868,811
-69.8985555,43.78842779,812
-69.89855192,43.7884269,813
-69.89854834,43.78842601,814
-69.89854475,43.78842512,815
-69.89854117,43.78842423,816
-69.89853759,43.78842334,817
-69.898534,43.78842245,818
-69.89853042,43.78842156,819
-69.89852684,43.78842067,820
-69.89852325,43.78841978,821
-69.89851967,43.7884189,822
-69.89851609,43.78841801,823
-69.8985125,43.78841712,824
-69.89850892,43.78841623,825
-69.89850533,43.78841534,826
-69.89850175,43.78841445,827
-69.89849817,43.78841356,828
-69.89849458,43.78841267,829
-69.898491,43.78841178,830
-69.89848742,43.78841089,831
-69.89848383,43.78841,832
-69.89848025,43.78840911,833
-69.89847667,43.78840822,834
-69.89847308,43.78840733,835
-69.8984695,43.78840644,836
-69.89846592,43.78840555,837
-69.89846233,43.78840466,838
-69.89845875,43.78840377,839
-69.89845517,43.78840288,840
-69.89845158,43.78840199,841
-69.898448,43.7884011,842
-69.89844442,43.78840021,843
-69.89844083,43.78839932,844
-69.89843725,43.78839843,845
-69.89843367,43.78839754,846
-69.89843008,43.78839665,847
-69.8984265,43.78839576,848
-69.89842292,43.78839487,849
-69.89841933,43.78839398,850
-69.89841575,43.78839309,851
-69.89841217,43.7883922,852
-69.89840858,43.78839132,853
-69.898405,43.78839043,854
-69.89840141,43.78838954,855
-69.89839783,43.78838865,856
-69.89839425,43.78838776,857
-69.89839066,43.78838687,858
-69.89838708,43.78838598,859
-69.8983835,43.78838509,860
-69.89837991,43.7883842,861
-69.89837633,43.78838331,862
-69.89837275,43.78838242,863
-69.89836916,43.78838153,864
-69.89836558,43.78838064,865
-69.898362,43.78837975,866
-69.89835841,43.78837886,867
-69.89835483,43.78837797,868
-69.89835125,43.78837708,869
-69.89834766,43.78837619,870
-69.89834408,43.7883753,871
-69.8983405,43.78837441,872
-69.89833691,43.78837352,873
-69.89833333,43.78837263,874
-69.89832975,43.78837174,875
-69.89832616,43.78837085,876
-69.89832258,43.78836996,877
-69.898319,43.78836907,878
-69.89831541,43.78836818,879
-69.89831183,43.78836729,880
-69.89830824,43.7883664,881
-69.89830466,43.78836551,882
-69.89830108,43.78836462,883
-69.89829749,43.78836374,884
-69.89829391,43.78836285,885
-69.89829033,43.78836196,886
-69.89828674,43.78836107,887
-69.89828316,43.78836018,888
-69.89827958,43.78835929,889
-69.89827599,43.7883584,890
-69.89827241,43.78835751,891
-69.89826883,43.78835662,892
-69.89826524,43.78835573,893
-69.89826166,43.78835484,894
-69.89825808,43.78835395,895
-69.89825449,43.78835306,896
-69.89825091,43.78835217,897
-69.89824733,43.78835128,898
-69.89824374,43.78835039,899
-69.89824016,43.7883495,900
-69.89823658,43.78834861,901
-69.89823299,43.78834772,902
-69.89822941,43.78834683,903
-69.89822583,43.78834594,904
-69.89822224,43.78834505,905
-69.89821866,43.78834416,906
-69.89821508,43.78834327,907
-69.89821149,43.78834238,908
-69.89820791,43.78834149,909
-69.89820432,43.7883406,910
-69.89820074,43.78833971,911
-69.89819716,43.78833882,912
-69.89819357,43.78833793,913
-69.89818999,43.78833704,914
-69.89818641,43.78833616,915
-69.89818282,43.78833527,916
-69.89817924,43.78833438,917
-69.89817566,43.78833349,918
-69.89817207,43.7883326,919
-69.89816849,43.78833171,920
-69.89816491,43.78833082,921
-69.89816132,43.78832993,922
-69.89815774,43.78832904,923
-69.89815416,43.78832815,924
-69.89815057,43.78832726,925
-69.89814699,43.78832637,926
-69.89814341,43.78832548,927
-69.89813982,43.78832459,928
-69.89813624,43.7883237,929
-69.89813266,43.78832281,930
-69.89812907,43.78832192,931
-69.89812549,43.78832103,932
-69.89812191,43.78832014,933
-69.89811832,43.78831925,934
-69.89811474,43.78831836,935
-69.89811116,43.78831747,936
-69.89810757,43.78831658,937
-69.89810399,43.78831569,938
-69.8981004,43.7883148,939
-69.89809682,43.78831391,940
-69.89809324,43.78831302,941
-69.89808965,43.78831213,942
-69.89808607,43.78831124,943
-69.89808249,43.78831035,944
-69.8980789,43.78830946,945
-69.89807532,43.78830857,946
-69.89807174,43.78830769,947
-69.89806815,43.7883068,948
-69.89806457,43.78830591,949
-69.89806099,43.78830502,950
-69.8980574,43.78830413,951
-69.89805382,43.78830324,952
-69.89805024,43.78830235,953
-69.89804665,43.78830146,954
-69.89804307,43.78830057,955
-69.89803949,43.78829968,956
-69.8980359,43.78829879,957
-69.89803232,43.7882979,958
-69.89802874,43.78829701,959
-69.89802515,43.78829612,960
-69.89802157,43.78829523,961
-69.89801799,43.78829434,962
-69.8980144,43.78829345,963
-69.89801082,43.78829256,964
-69.89800724,43.78829167,965
-69.89800365,43.78829078,966
-69.89800007,43.78828989,967
-69.89799648,43.788289,968
-69.8979929,43.78828811,969
-69.89798932,43.78828722,970
-69.89798573,43.78828633,971
-69.89798215,43.78828544,972
-69.89797857,43.78828455,973
-69.89797498,43.78828366,974
-69.8979714,43.78828277,975
-69.89796782,43.78828188,976
-69.89796423,43.78828099,977
-69.89796065,43.7882801,978
-69.89795707,43.78827922,979
-69.89795348,43.78827833,980
-69.8979499,43.78827744,981
-69.89794632,43.78827655,982
-69.89794273,43.78827566,983
-69.89793915,43.78827477,984
-69.89793557,43.78827388,985
-69.89793198,43.78827299,986
-69.8979284,43.7882721,987
-69.89792482,43.78827121,988
-69.89792123,43.78827032,989
-69.89791765,43.78826943,990
-69.89791407,43.78826854,991
-69.89791048,43.78826765,992
-69.8979069,43.78826676,993
-69.89790332,43.78826587,994
-69.89789973,43.78826498,995
-69.89789615,43.78826409,996
-69.89789257,43.7882632,997
-69.89788898,43.78826231,998
-69.8978854,43.78826142,999
-69.89788181,43.78826053,1000
-69.89787823,43.78825964,1001
-69.89787465,43.78825875,1002
-69.89787106,43.78825786,1003
-69.89786748,43.78825697,1004
-69.8978639,43.78825608,1005
-69.89786031,43.78825519,1006
-69.89785673,43.7882543,1007
-69.89785315,43.78825341,1008
-69.89784956,43.78825252,1009
-69.89784598,43.78825163,1010
-69.8978424,43.78825075,1011
-69.89783881,43.78824986,1012
-69.89783523,43.78824897,1013
-69.89783165,43.78824808,1014
-69.89782806,43.78824719,1015
-69.89782448,43.7882463,1016
-69.8978209,43.78824541,1017
-69.89781731,43.78824452,1018
-69.89781373,43.78824363,1019
-69.89781015,43.78824274,1020
-69.89780656,43.78824185,1021
-69.89780298,43.78824096,1022
-69.8977994,43.78824007,1023
-69.89779581,43.78823918,1024
-69.89779223,43.78823829,1025
-69.89778865,43.7882374,1026
-69.89778506,43.78823651,1027
-69.89778148,43.78823562,1028
-69.8977779,43.78823473,1029
-69.89777431,43.78823384,1030
-69.89777073,43.78823295,1031
-69.89776714,43.78823206,1032
-69.89776356,43.78823117,1033
-69.89775998,43.78823028,1034
-69.89775639,43.78822939,1035
-69.89775281,43.7882285,1036
-69.89774923,43.78822761,1037
-69.89774564,43.78822672,1038
-69.89774206,43.78822583,1039
-69.89773848,43.78822494,1040
-69.89773489,43.78822405,1041
-69.89773131,43.78822316,1042
-69.89772773,43.78822227,1043
-69.89772414,43.78822139,1044
-69.89772056,43.7882205,1045
-69.89771698,43.78821961,1046
-69.89771339,43.78821872,1047
-69.89770981,43.78821783,1048
-69.89770623,43.78821694,1049
-69.89770264,43.78821605,1050
-69.89769906,43.78821516,1051
-69.89769548,43.78821427,1052
-69.89769189,43.78821338,1053
-69.89768831,43.78821249,1054
-69.89768473,43.7882116,1055
-69.89768114,43.78821071,1056
-69.89767756,43.78820982,1057
-69.89767398,43.78820893,1058
-69.89767039,43.78820804,1059
-69.89766681,43.78820715,1060
-69.89766323,43.78820626,1061
-69.89765964,43.78820537,1062
-69.89765606,43.78820448,1063
-69.89765247,43.78820359,1064
-69.89764889,43.7882027,1065
-69.89764531,43.78820181,1066
-69.89764172,43.78820092,1067
-69.89763814,43.78820003,1068
-69.89763456,43.78819914,1069
-69.89763097,43.78819825,1070
-69.89762739,43.78819736,1071
-69.89762381,43.78819647,1072
-69.89762022,43.78819558,1073
-69.89761664,43.78819469,1074
-69.89761306,43.7881938,1075
-69.89760947,43.78819291,1076
-69.89760589,43.78819203,1077
-69.89760231,43.78819114,1078
-69.89759872,43.78819025,1079
-69.89759514,43.78818936,1080
-69.89759156,43.78818847,1081
-69.89758797,43.78818758,1082
-69.89758439,43.78818669,1083
-69.89758081,43.7881858,1084
-69.89757722,43.78818491,1085
-69.89757364,43.78818402,1086
-69.89757006,43.78818313,1087
-69.89756647,43.78818224,1088
-69.89756289,43.78818135,1089
-69.89755931,43.78818046,1090
-69.89755572,43.78817957,1091
-69.89755214,43.78817868,1092
-69.89754856,43.78817779,1093
-69.89754497,43.7881769,1094
-69.89754139,43.78817601,1095
-69.8975378,43.78817512,1096
-69.89753422,43.78817423,1097
-69.89753064,43.78817334,1098
-69.89752705,43.78817245,1099
-69.89752347,43.78817156,1100
-69.89751989,43.78817067,1101
-69.8975163,43.78816978,1102
-69.89751272,43.78816889,1103
-69.89750914,43.788168,1104
-69.89750555,43.78816711,1105
-69.89750197,43.78816622,1106
-69.89749839,43.78816533,1107
-69.8974948,43.78816444,1108
-69.89749122,43.78816355,1109
-69.89748764,43.78816267,1110
-69.89748405,43.78816178,1111
-69.89748047,43.78816089,1112
-69.89747689,43.78816,1113
-69.8974733,43.78815911,1114
-69.89746972,43.78815822,1115
-69.89746614,43.78815733,1116
-69.89746255,43.78815644,1117
-69.89745897,43.78815555,1118
-69.89745539,43.78815466,1119
-69.8974518,43.78815377,1120
-69.89744822,43.78815288,1121
-69.89744464,43.78815199,1122
-69.89744105,43.7881511,1123
-69.89743747,43.78815021,1124
-69.89743389,43.78814932,1125
-69.8974303,43.78814843,1126
-69.89742672,43.78814754,1127
-69.89742314,43.78814665,1128
-69.89741955,43.78814576,1129
-69.89741597,43.78814487,1130
-69.89741238,43.78814398,1131
-69.8974088,43.78814309,1132
-69.89740522,43.7881422,1133
-69.89740163,43.78814131,1134
-69.89739805,43.78814042,1135
-69.89739447,43.78813953,1136
-69.89739088,43.78813864,1137
-69.8973873,43.78813775,1138
-69.89738372,43.78813686,1139
-69.89738013,43.78813597,1140
-69.89737655,43.78813508,1141
-69.89737297,43.78813419,1142
-69.89736938,43.7881333,1143
-69.8973658,43.78813242,1144
-69.89736222,43.78813153,1145
-69.89735863,43.78813064,1146
-69.89735505,43.78812975,1147
-69.89735147,43.78812886,1148
-69.89734788,43.78812797,1149
-69.8973443,43.78812708,1150
-69.89734072,43.78812619,1151
-69.89733713,43.7881253,1152
-69.89733355,43.78812441,1153
-69.89732997,43.78812352,1154
-69.89732638,43.78812263,1155
-69.8973228,43.78812174,1156
-69.89731922,43.78812085,1157
-69.89731563,43.78811996,1158
-69.89731205,43.78811907,1159
-69.89730847,43.78811818,1160
-69.89730488,43.78811729,1161
-69.8973013,43.7881164,1162
-69.89729772,43.78811551,1163
-69.89729413,43.78811462,1164
-69.89729055,43.78811373,1165
-69.89728697,43.78811284,1166
-69.89728338,43.78811195,1167
-69.8972798,43.78811106,1168
-69.89727621,43.78811017,1169
-69.89727263,43.78810928,1170
-69.89726905,43.78810839,1171
-69.89726546,43.7881075,1172
-69.89726188,43.78810661,1173
-69.8972583,43.78810572,1174
-69.89725471,43.78810483,1175
-69.89725113,43.78810394,1176
-69.89724755,43.78810305,1177
-69.89724396,43.78810216,1178
-69.89724038,43.78810128,1179
-69.8972368,43.78810039,1180
-69.89723321,43.7880995,1181
-69.89722963,43.78809861,1182
-69.89722605,43.78809772,1183
-69.89722246,43.78809683,1184
-69.89721888,43.78809594,1185
-69.8972153,43.78809505,1186
-69.89721171,43.78809416,1187
-69.89720813,43.78809327,1188
-69.89720455,43.78809238,1189
-69.89720096,43.78809149,1190
-69.89719738,43.7880906,1191
-69.8971938,43.78808971,1192
-69.89719021,43.78808882,1193
-69.89718663,43.78808793,1194
-69.89718305,43.78808704,1195
-69.89717946,43.78808615,1196
-69.89717588,43.78808526,1197
-69.8971723,43.78808437,1198
-69.89716871,43.78808348,1199
-69.89716513,43.78808259,1200
-69.89716155,43.7880817,1201
-69.89715796,43.78808081,1202
-69.89715438,43.78807992,1203
-69.8971508,43.78807903,1204
-69.89714721,43.78807814,1205
-69.89714363,43.78807725,1206
-69.89714004,43.78807636,1207
-69.89713646,43.78807547,1208
-69.89713288,43.78807458,1209
-69.89712929,43.78807369,1210
-69.89712571,43.7880728,1211
-69.89712213,43.78807191,1212
-69.89711854,43.78807102,1213
-69.89711496,43.78807014,1214
-69.89711138,43.78806925,1215
-69.89710779,43.78806836,1216
-69.89710421,43.78806747,1217
-69.89710063,43.78806658,1218
-69.89709704,43.78806569,1219
-69.89709346,43.7880648,1220
-69.89708988,43.78806391,1221
-69.89708629,43.78806302,1222
-69.89708271,43.78806213,1223
-69.89707913,43.78806124,1224
-69.89707554,43.78806035,1225
-69.89707196,43.78805946,1226
-69.89706838,43.78805857,1227
-69.89706479,43.78805768,1228
-69.89706121,43.78805679,1229
-69.89705763,43.7880559,1230
-69.89705404,43.78805501,1231
-69.89705046,43.78805412,1232
-69.89704688,43.78805323,1233
-69.89704329,43.78805234,1234
-69.89703971,43.78805145,1235
-69.89703613,43.78805056,1236
-69.89703254,43.78804967,1237
-69.89702896,43.78804878,1238
-69.89702538,43.78804789,1239
-69.89702179,43.788047,1240
-69.89701821,43.78804611,1241
-69.89701463,43.78804522,1242
-69.89701104,43.78804433,1243
-69.89700746,43.78804344,1244
-69.89700388,43.78804255,1245
-69.89700029,43.78804166,1246
-69.89699671,43.78804077,1247
-69.89699312,43.78803988,1248
-69.89698954,43.788039,1249
-69.89698596,43.78803811,1250
-69.89698237,43.78803722,1251
-69.89697879,43.78803633,1252
-69.89697521,43.78803544,1253
-69.89697162,43.78803455,1254
-69.89696804,43.78803366,1255
-69.89696446,43.78803277,1256
-69.89696087,43.78803188,1257
-69.89695729,43.78803099,1258
-69.89695371,43.7880301,1259
-69.89695012,43.78802921,1260
-69.89694654,43.78802832,1261
-69.89694296,43.78802743,1262
-69.89693937,43.78802654,1263
-69.89693579,43.78802565,1264
-69.89693221,43.78802476,1265
-69.89692862,43.78802387,1266
-69.89692504,43.78802298,1267
-69.89692146,43.78802209,1268
-69.89691787,43.7880212,1269
-69.89691429,43.78802031,1270
-69.89691071,43.78801942,1271
-69.89690712,43.78801853,1272
-69.89690354,43.78801764,1273
-69.89689996,43.78801675,1274
-69.89689637,43.78801586,1275
-69.89689279,43.78801497,1276
-69.89688921,43.78801408,1277
-69.89688562,43.78801319,1278
-69.89688204,43.7880123,1279
-69.89687846,43.78801141,1280
-69.89687487,43.78801052,1281
-69.89687129,43.78800963,1282
-69.89686771,43.78800874,1283
-69.89686412,43.78800785,1284
-69.89686054,43.78800697,1285
-69.89685696,43.78800608,1286
-69.89685337,43.78800519,1287
-69.89684979,43.7880043,1288
-69.8968462,43.78800341,1289
-69.89684262,43.78800252,1290
-69.89683904,43.78800163,1291
-69.89683545,43.78800074,1292
-69.89683187,43.78799985,1293
-69.89682829,43.78799896,1294
-69.8968247,43.78799807,1295
-69.89682112,43.78799718,1296
-69.89681754,43.78799629,1297
-69.89681395,43.7879954,1298
-69.89681037,43.78799451,1299
-69.89680679,43.78799362,1300
-69.8968032,43.78799273,1301
-69.89679962,43.78799184,1302
-69.89679604,43.78799095,1303
-69.89679245,43.78799006,1304
-69.89678887,43.78798917,1305
-69.89678529,43.78798828,1306
-69.8967817,43.78798739,1307
-69.89677812,43.7879865,1308
-69.89677454,43.78798561,1309
-69.89677095,43.78798472,1310
-69.89676737,43.78798383,1311
-69.89676379,43.78798294,1312
-69.8967602,43.78798205,1313
-69.89675662,43.78798116,1314
-69.89675304,43.78798027,1315
-69.89674945,43.78797938,1316
-69.89674587,43.78797849,1317
-69.89674229,43.7879776,1318
-69.8967387,43.78797671,1319
-69.89673512,43.78797582,1320
-69.89673154,43.78797494,1321
-69.89672795,43.78797405,1322
-69.89672437,43.78797316,1323
-69.89672079,43.78797227,1324
-69.8967172,43.78797138,1325
-69.89671362,43.78797049,1326
-69.89671004,43.7879696,1327
-69.89670645,43.78796871,1328
-69.89670287,43.78796782,1329
-69.89669929,43.78796693,1330
-69.8966957,43.78796604,1331
-69.89669212,43.78796515,1332
-69.89668853,43.78796426,1333
-69.89668495,43.78796337,1334
-69.89668137,43.78796248,1335
-69.89667778,43.78796159,1336
-69.8966742,43.7879607,1337
-69.89667062,43.78795981,1338
-69.89666703,43.78795892,1339
-69.89666345,43.78795803,1340
-69.89665987,43.78795714,1341
-69.89665628,43.78795625,1342
-69.8966527,43.78795536,1343
-69.89664912,43.78795447,1344
-69.89664553,43.78795358,1345
-69.89664195,43.78795269,1346
-69.89663837,43.7879518,1347
-69.89663478,43.78795091,1348
-69.8966312,43.78795002,1349
-69.89662762,43.78794913,1350
-69.89662403,43.78794824,1351
-69.89662045,43.78794735,1352
-69.89661687,43.78794646,1353
-69.89661328,43.78794557,1354
-69.8966097,43.78794468,1355
-69.89660612,43.78794379,1356
-69.89660253,43.7879429,1357
-69.89659895,43.78794202,1358
-69.89659537,43.78794113,1359
-69.89659178,43.78794024,1360
-69.8965882,43.78793935,1361
-69.89658462,43.78793846,1362
-69.89658103,43.78793757,1363
-69.89657745,43.78793668,1364
-69.89657387,43.78793579,1365
-69.89657028,43.7879349,1366
-69.8965667,43.78793401,1367
-69.89656312,43.78793312,1368
-69.89655953,43.78793223,1369
-69.89655595,43.78793134,1370
-69.89655237,43.78793045,1371
-69.89654878,43.78792956,1372
-69.8965452,43.78792867,1373
-69.89654162,43.78792778,1374
-69.89653803,43.78792689,1375
-69.89653445,43.787926,1376
-69.89653087,43.78792511,1377
-69.89652728,43.78792422,1378
-69.8965237,43.78792333,1379
-69.89652012,43.78792244,1380
-69.89651653,43.78792155,1381
-69.89651295,43.78792066,1382
-69.89650936,43.78791977,1383
-69.89650578,43.78791888,1384
-69.8965022,43.78791799,1385
-69.89649861,43.7879171,1386
-69.89649503,43.78791621,1387
-69.89649145,43.78791532,1388
-69.89648786,43.78791443,1389
-69.89648428,43.78791354,1390
-69.8964807,43.78791265,1391
-69.89647711,43.78791176,1392
-69.89647353,43.78791087,1393
-69.89646995,43.78790998,1394
-69.89646636,43.78790909,1395
-69.89646278,43.78790821,1396
-69.8964592,43.78790732,1397
-69.89645561,43.78790643,1398
-69.89645203,43.78790554,1399
-69.89644845,43.78790465,1400
-69.89644486,43.78790376,1401
-69.89644128,43.78790287,1402
-69.8964377,43.78790198,1403
-69.89643411,43.78790109,1404
-69.89643053,43.7879002,1405
-69.89642695,43.78789931,1406
-69.89642336,43.78789842,1407
-69.89641978,43.78789753,1408
-69.8964162,43.78789664,1409
-69.89641261,43.78789575,1410
-69.89640903,43.78789486,1411
-69.89640545,43.78789397,1412
-69.89640186,43.78789308,1413
-69.89639828,43.78789219,1414
-69.8963947,43.7878913,1415
-69.89639111,43.78789041,1416
-69.89638753,43.78788952,1417
-69.89638395,43.78788863,1418
-69.89638036,43.78788774,1419
-69.89637678,43.78788685,1420
-69.8963732,43.78788596,1421
-69.89636961,43.78788507,1422
-69.89636603,43.78788418,1423
-69.89636245,43.78788329,1424
-69.89635886,43.7878824,1425
-69.89635528,43.78788151,1426
-69.8963517,43.78788062,1427
-69.89634811,43.78787973,1428
-69.89634453,43.78787884,1429
-69.89634095,43.78787795,1430
-69.89633736,43.78787706,1431
-69.89633378,43.78787617,1432
-69.89633019,43.78787528,1433
-69.89632661,43.7878744,1434
-69.89632303,43.78787351,1435
-69.89631944,43.78787262,1436
-69.89631586,43.78787173,1437
-69.89631228,43.78787084,1438
-69.89630869,43.78786995,1439
-69.89630511,43.78786906,1440
-69.89630153,43.78786817,1441
-69.89629794,43.78786728,1442
-69.89629436,43.78786639,1443
-69.89629078,43.7878655,1444
-69.89628719,43.78786461,1445
-69.89628361,43.78786372,1446
-69.89628003,43.78786283,1447
-69.89627644,43.78786194,1448
-69.89627286,43.78786105,1449
-69.89626928,43.78786016,1450
-69.89626569,43.78785927,1451
-69.89626211,43.78785838,1452
-69.89625853,43.78785749,1453
-69.89625494,43.7878566,1454
-69.89625136,43.78785571,1455
-69.89624778,43.78785482,1456
-69.89624419,43.78785393,1457
-69.89624061,43.78785304,1458
-69.89623703,43.78785215,1459
-69.89623344,43.78785126,1460
-69.89622986,43.78785037,1461
-69.89622628,43.78784948,1462
-69.89622269,43.78784859,1463
-69.89621911,43.7878477,1464
-69.89621553,43.78784681,1465
-69.89621194,43.78784592,1466
-69.89620836,43.78784503,1467
-69.89620478,43.78784414,1468
-69.89620119,43.78784325,1469
-69.89619761,43.78784236,1470
-69.89619403,43.78784147,1471
-69.89619044,43.78784058,1472
-69.89618686,43.7878397,1473
-69.89618328,43.78783881,1474
-69.89617969,43.78783792,1475
-69.89617611,43.78783703,1476
-69.89617253,43.78783614,1477
-69.89616894,43.78783525,1478
-69.89616536,43.78783436,1479
-69.89616178,43.78783347,1480
-69.89615819,43.78783258,1481
-69.89615461,43.78783169,1482
-69.89615103,43.7878308,1483
-69.89614744,43.78782991,1484
-69.89614386,43.78782902,1485
-69.89614028,43.78782813,1486
-69.89613669,43.78782724,1487
-69.89613311,43.78782635,1488
-69.89612953,43.78782546,1489
-69.89612594,43.78782457,1490
-69.89612236,43.78782368,1491
-69.89611877,43.78782279,1492
-69.89611519,43.7878219,1493
-69.89611161,43.78782101,1494
-69.89610802,43.78782012,1495
-69.89610444,43.78781923,1496
-69.89610086,43.78781834,1497
-69.89609727,43.78781745,1498
-69.89609369,43.78781656,1499
-69.89609011,43.78781567,1500
-69.89608652,43.78781478,1501
-69.89608294,43.78781389,1502
-69.89607936,43.787813,1503
-69.89607577,43.78781211,1504
-69.89607219,43.78781122,1505
-69.89606861,43.78781033,1506
-69.89606502,43.78780944,1507
-69.89606144,43.78780855,1508
-69.89605786,43.78780766,1509
-69.89605427,43.78780677,1510
-69.89605069,43.78780588,1511
-69.89604711,43.78780499,1512
-69.89604352,43.78780411,1513
-69.89603994,43.78780322,1514
-69.89603636,43.78780233,1515
-69.89603277,43.78780144,1516
-69.89602919,43.78780055,1517
-69.89602561,43.78779966,1518
-69.89602202,43.78779877,1519
-69.89601844,43.78779788,1520
-69.89601486,43.78779699,1521
-69.89601127,43.7877961,1522
-69.89600769,43.78779521,1523
-69.89600411,43.78779432,1524
-69.89600052,43.78779343,1525
-69.89599694,43.78779254,1526
-69.89599336,43.78779165,1527
-69.89598977,43.78779076,1528
-69.89598619,43.78778987,1529
-69.89598261,43.78778898,1530
-69.89597902,43.78778809,1531
-69.89597544,43.7877872,1532
-69.89597186,43.78778631,1533
-69.89596827,43.78778542,1534
-69.89596469,43.78778453,1535
-69.89596111,43.78778364,1536
-69.89595752,43.78778275,1537
-69.89595394,43.78778186,1538
-69.89595036,43.78778097,1539
-69.89594677,43.78778008,1540
-69.89594319,43.78777919,1541
-69.89593961,43.7877783,1542
-69.89593602,43.78777741,1543
-69.89593244,43.78777652,1544
-69.89592886,43.78777563,1545
-69.89592527,43.78777474,1546
-69.89592169,43.78777385,1547
-69.89591811,43.78777296,1548
-69.89591452,43.78777207,1549
-69.89591094,43.78777118,1550
-69.89590736,43.78777029,1551
-69.89590377,43.7877694,1552
-69.89590019,43.78776852,1553
-69.8958966,43.78776763,1554
-69.89589302,43.78776674,1555
-69.89588944,43.78776585,1556
-69.89588585,43.78776496,1557
-69.89588227,43.78776407,1558
-69.89587869,43.78776318,1559
-69.8958751,43.78776229,1560
-69.89587152,43.7877614,1561
-69.89586794,43.78776051,1562
-69.89586435,43.78775962,1563
-69.89586077,43.78775873,1564
-69.89585719,43.78775784,1565
-69.8958536,43.78775695,1566
-69.89585002,43.78775606,1567
-69.89584644,43.78775517,1568
-69.89584285,43.78775428,1569
-69.89583927,43.78775339,1570
-69.89583569,43.7877525,1571
-69.8958321,43.78775161,1572
-69.89582852,43.78775072,1573
-69.89582494,43.78774983,1574
-69.89582135,43.78774894,1575
-69.89581777,43.78774805,1576
-69.89581419,43.78774716,1577
-69.8958106,43.78774627,1578
-69.89580702,43.78774538,1579
-69.89580344,43.78774449,1580
-69.89579985,43.7877436,1581
-69.89579627,43.78774271,1582
-69.89579269,43.78774182,1583
-69.8957891,43.78774093,1584
-69.89578552,43.78774004,1585
-69.89578194,43.78773915,1586
-69.89577835,43.78773826,1587
-69.89577477,43.78773737,1588
-69.89577119,43.78773648,1589
-69.8957676,43.78773559,1590
-69.89576402,43.7877347,1591
-69.89576044,43.78773381,1592
-69.89575685,43.78773292,1593
-69.89575327,43.78773204,1594
-69.89574969,43.78773115,1595
-69.8957461,43.78773026,1596
-69.89574252,43.78772937,1597
-69.89573894,43.78772848,1598
-69.89573535,43.78772759,1599
-69.89573177,43.7877267,1600
-69.89572819,43.78772581,1601
-69.8957246,43.78772492,1602
-69.89572102,43.78772403,1603
-69.89571744,43.78772314,1604
-69.89571385,43.78772225,1605
-69.89571027,43.78772136,1606
-69.89570669,43.78772047,1607
-69.8957031,43.78771958,1608
-69.89569952,43.78771869,1609
-69.89569594,43.7877178,1610
-69.89569235,43.78771691,1611
-69.89568877,43.78771602,1612
-69.89568519,43.78771513,1613
-69.8956816,43.78771424,1614
-69.89567802,43.78771335,1615
-69.89567444,43.78771246,1616
-69.89567085,43.78771157,1617
-69.89566727,43.78771068,1618
-69.89566369,43.78770979,1619
-69.8956601,43.7877089,1620
-69.89565652,43.78770801,1621
-69.89565294,43.78770712,1622
-69.89564935,43.78770623,1623
-69.89564577,43.78770534,1624
-69.89564219,43.78770445,1625
-69.8956386,43.78770356,1626
-69.89563502,43.78770267,1627
-69.89563143,43.78770178,1628
-69.89562785,43.78770089,1629
-69.89562427,43.7877,1630
-69.89562068,43.78769911,1631
-69.8956171,43.78769822,1632
-69.89561352,43.78769733,1633
-69.89560993,43.78769644,1634
-69.89560635,43.78769555,1635
-69.89560277,43.78769467,1636
-69.89559918,43.78769378,1637
-69.8955956,43.78769289,1638
-69.89559202,43.787692,1639
-69.89558843,43.78769111,1640
-69.89558485,43.78769022,1641
-69.89558127,43.78768933,1642
-69.89557768,43.78768844,1643
-69.8955741,43.78768755,1644
-69.89557052,43.78768666,1645
-69.89556693,43.78768577,1646
-69.89556335,43.78768488,1647
-69.89555977,43.78768399,1648
-69.89555618,43.7876831,1649
-69.8955526,43.78768221,1650
-69.89554902,43.78768132,1651
-69.89554543,43.78768043,1652
-69.89554185,43.78767954,1653
-69.89553827,43.78767865,1654
-69.89553468,43.78767776,1655
-69.8955311,43.78767687,1656
-69.89552752,43.78767598,1657
-69.89552393,43.78767509,1658
-69.89552035,43.7876742,1659
-69.89551677,43.78767331,1660
-69.89551318,43.78767242,1661
-69.8955096,43.78767153,1662
-69.89550602,43.78767064,1663
-69.89550243,43.78766975,1664
-69.89549885,43.78766886,1665
-69.89549527,43.78766797,1666
-69.89549168,43.78766708,1667
-69.8954881,43.78766619,1668
-69.89548452,43.7876653,1669
-69.89548093,43.78766441,1670
-69.89547735,43.78766352,1671
-69.89547377,43.78766263,1672
-69.89547018,43.78766174,1673
-69.8954666,43.78766085,1674
-69.89546302,43.78765996,1675
-69.89545943,43.78765907,1676
-69.89545585,43.78765818,1677
-69.89545227,43.78765729,1678
-69.89544868,43.78765641,1679
-69.8954451,43.78765552,1680
-69.89544152,43.78765463,1681
-69.89543793,43.78765374,1682
-69.89543435,43.78765285,1683
-69.89543077,43.78765196,1684
-69.89542718,43.78765107,1685
-69.8954236,43.78765018,1686
-69.89542002,43.78764929,1687
-69.89541643,43.7876484,1688
-69.89541285,43.78764751,1689
-69.89540927,43.78764662,1690
-69.89540568,43.78764573,1691
-69.8954021,43.78764484,1692
-69.89539852,43.78764395,1693
-69.89539493,43.78764306,1694
-69.89539135,43.78764217,1695
-69.89538777,43.78764128,1696
-69.89538418,43.78764039,1697
-69.8953806,43.7876395,1698
-69.89537702,43.78763861,1699
-69.89537343,43.78763772,1700
-69.89536985,43.78763683,1701
-69.89536627,43.78763594,1702
-69.89536268,43.78763505,1703
-69.8953591,43.78763416,1704
-69.89535552,43.78763327,1705
-69.89535193,43.78763238,1706
-69.89534835,43.78763149,1707
-69.89534477,43.7876306,1708
-69.89534118,43.78762971,1709
-69.8953376,43.78762882,1710
-69.89533402,43.78762793,1711
-69.89533043,43.78762704,1712
-69.89532685,43.78762615,1713
-69.89532327,43.78762526,1714
-69.89531968,43.78762437,1715
-69.8953161,43.78762348,1716
-69.89531252,43.78762259,1717
-69.89530893,43.7876217,1718
-69.89530535,43.78762081,1719
-69.89530176,43.78761992,1720
-69.89529818,43.78761903,1721
-69.8952946,43.78761815,1722
-69.89529101,43.78761726,1723
-69.89528743,43.78761637,1724
-69.89528385,43.78761548,1725
-69.89528026,43.78761459,1726
-69.89527668,43.7876137,1727
-69.8952731,43.78761281,1728
-69.89526951,43.78761192,1729
-69.89526593,43.78761103,1730
-69.89526235,43.78761014,1731
-69.89525876,43.78760925,1732
-69.89525518,43.78760836,1733
-69.8952516,43.78760747,1734
-69.89524801,43.78760658,1735
-69.89524443,43.78760569,1736
-69.89524085,43.7876048,1737
-69.89523726,43.78760391,1738
-69.89523368,43.78760302,1739
-69.8952301,43.78760213,1740
-69.89522651,43.78760124,1741
-69.89522293,43.78760035,1742
-69.89521935,43.78759946,1743
-69.89521576,43.78759857,1744
-69.89521218,43.78759768,1745
-69.8952086,43.78759679,1746
-69.89520501,43.7875959,1747
-69.89520143,43.78759501,1748
-69.89519785,43.78759412,1749
-69.89519426,43.78759323,1750
-69.89519068,43.78759234,1751
-69.8951871,43.78759145,1752
-69.89518351,43.78759056,1753
-69.89517993,43.78758967,1754
-69.89517635,43.78758878,1755
-69.89517276,43.78758789,1756
-69.89516918,43.787587,1757
-69.8951656,43.78758611,1758
-69.89516201,43.78758522,1759
-69.89515843,43.78758433,1760
-69.89515485,43.78758344,1761
-69.89515126,43.78758255,1762
-69.89514768,43.78758166,1763
-69.8951441,43.78758077,1764
-69.89514051,43.78757988,1765
-69.89513693,43.78757899,1766
-69.89513335,43.78757811,1767
-69.89512976,43.78757722,1768
-69.89512618,43.78757633,1769
-69.8951226,43.78757544,1770
-69.89511901,43.78757455,1771
-69.89511543,43.78757366,1772
-69.89511185,43.78757277,1773
-69.89510826,43.78757188,1774
-69.89510468,43.78757099,1775
-69.8951011,43.7875701,1776
-69.89509751,43.78756921,1777
-69.89509393,43.78756832,1778
-69.89509035,43.78756743,1779
-69.89508676,43.78756654,1780
-69.89508318,43.78756565,1781
-69.8950796,43.78756476,1782
-69.89507601,43.78756387,1783
-69.89507243,43.78756298,1784
-69.89506885,43.78756209,1785
-69.89506526,43.7875612,1786
-69.89506168,43.78756031,1787
-69.8950581,43.78755942,1788
-69.89505451,43.78755853,1789
-69.89505093,43.78755764,1790
-69.89504735,43.78755675,1791
-69.89504376,43.78755586,1792
-69.89504018,43.78755497,1793
-69.8950366,43.78755408,1794
-69.89503301,43.78755319,1795
-69.89502943,43.7875523,1796
-69.89502585,43.78755141,1797
-69.89502226,43.78755052,1798
-69.89501868,43.78754963,1799
-69.8950151,43.78754874,1800
-69.89501151,43.78754785,1801
-69.89500793,43.78754696,1802
-69.89500435,43.78754607,1803
-69.89500076,43.78754518,1804
-69.89499718,43.78754429,1805
-69.8949936,43.7875434,1806
-69.89499001,43.78754251,1807
-69.89498643,43.78754162,1808
-69.89498285,43.78754073,1809
-69.89497926,43.78753984,1810
-69.89497568,43.78753895,1811
-69.8949721,43.78753807,1812
-69.89496851,43.78753718,1813
-69.89496493,43.78753629,1814
-69.89496135,43.7875354,1815
-69.89495776,43.78753451,1816
-69.89495418,43.78753362,1817
-69.8949506,43.78753273,1818
-69.89494701,43.78753184,1819
-69.89494343,43.78753095,1820
-69.89493985,43.78753006,1821
-69.89493626,43.78752917,1822
-69.89493268,43.78752828,1823
-69.8949291,43.78752739,1824
-69.89492551,43.7875265,1825
-69.89492193,43.78752561,1826
-69.89491835,43.78752472,1827
-69.89491476,43.78752383,1828
-69.89491118,43.78752294,1829
-69.8949076,43.78752205,1830
-69.89490401,43.78752116,1831
-69.89490043,43.78752027,1832
-69.89489685,43.78751938,1833
-69.89489326,43.78751849,1834
-69.89488968,43.7875176,1835
-69.8948861,43.78751671,1836
-69.89488251,43.78751582,1837
-69.89487893,43.78751493,1838
-69.89487535,43.78751404,1839
-69.89487176,43.78751315,1840
-69.89486818,43.78751226,1841
-69.8948646,43.78751137,1842
-69.89486101,43.78751048,1843
-69.89485743,43.78750959,1844
-69.89485385,43.7875087,1845
-69.89485026,43.78750781,1846
-69.89484668,43.78750692,1847
-69.8948431,43.78750603,1848
-69.89483951,43.78750514,1849
-69.89483593,43.78750425,1850
-69.89483235,43.78750336,1851
-69.89482876,43.78750247,1852
-69.89482518,43.78750158,1853
-69.8948216,43.78750069,1854
-69.89481801,43.7874998,1855
-69.89481443,43.78749891,1856
-69.89481084,43.78749802,1857
-69.89480726,43.78749713,1858
-69.89480368,43.78749625,1859
-69.89480009,43.78749536,1860
-69.89479651,43.78749447,1861
-69.89479293,43.78749358,1862
-69.89478934,43.78749269,1863
-69.89478576,43.7874918,1864
-69.89478218,43.78749091,1865
-69.89477859,43.78749002,1866
-69.89477501,43.78748913,1867
-69.89477143,43.78748824,1868
-69.89476784,43.78748735,1869
-69.89476426,43.78748646,1870
-69.89476068,43.78748557,1871
-69.89475709,43.78748468,1872
-69.89475351,43.78748379,1873
-69.89474993,43.7874829,1874
-69.89474634,43.78748201,1875
-69.89474276,43.78748112,1876
-69.89473918,43.78748023,1877
-69.89473559,43.78747934,1878
-69.89473201,43.78747845,1879
-69.89472843,43.78747756,1880
-69.89472484,43.78747667,1881
-69.89472126,43.78747578,1882
-69.89471768,43.78747489,1883
-69.89471409,43.787474,1884
-69.89471051,43.78747311,1885
-69.89470693,43.78747222,1886
-69.89470334,43.78747133,1887
-69.89469976,43.78747044,1888
-69.89469618,43.78746955,1889
-69.89469259,43.78746866,1890
-69.89468901,43.78746777,1891
-69.89468543,43.78746688,1892
-69.89468184,43.78746599,1893
-69.89467826,43.7874651,1894
-69.89467468,43.78746421,1895
-69.89467109,43.78746332,1896
-69.89466751,43.78746243,1897
-69.89466393,43.78746154,1898
-69.89466034,43.78746065,1899
-69.89465676,43.78745976,1900
-69.89465318,43.78745887,1901
-69.89464959,43.78745798,1902
-69.89464601,43.78745709,1903
-69.89464243,43.7874562,1904
-69.89463884,43.78745531,1905
-69.89463526,43.78745442,1906
-69.89463168,43.78745354,1907
-69.89462809,43.78745265,1908
-69.89462451,43.78745176,1909
-69.89462093,43.78745087,1910
-69.89461734,43.78744998,1911
-69.89461376,43.78744909,1912
-69.89461018,43.7874482,1913
-69.89460659,43.78744731,1914
-69.89460301,43.78744642,1915
-69.89459943,43.78744553,1916
-69.89459584,43.78744464,1917
-69.89459226,43.78744375,1918
-69.89458868,43.78744286,1919
-69.89458509,43.78744197,1920
-69.89458151,43.78744108,1921
-69.89457793,43.78744019,1922
-69.89457434,43.7874393,1923
-69.89457076,43.78743841,1924
-69.89456718,43.78743752,1925
-69.89456359,43.78743663,1926
-69.89456001,43.78743574,1927
-69.89455643,43.78743485,1928
-69.89455284,43.78743396,1929
-69.89454926,43.78743307,1930
-69.89454568,43.78743218,1931
-69.89454209,43.78743129,1932
-69.89453851,43.7874304,1933
-69.89453493,43.78742951,1934
-69.89453134,43.78742862,1935
-69.89452776,43.78742773,1936
-69.89452418,43.78742684,1937
-69.89452059,43.78742595,1938
-69.89451701,43.78742506,1939
-69.89451343,43.78742417,1940
-69.89450984,43.78742328,1941
-69.89450626,43.78742239,1942
-69.89450268,43.7874215,1943
-69.89449909,43.78742061,1944
-69.89449551,43.78741972,1945
-69.89449193,43.78741883,1946
-69.89448834,43.78741794,1947
-69.89448476,43.78741705,1948
-69.89448118,43.78741616,1949
-69.89447759,43.78741527,1950
-69.89447401,43.78741438,1951
-69.89447043,43.78741349,1952
-69.89446684,43.7874126,1953
-69.89446326,43.78741171,1954
-69.89445968,43.78741082,1955
-69.89445609,43.78740994,1956
-69.89445251,43.78740905,1957
-69.89444893,43.78740816,1958
-69.89444534,43.78740727,1959
-69.89444176,43.78740638,1960
-69.89443818,43.78740549,1961
-69.89443459,43.7874046,1962
-69.89443101,43.78740371,1963
-69.89442743,43.78740282,1964
-69.89442384,43.78740193,1965
-69.89442026,43.78740104,1966
-69.89441668,43.78740015,1967
-69.89441309,43.78739926,1968
-69.89440951,43.78739837,1969
-69.89440593,43.78739748,1970
-69.89440234,43.78739659,1971
-69.89439876,43.7873957,1972
-69.89439518,43.78739481,1973
-69.89439159,43.78739392,1974
-69.89438801,43.78739303,1975
-69.89438443,43.78739214,1976
-69.89438084,43.78739125,1977
-69.89437726,43.78739036,1978
-69.89437368,43.78738947,1979
-69.89437009,43.78738858,1980
-69.89436651,43.78738769,1981
